kind;v2;label;h1;h2;robusto;ent_dd;pru_mes;pru_anual;pru_dd;pru_3pct;ent_anual
scalper;True;scalper neat long · scalper · lateral+alcista+incertidumbre · expo 0.1 · stop 15% · span 2.5% · venta 0.5–1.5% · suave · 3 monedas · graceful-stop 0.03;-0,27;-0,82;-0,82;-24,79;0,0;0,0;0,0;0,0;-6,75
scalper;True;scalper neat long · lag_long · lateral+alcista+incertidumbre · expo 0.1 · stop 15% · span 2.5% · venta 0.5–1.5% · suave · 3 monedas · graceful-stop 0.03;-0,97;-0,06;-0,97;-24,76;0,0;0,0;0,0;0,0;-6,74
scalper;True;scalper neat long · scalper · lateral+alcista+incertidumbre · expo 0.1 · stop 15% · span 2.5% · venta 1.0–2.4% · suave · 3 monedas · graceful-stop 0.03;-0,02;-0,73;-0,73;-24,81;0,0;0,0;0,0;0,0;-4,74
scalper;True;scalper neat long · scalper · lateral+alcista+incertidumbre · expo 0.1 · stop 15% · span 5.0% · venta 0.5–1.5% · suave · 3 monedas · graceful-stop 0.03;-0,71;-0,44;-0,71;-24,84;0,0;0,0;0,0;0,0;-7,2
scalper;True;scalper neat long · scalper · lateral+alcista+incertidumbre · expo 0.1 · stop sin stop · span 2.5% · venta 1.0–2.4% · suave · 3 monedas · graceful-stop 0.03;-0,02;-0,73;-0,73;-24,81;0,0;0,0;0,0;0,0;-4,74
scalper;True;scalper neat long · scalper · lateral+alcista+incertidumbre · expo 0.1 · stop sin stop · span 2.5% · venta 0.5–1.5% · suave · 3 monedas · graceful-stop 0.03;-0,27;-0,82;-0,82;-24,79;0,0;0,0;0,0;0,0;-6,75
scalper;True;scalper neat long · scalper · lateral+alcista+incertidumbre · expo 0.1 · stop sin stop · span 5.0% · venta 0.5–1.5% · suave · 3 monedas · graceful-stop 0.03;-0,71;-0,44;-0,71;-24,84;0,0;0,0;0,0;0,0;-7,2
scalper;True;scalper neat long · lag_long · lateral+alcista+incertidumbre · expo 0.1 · stop sin stop · span 2.5% · venta 0.5–1.5% · suave · 3 monedas · graceful-stop 0.03;-0,97;-0,06;-0,97;-24,76;0,0;0,0;0,0;0,0;-6,74
scalper;True;scalper neat long · lag_long · lateral+alcista+incertidumbre · expo 0.1 · stop 15% · span 2.5% · venta 1.0–2.4% · suave · 3 monedas · graceful-stop 0.03;-0,77;0,46;-0,77;-22,92;-0,38;-4,78;-13,99;3,1;-2,51
scalper;True;scalper neat long · scalper · lateral+alcista+incertidumbre · expo 0.1 · stop 15% · span 5.0% · venta 1.0–2.4% · suave · 3 monedas · graceful-stop 0.03;-0,36;-0,32;-0,36;-23,3;-0,18;-2,18;-8,22;0,0;-4,42
scalper;True;scalper neat long · lag_long · lateral+alcista+incertidumbre · expo 0.1 · stop sin stop · span 2.5% · venta 1.0–2.4% · suave · 3 monedas · graceful-stop 0.03;-0,77;0,46;-0,77;-22,92;-0,38;-4,78;-13,99;3,1;-2,51
scalper;True;scalper neat long · lag_long · lateral+alcista+incertidumbre · expo 0.1 · stop 15% · span 5.0% · venta 0.5–1.5% · suave · 3 monedas · graceful-stop 0.03;-0,64;0,33;-0,64;-18,96;-0,45;-5,58;-14,34;3,1;-2,24
scalper;True;scalper neat long · lag_long · lateral+alcista+incertidumbre · expo 0.1 · stop 15% · span 5.0% · venta 1.0–2.4% · suave · 3 monedas · graceful-stop 0.03;-0,54;0,59;-0,54;-18,61;-0,61;-7,58;-22,28;6,2;-0,1
scalper;True;scalper neat long · lag_long · lateral+alcista+incertidumbre · expo 0.1 · stop sin stop · span 5.0% · venta 0.5–1.5% · suave · 3 monedas · graceful-stop 0.03;-0,64;0,33;-0,64;-18,96;-0,45;-5,58;-14,34;3,1;-2,24
scalper;True;scalper neat long · scalper · lateral+alcista+incertidumbre · expo 0.1 · stop sin stop · span 5.0% · venta 1.0–2.4% · suave · 3 monedas · graceful-stop 0.03;-0,36;-0,32;-0,36;-23,3;-0,18;-2,18;-8,22;0,0;-4,42
scalper;True;scalper neat long · scalper · lateral+alcista+incertidumbre · expo 0.1 · stop 15% · span 2.5% · venta 0.5–1.5% · suave · 3 monedas · graceful-stop 0.05;-0,1;-0,79;-0,79;-24,71;0,0;0,0;0,0;0,0;-5,61
scalper;True;scalper neat long · scalper · lateral+alcista+incertidumbre · expo 0.1 · stop 15% · span 2.5% · venta 1.0–2.4% · suave · 3 monedas · graceful-stop 0.05;0,16;-0,73;-0,73;-24,83;0,0;0,0;0,0;0,0;-3,63
scalper;True;scalper neat long · lag_long · lateral+alcista+incertidumbre · expo 0.1 · stop 15% · span 2.5% · venta 0.5–1.5% · suave · 3 monedas · graceful-stop 0.05;-0,94;-0,06;-0,94;-24,39;0,0;0,0;0,0;0,0;-6,55
scalper;True;scalper neat long · lag_long · lateral+alcista+incertidumbre · expo 0.1 · stop sin stop · span 5.0% · venta 1.0–2.4% · suave · 3 monedas · graceful-stop 0.03;-0,54;0,59;-0,54;-18,61;-0,61;-7,58;-22,28;6,2;-0,1
scalper;True;scalper neat long · scalper · lateral+alcista+incertidumbre · expo 0.1 · stop 15% · span 5.0% · venta 1.0–2.4% · suave · 3 monedas · graceful-stop 0.05;-0,06;-0,18;-0,18;-19,07;-0,38;-4,61;-14,25;3,1;-1,74
scalper;True;scalper neat long · scalper · lateral+alcista+incertidumbre · expo 0.1 · stop 15% · span 5.0% · venta 0.5–1.5% · suave · 3 monedas · graceful-stop 0.05;-0,38;-0,22;-0,38;-21,87;-0,32;-3,85;-11,86;0,0;-3,95
scalper;True;scalper neat long · lag_long · lateral+alcista+incertidumbre · expo 0.1 · stop 15% · span 2.5% · venta 1.0–2.4% · suave · 3 monedas · graceful-stop 0.05;-0,52;0,05;-0,52;-22,08;-0,23;-2,87;-8,83;3,1;-3,41
scalper;True;scalper neat long · scalper · lateral+alcista+incertidumbre · expo 0.1 · stop sin stop · span 2.5% · venta 0.5–1.5% · suave · 3 monedas · graceful-stop 0.05;-0,1;-0,79;-0,79;-24,71;0,0;0,0;0,0;0,0;-5,61
scalper;True;scalper neat long · lag_long · lateral+alcista+incertidumbre · expo 0.1 · stop sin stop · span 2.5% · venta 0.5–1.5% · suave · 3 monedas · graceful-stop 0.05;-0,94;-0,06;-0,94;-24,39;0,0;0,0;0,0;0,0;-6,55
scalper;True;scalper neat long · lag_long · lateral+alcista+incertidumbre · expo 0.1 · stop sin stop · span 2.5% · venta 1.0–2.4% · suave · 3 monedas · graceful-stop 0.05;-0,52;0,05;-0,52;-22,08;-0,23;-2,87;-8,83;3,1;-3,41
scalper;True;scalper neat long · scalper · lateral+alcista+incertidumbre · expo 0.1 · stop sin stop · span 2.5% · venta 1.0–2.4% · suave · 3 monedas · graceful-stop 0.05;0,16;-0,73;-0,73;-24,83;0,0;0,0;0,0;0,0;-3,63
scalper;True;scalper neat long · lag_long · lateral+alcista+incertidumbre · expo 0.1 · stop 15% · span 5.0% · venta 0.5–1.5% · suave · 3 monedas · graceful-stop 0.05;-0,5;0,21;-0,5;-21,84;-0,41;-5,17;-13,74;3,1;-2,15
scalper;True;scalper neat long · lag_long · lateral+alcista+incertidumbre · expo 0.1 · stop 15% · span 5.0% · venta 1.0–2.4% · suave · 3 monedas · graceful-stop 0.05;-0,5;0,54;-0,5;-18,44;-0,55;-6,82;-19,82;6,2;-0,25
scalper;True;scalper neat long · scalper · lateral+alcista+incertidumbre · expo 0.1 · stop sin stop · span 5.0% · venta 0.5–1.5% · suave · 3 monedas · graceful-stop 0.05;-0,38;-0,22;-0,38;-21,87;-0,32;-3,85;-11,86;0,0;-3,95
scalper;True;scalper neat long · scalper · lateral+alcista+incertidumbre · expo 0.1 · stop sin stop · span 5.0% · venta 1.0–2.4% · suave · 3 monedas · graceful-stop 0.05;-0,06;-0,18;-0,18;-19,07;-0,38;-4,61;-14,25;3,1;-1,74
scalper;True;scalper neat long · scalper · lateral+alcista+incertidumbre · expo 0.1 · stop 15% · span 2.5% · venta 0.5–1.5% · suave · 3 monedas · graceful-stop 0.08;0,07;-0,8;-0,8;-24,65;0,0;0,0;0,0;0,0;-4,64
scalper;True;scalper neat long · lag_long · lateral+alcista+incertidumbre · expo 0.1 · stop 15% · span 2.5% · venta 0.5–1.5% · suave · 3 monedas · graceful-stop 0.08;-0,83;-0,12;-0,83;-24,81;0,0;0,0;0,0;0,0;-6,34
scalper;True;scalper neat long · lag_long · lateral+alcista+incertidumbre · expo 0.1 · stop sin stop · span 5.0% · venta 0.5–1.5% · suave · 3 monedas · graceful-stop 0.05;-0,5;0,21;-0,5;-21,84;-0,41;-5,17;-13,74;3,1;-2,15
scalper;True;scalper neat long · scalper · lateral+alcista+incertidumbre · expo 0.1 · stop 15% · span 2.5% · venta 1.0–2.4% · suave · 3 monedas · graceful-stop 0.08;0,31;-0,7;-0,7;-24,25;0,0;0,0;0,0;0,0;-2,58
scalper;True;scalper neat long · lag_long · lateral+alcista+incertidumbre · expo 0.1 · stop sin stop · span 5.0% · venta 1.0–2.4% · suave · 3 monedas · graceful-stop 0.05;-0,5;0,54;-0,5;-18,44;-0,55;-6,82;-19,82;6,2;-0,25
scalper;True;scalper neat long · scalper · lateral+alcista+incertidumbre · expo 0.1 · stop 15% · span 5.0% · venta 1.0–2.4% · suave · 3 monedas · graceful-stop 0.08;0,05;-0,43;-0,43;-23,45;-0,2;-2,49;-8,37;3,1;-2,66
scalper;True;scalper neat long · scalper · lateral+alcista+incertidumbre · expo 0.1 · stop sin stop · span 2.5% · venta 0.5–1.5% · suave · 3 monedas · graceful-stop 0.08;0,07;-0,8;-0,8;-24,65;0,0;0,0;0,0;0,0;-4,64
scalper;True;scalper neat long · scalper · lateral+alcista+incertidumbre · expo 0.1 · stop 15% · span 5.0% · venta 0.5–1.5% · suave · 3 monedas · graceful-stop 0.08;-0,32;-0,21;-0,32;-21,93;-0,3;-3,66;-11,08;0,0;-3,51
scalper;True;scalper neat long · lag_long · lateral+alcista+incertidumbre · expo 0.1 · stop 15% · span 2.5% · venta 1.0–2.4% · suave · 3 monedas · graceful-stop 0.08;-0,44;0,38;-0,44;-19,23;-0,47;-5,86;-16,37;6,2;-0,89
scalper;True;scalper neat long · lag_long · lateral+alcista+incertidumbre · expo 0.1 · stop sin stop · span 2.5% · venta 0.5–1.5% · suave · 3 monedas · graceful-stop 0.08;-0,83;-0,12;-0,83;-24,81;0,0;0,0;0,0;0,0;-6,34
scalper;True;scalper neat long · lag_long · lateral+alcista+incertidumbre · expo 0.1 · stop 15% · span 5.0% · venta 1.0–2.4% · suave · 3 monedas · graceful-stop 0.08;-0,59;0,69;-0,59;-21,57;-0,55;-6,81;-19,85;6,2;-0,04
scalper;True;scalper neat long · lag_long · lateral+alcista+incertidumbre · expo 0.1 · stop 15% · span 5.0% · venta 0.5–1.5% · suave · 3 monedas · graceful-stop 0.08;-0,58;0,39;-0,58;-21,8;-0,45;-5,56;-14,7;6,2;-1,69
scalper;True;scalper neat long · scalper · lateral+alcista+incertidumbre · expo 0.1 · stop sin stop · span 2.5% · venta 1.0–2.4% · suave · 3 monedas · graceful-stop 0.08;0,31;-0,7;-0,7;-24,25;0,0;0,0;0,0;0,0;-2,58
scalper;True;scalper neat long · scalper · lateral+alcista+incertidumbre · expo 0.1 · stop sin stop · span 5.0% · venta 0.5–1.5% · suave · 3 monedas · graceful-stop 0.08;-0,32;-0,21;-0,32;-21,93;-0,3;-3,66;-11,08;0,0;-3,51
scalper;True;scalper neat long · scalper · lateral+alcista+incertidumbre · expo 0.1 · stop 15% · span 2.5% · venta 0.5–1.5% · suave · 3 monedas · graceful-stop None;-0,05;-0,67;-0,67;-23,93;0,0;0,0;0,0;0,0;-4,61
scalper;True;scalper neat long · scalper · lateral+alcista+incertidumbre · expo 0.1 · stop 15% · span 5.0% · venta 1.0–2.4% · suave · 3 monedas · graceful-stop None;-0,03;-0,34;-0,34;-23,99;-0,16;-2,03;-8,17;3,1;-2,66
scalper;True;scalper neat long · lag_long · lateral+alcista+incertidumbre · expo 0.1 · stop sin stop · span 2.5% · venta 1.0–2.4% · suave · 3 monedas · graceful-stop 0.08;-0,44;0,38;-0,44;-19,23;-0,47;-5,86;-16,37;6,2;-0,89
scalper;True;scalper neat long · scalper · lateral+alcista+incertidumbre · expo 0.1 · stop sin stop · span 5.0% · venta 1.0–2.4% · suave · 3 monedas · graceful-stop 0.08;0,05;-0,43;-0,43;-23,45;-0,2;-2,49;-8,37;3,1;-2,66
scalper;True;scalper neat long · lag_long · lateral+alcista+incertidumbre · expo 0.1 · stop 15% · span 5.0% · venta 0.5–1.5% · suave · 3 monedas · graceful-stop None;-0,53;0,38;-0,53;-21,18;-0,46;-5,69;-16,45;6,2;-1,45
scalper;True;scalper neat long · lag_long · lateral+alcista+incertidumbre · expo 0.1 · stop 15% · span 2.5% · venta 1.0–2.4% · suave · 3 monedas · graceful-stop None;-0,36;-0,35;-0,36;-24,89;0,0;0,0;0,0;0,0;-5,02
scalper;True;scalper neat long · lag_long · lateral+alcista+incertidumbre · expo 0.1 · stop 15% · span 2.5% · venta 0.5–1.5% · suave · 3 monedas · graceful-stop None;-0,59;-0,27;-0,59;-24,31;0,0;0,0;0,0;0,0;-5,81
scalper;True;scalper neat long · scalper · lateral+alcista+incertidumbre · expo 0.1 · stop 15% · span 2.5% · venta 1.0–2.4% · suave · 3 monedas · graceful-stop None;0,2;-0,62;-0,62;-24,59;0,0;0,0;0,0;0,0;-2,71
scalper;True;scalper neat long · lag_long · lateral+alcista+incertidumbre · expo 0.1 · stop sin stop · span 5.0% · venta 0.5–1.5% · suave · 3 monedas · graceful-stop 0.08;-0,58;0,39;-0,58;-21,8;-0,45;-5,56;-14,7;6,2;-1,69
scalper;True;scalper neat long · lag_long · lateral+alcista+incertidumbre · expo 0.1 · stop sin stop · span 5.0% · venta 1.0–2.4% · suave · 3 monedas · graceful-stop 0.08;-0,59;0,69;-0,59;-21,57;-0,55;-6,81;-19,85;6,2;-0,04
scalper;True;scalper neat long · scalper · lateral+alcista+incertidumbre · expo 0.1 · stop 15% · span 5.0% · venta 0.5–1.5% · suave · 3 monedas · graceful-stop None;-0,66;-0,41;-0,66;-24,83;0,0;0,0;0,0;0,0;-6,78
scalper;True;scalper neat long · lag_long · lateral+alcista+incertidumbre · expo 0.1 · stop 15% · span 5.0% · venta 1.0–2.4% · suave · 3 monedas · graceful-stop None;-0,46;0,73;-0,46;-18,48;-0,69;-8,69;-25,31;12,5;1,13
scalper;True;scalper neat long · scalper · lateral+alcista+incertidumbre · expo 0.1 · stop sin stop · span 2.5% · venta 0.5–1.5% · suave · 3 monedas · graceful-stop None;-0,05;-0,67;-0,67;-23,93;0,0;0,0;0,0;0,0;-4,61
scalper;True;scalper neat long · lag_long · lateral+alcista+incertidumbre · expo 0.1 · stop sin stop · span 2.5% · venta 0.5–1.5% · suave · 3 monedas · graceful-stop None;-0,59;-0,27;-0,59;-24,31;0,0;0,0;0,0;0,0;-5,81
scalper;True;scalper neat long · scalper · lateral+alcista+incertidumbre · expo 0.1 · stop sin stop · span 2.5% · venta 1.0–2.4% · suave · 3 monedas · graceful-stop None;0,2;-0,62;-0,62;-24,59;0,0;0,0;0,0;0,0;-2,71
scalper;True;scalper neat long · scalper · lateral+alcista+incertidumbre · expo 0.1 · stop sin stop · span 5.0% · venta 0.5–1.5% · suave · 3 monedas · graceful-stop None;-0,66;-0,41;-0,66;-24,83;0,0;0,0;0,0;0,0;-6,78
scalper;True;scalper neat long · lag_long · lateral+alcista+incertidumbre · expo 0.1 · stop sin stop · span 2.5% · venta 1.0–2.4% · suave · 3 monedas · graceful-stop None;-0,36;-0,35;-0,36;-24,89;0,0;0,0;0,0;0,0;-5,02
scalper;True;scalper neat long · scalper · lateral+alcista+incertidumbre · expo 0.1 · stop sin stop · span 5.0% · venta 1.0–2.4% · suave · 3 monedas · graceful-stop None;-0,03;-0,34;-0,34;-23,99;-0,16;-2,03;-8,17;3,1;-2,66
scalper;True;scalper neat long · lag_long · lateral+alcista+incertidumbre · expo 0.1 · stop 15% · span 2.5% · venta 0.5–1.5% · suave · 5 monedas · graceful-stop 0.03;-1,14;0,0;-1,14;-24,63;0,0;0,0;0,0;0,0;-7,48
scalper;True;scalper neat long · scalper · lateral+alcista+incertidumbre · expo 0.1 · stop 15% · span 2.5% · venta 1.0–2.4% · suave · 5 monedas · graceful-stop 0.03;0,45;-0,48;-0,48;-24,66;0,0;0,0;0,0;0,0;-0,46
scalper;True;scalper neat long · lag_long · lateral+alcista+incertidumbre · expo 0.1 · stop sin stop · span 5.0% · venta 0.5–1.5% · suave · 3 monedas · graceful-stop None;-0,53;0,38;-0,53;-21,18;-0,46;-5,69;-16,45;6,2;-1,45
scalper;True;scalper neat long · scalper · lateral+alcista+incertidumbre · expo 0.1 · stop 15% · span 2.5% · venta 0.5–1.5% · suave · 5 monedas · graceful-stop 0.03;-0,31;-0,43;-0,43;-24,38;0,0;0,0;0,0;0,0;-4,93
scalper;True;scalper neat long · scalper · lateral+alcista+incertidumbre · expo 0.1 · stop 15% · span 5.0% · venta 0.5–1.5% · suave · 5 monedas · graceful-stop 0.03;-0,66;-0,14;-0,66;-23,84;0,0;0,0;0,0;0,0;-5,23
scalper;True;scalper neat long · lag_long · lateral+alcista+incertidumbre · expo 0.1 · stop sin stop · span 5.0% · venta 1.0–2.4% · suave · 3 monedas · graceful-stop None;-0,46;0,73;-0,46;-18,48;-0,69;-8,69;-25,31;12,5;1,13
scalper;True;scalper neat long · lag_long · lateral+alcista+incertidumbre · expo 0.1 · stop 15% · span 5.0% · venta 0.5–1.5% · suave · 5 monedas · graceful-stop 0.03;-0,59;-0,24;-0,59;-24,52;0,0;0,0;0,0;0,0;-5,52
scalper;True;scalper neat long · scalper · lateral+alcista+incertidumbre · expo 0.1 · stop 15% · span 5.0% · venta 1.0–2.4% · suave · 5 monedas · graceful-stop 0.03;0,06;-0,59;-0,59;-24,47;0,0;0,0;0,0;0,0;-3,57
scalper;True;scalper neat long · lag_long · lateral+alcista+incertidumbre · expo 0.1 · stop 15% · span 5.0% · venta 1.0–2.4% · suave · 5 monedas · graceful-stop 0.03;-0,69;-0,02;-0,69;-24,29;0,0;0,0;0,0;0,0;-4,8
scalper;True;scalper neat long · lag_long · lateral+alcista+incertidumbre · expo 0.1 · stop sin stop · span 2.5% · venta 0.5–1.5% · suave · 5 monedas · graceful-stop 0.03;-1,14;0,0;-1,14;-24,63;0,0;0,0;0,0;0,0;-7,48
scalper;True;scalper neat long · scalper · lateral+alcista+incertidumbre · expo 0.1 · stop sin stop · span 2.5% · venta 0.5–1.5% · suave · 5 monedas · graceful-stop 0.03;-0,31;-0,43;-0,43;-24,38;0,0;0,0;0,0;0,0;-4,93
scalper;True;scalper neat long · scalper · lateral+alcista+incertidumbre · expo 0.1 · stop sin stop · span 5.0% · venta 0.5–1.5% · suave · 5 monedas · graceful-stop 0.03;-0,66;-0,14;-0,66;-23,84;0,0;0,0;0,0;0,0;-5,23
scalper;True;scalper neat long · lag_long · lateral+alcista+incertidumbre · expo 0.1 · stop sin stop · span 5.0% · venta 1.0–2.4% · suave · 5 monedas · graceful-stop 0.03;-0,69;-0,02;-0,69;-24,29;0,0;0,0;0,0;0,0;-4,8
scalper;True;scalper neat long · scalper · lateral+alcista+incertidumbre · expo 0.1 · stop sin stop · span 2.5% · venta 1.0–2.4% · suave · 5 monedas · graceful-stop 0.03;0,45;-0,48;-0,48;-24,66;0,0;0,0;0,0;0,0;-0,46
scalper;True;scalper neat long · scalper · lateral+alcista+incertidumbre · expo 0.1 · stop sin stop · span 5.0% · venta 1.0–2.4% · suave · 5 monedas · graceful-stop 0.03;0,06;-0,59;-0,59;-24,47;0,0;0,0;0,0;0,0;-3,57
scalper;True;scalper neat long · lag_long · lateral+alcista+incertidumbre · expo 0.1 · stop 15% · span 2.5% · venta 0.5–1.5% · suave · 5 monedas · graceful-stop 0.05;-1,11;0,0;-1,11;-24,63;0,0;0,0;0,0;0,0;-7,45
scalper;True;scalper neat long · scalper · lateral+alcista+incertidumbre · expo 0.1 · stop 15% · span 2.5% · venta 0.5–1.5% · suave · 5 monedas · graceful-stop 0.05;-0,01;-0,69;-0,69;-24,37;0,0;0,0;0,0;0,0;-4,5
scalper;True;scalper neat long · lag_long · lateral+alcista+incertidumbre · expo 0.1 · stop sin stop · span 5.0% · venta 0.5–1.5% · suave · 5 monedas · graceful-stop 0.03;-0,59;-0,24;-0,59;-24,52;0,0;0,0;0,0;0,0;-5,52
scalper;True;scalper neat long · scalper · lateral+alcista+incertidumbre · expo 0.1 · stop 15% · span 2.5% · venta 1.0–2.4% · suave · 5 monedas · graceful-stop 0.05;0,5;-0,44;-0,44;-24,17;0,0;0,0;0,0;0,0;0,16
scalper;True;scalper neat long · scalper · lateral+alcista+incertidumbre · expo 0.1 · stop 15% · span 5.0% · venta 0.5–1.5% · suave · 5 monedas · graceful-stop 0.05;-0,41;-0,33;-0,41;-23,21;0,0;0,0;0,0;0,0;-4,78
scalper;True;scalper neat long · lag_long · lateral+alcista+incertidumbre · expo 0.1 · stop 15% · span 5.0% · venta 0.5–1.5% · suave · 5 monedas · graceful-stop 0.05;-0,77;0,0;-0,77;-24,71;0,0;0,0;0,0;0,0;-5,22
scalper;True;scalper neat long · scalper · lateral+alcista+incertidumbre · expo 0.1 · stop 15% · span 5.0% · venta 1.0–2.4% · suave · 5 monedas · graceful-stop 0.05;0,11;-0,51;-0,51;-24,38;0,0;0,0;0,0;0,0;-2,78
scalper;True;scalper neat long · lag_long · lateral+alcista+incertidumbre · expo 0.1 · stop 15% · span 5.0% · venta 1.0–2.4% · suave · 5 monedas · graceful-stop 0.05;-0,59;-0,02;-0,59;-24,23;0,0;0,0;0,0;0,0;-4,26
scalper;True;scalper neat long · scalper · lateral+alcista+incertidumbre · expo 0.1 · stop sin stop · span 2.5% · venta 0.5–1.5% · suave · 5 monedas · graceful-stop 0.05;-0,01;-0,69;-0,69;-24,37;0,0;0,0;0,0;0,0;-4,5
scalper;True;scalper neat long · lag_long · lateral+alcista+incertidumbre · expo 0.1 · stop sin stop · span 2.5% · venta 0.5–1.5% · suave · 5 monedas · graceful-stop 0.05;-1,11;0,0;-1,11;-24,63;0,0;0,0;0,0;0,0;-7,45
scalper;True;scalper neat long · scalper · lateral+alcista+incertidumbre · expo 0.1 · stop sin stop · span 2.5% · venta 1.0–2.4% · suave · 5 monedas · graceful-stop 0.05;0,5;-0,44;-0,44;-24,17;0,0;0,0;0,0;0,0;0,16
scalper;True;scalper neat long · lag_long · lateral+alcista+incertidumbre · expo 0.1 · stop sin stop · span 5.0% · venta 0.5–1.5% · suave · 5 monedas · graceful-stop 0.05;-0,77;0,0;-0,77;-24,71;0,0;0,0;0,0;0,0;-5,22
scalper;True;scalper neat long · scalper · lateral+alcista+incertidumbre · expo 0.1 · stop sin stop · span 5.0% · venta 0.5–1.5% · suave · 5 monedas · graceful-stop 0.05;-0,41;-0,33;-0,41;-23,21;0,0;0,0;0,0;0,0;-4,78
scalper;True;scalper neat long · lag_long · lateral+alcista+incertidumbre · expo 0.1 · stop sin stop · span 5.0% · venta 1.0–2.4% · suave · 5 monedas · graceful-stop 0.05;-0,59;-0,02;-0,59;-24,23;0,0;0,0;0,0;0,0;-4,26
scalper;True;scalper neat long · scalper · lateral+alcista+incertidumbre · expo 0.1 · stop 15% · span 2.5% · venta 0.5–1.5% · suave · 5 monedas · graceful-stop 0.08;-0,1;-0,41;-0,41;-24,14;0,0;0,0;0,0;0,0;-3,5
scalper;True;scalper neat long · scalper · lateral+alcista+incertidumbre · expo 0.1 · stop sin stop · span 5.0% · venta 1.0–2.4% · suave · 5 monedas · graceful-stop 0.05;0,11;-0,51;-0,51;-24,38;0,0;0,0;0,0;0,0;-2,78
scalper;True;scalper neat long · lag_long · lateral+alcista+incertidumbre · expo 0.1 · stop 15% · span 2.5% · venta 0.5–1.5% · suave · 5 monedas · graceful-stop 0.08;-0,91;0,0;-0,91;-24,82;0,0;0,0;0,0;0,0;-6,24
scalper;True;scalper neat long · scalper · lateral+alcista+incertidumbre · expo 0.1 · stop 15% · span 2.5% · venta 1.0–2.4% · suave · 5 monedas · graceful-stop 0.08;0,6;-0,39;-0,39;-24,2;0,0;0,0;0,0;0,0;1,05
scalper;True;scalper neat long · lag_long · lateral+alcista+incertidumbre · expo 0.1 · stop 15% · span 2.5% · venta 1.0–2.4% · suave · 5 monedas · graceful-stop 0.08;-0,4;-0,05;-0,4;-24,33;0,0;0,0;0,0;0,0;-3,41
scalper;True;scalper neat long · scalper · lateral+alcista+incertidumbre · expo 0.1 · stop 15% · span 5.0% · venta 0.5–1.5% · suave · 5 monedas · graceful-stop 0.08;-0,49;-0,36;-0,49;-24,97;0,0;0,0;0,0;0,0;-5,6
scalper;True;scalper neat long · lag_long · lateral+alcista+incertidumbre · expo 0.1 · stop 15% · span 5.0% · venta 0.5–1.5% · suave · 5 monedas · graceful-stop 0.08;-0,67;0,02;-0,67;-24,67;0,0;0,0;0,0;0,0;-4,56
scalper;True;scalper neat long · scalper · lateral+alcista+incertidumbre · expo 0.1 · stop sin stop · span 2.5% · venta 0.5–1.5% · suave · 5 monedas · graceful-stop 0.08;-0,1;-0,41;-0,41;-24,14;0,0;0,0;0,0;0,0;-3,5
scalper;True;scalper neat long · lag_long · lateral+alcista+incertidumbre · expo 0.1 · stop sin stop · span 2.5% · venta 0.5–1.5% · suave · 5 monedas · graceful-stop 0.08;-0,91;0,0;-0,91;-24,82;0,0;0,0;0,0;0,0;-6,24
scalper;True;scalper neat long · scalper · lateral+alcista+incertidumbre · expo 0.1 · stop sin stop · span 2.5% · venta 1.0–2.4% · suave · 5 monedas · graceful-stop 0.08;0,6;-0,39;-0,39;-24,2;0,0;0,0;0,0;0,0;1,05
scalper;True;scalper neat long · lag_long · lateral+alcista+incertidumbre · expo 0.1 · stop sin stop · span 2.5% · venta 1.0–2.4% · suave · 5 monedas · graceful-stop 0.08;-0,4;-0,05;-0,4;-24,33;0,0;0,0;0,0;0,0;-3,41
scalper;True;scalper neat long · lag_long · lateral+alcista+incertidumbre · expo 0.1 · stop sin stop · span 5.0% · venta 0.5–1.5% · suave · 5 monedas · graceful-stop 0.08;-0,67;0,02;-0,67;-24,67;0,0;0,0;0,0;0,0;-4,56
scalper;True;scalper neat long · scalper · lateral+alcista+incertidumbre · expo 0.1 · stop sin stop · span 5.0% · venta 0.5–1.5% · suave · 5 monedas · graceful-stop 0.08;-0,49;-0,36;-0,49;-24,97;0,0;0,0;0,0;0,0;-5,6
scalper;True;scalper neat long · scalper · lateral+alcista+incertidumbre · expo 0.1 · stop 15% · span 2.5% · venta 0.5–1.5% · suave · 5 monedas · graceful-stop None;-0,3;-0,3;-0,3;-24,6;0,0;0,0;0,0;0,0;-4,04
scalper;True;scalper neat long · lag_long · lateral+alcista+incertidumbre · expo 0.1 · stop 15% · span 2.5% · venta 0.5–1.5% · suave · 5 monedas · graceful-stop None;-0,78;0,0;-0,78;-24,65;0,0;0,0;0,0;0,0;-5,47
scalper;True;scalper neat long · scalper · lateral+alcista+incertidumbre · expo 0.1 · stop 15% · span 2.5% · venta 1.0–2.4% · suave · 5 monedas · graceful-stop None;0,48;-0,23;-0,23;-24,19;0,0;0,0;0,0;0,0;1,17
scalper;True;scalper neat long · lag_long · lateral+alcista+incertidumbre · expo 0.1 · stop 15% · span 2.5% · venta 1.0–2.4% · suave · 5 monedas · graceful-stop None;-0,22;-0,01;-0,22;-24,36;0,0;0,0;0,0;0,0;-2,13
scalper;True;scalper neat long · lag_long · lateral+alcista+incertidumbre · expo 0.1 · stop 15% · span 5.0% · venta 0.5–1.5% · suave · 5 monedas · graceful-stop None;-0,68;0,0;-0,68;-24,63;0,0;0,0;0,0;0,0;-4,74
scalper;True;scalper neat long · scalper · lateral+alcista+incertidumbre · expo 0.1 · stop 15% · span 5.0% · venta 0.5–1.5% · suave · 5 monedas · graceful-stop None;-0,81;-0,13;-0,81;-24,69;0,0;0,0;0,0;0,0;-6,29
scalper;True;scalper neat long · scalper · lateral+alcista+incertidumbre · expo 0.1 · stop sin stop · span 2.5% · venta 0.5–1.5% · suave · 5 monedas · graceful-stop None;-0,3;-0,3;-0,3;-24,6;0,0;0,0;0,0;0,0;-4,04
scalper;True;scalper neat long · lag_long · lateral+alcista+incertidumbre · expo 0.1 · stop 15% · span 5.0% · venta 1.0–2.4% · suave · 5 monedas · graceful-stop None;-0,42;0,0;-0,42;-24,93;0,0;0,0;0,0;0,0;-3,29
scalper;True;scalper neat long · scalper · lateral+alcista+incertidumbre · expo 0.1 · stop 15% · span 5.0% · venta 1.0–2.4% · suave · 5 monedas · graceful-stop None;0,05;-0,42;-0,42;-24,78;0,0;0,0;0,0;0,0;-2,68
scalper;True;scalper neat long · lag_long · lateral+alcista+incertidumbre · expo 0.1 · stop sin stop · span 2.5% · venta 0.5–1.5% · suave · 5 monedas · graceful-stop None;-0,78;0,0;-0,78;-24,65;0,0;0,0;0,0;0,0;-5,47
scalper;True;scalper neat long · scalper · lateral+alcista+incertidumbre · expo 0.1 · stop sin stop · span 2.5% · venta 1.0–2.4% · suave · 5 monedas · graceful-stop None;0,48;-0,23;-0,23;-24,19;0,0;0,0;0,0;0,0;1,17
scalper;True;scalper neat long · lag_long · lateral+alcista+incertidumbre · expo 0.1 · stop sin stop · span 2.5% · venta 1.0–2.4% · suave · 5 monedas · graceful-stop None;-0,22;-0,01;-0,22;-24,36;0,0;0,0;0,0;0,0;-2,13
scalper;True;scalper neat long · scalper · lateral+alcista+incertidumbre · expo 0.1 · stop sin stop · span 5.0% · venta 0.5–1.5% · suave · 5 monedas · graceful-stop None;-0,81;-0,13;-0,81;-24,69;0,0;0,0;0,0;0,0;-6,29
scalper;True;scalper neat long · scalper · lateral+alcista+incertidumbre · expo 0.1 · stop sin stop · span 5.0% · venta 1.0–2.4% · suave · 5 monedas · graceful-stop None;0,05;-0,42;-0,42;-24,78;0,0;0,0;0,0;0,0;-2,68
scalper;True;scalper neat long · lag_long · lateral+alcista+incertidumbre · expo 0.1 · stop sin stop · span 5.0% · venta 0.5–1.5% · suave · 5 monedas · graceful-stop None;-0,68;0,0;-0,68;-24,63;0,0;0,0;0,0;0,0;-4,74
scalper;True;scalper neat long · lag_long · lateral+alcista+incertidumbre · expo 0.1 · stop sin stop · span 5.0% · venta 1.0–2.4% · suave · 5 monedas · graceful-stop None;-0,42;0,0;-0,42;-24,93;0,0;0,0;0,0;0,0;-3,29
scalper;True;scalper neat long · scalper · lateral+alcista+incertidumbre · expo 0.1 · stop 15% · span 2.5% · venta 0.5–1.5% · suave · 8 monedas · graceful-stop 0.03;-1,17;0,0;-1,17;-24,06;0,0;0,0;0,0;0,0;-7,85
scalper;True;scalper neat long · scalper · lateral+alcista+incertidumbre · expo 0.1 · stop 15% · span 2.5% · venta 1.0–2.4% · suave · 8 monedas · graceful-stop 0.03;-0,65;0,0;-0,65;-24,64;0,0;0,0;0,0;0,0;-4,75
scalper;True;scalper neat long · lag_long · lateral+alcista+incertidumbre · expo 0.1 · stop 15% · span 2.5% · venta 0.5–1.5% · suave · 8 monedas · graceful-stop 0.03;-1,15;0,0;-1,15;-24,26;0,0;0,0;0,0;0,0;-7,74
scalper;True;scalper neat long · lag_long · lateral+alcista+incertidumbre · expo 0.1 · stop 15% · span 2.5% · venta 1.0–2.4% · suave · 8 monedas · graceful-stop 0.03;-0,92;0,0;-0,92;-24,79;0,0;0,0;0,0;0,0;-6,33
scalper;True;scalper neat long · lag_long · lateral+alcista+incertidumbre · expo 0.1 · stop 15% · span 5.0% · venta 1.0–2.4% · suave · 8 monedas · graceful-stop 0.03;-0,14;0,0;-0,14;-24,85;0,0;0,0;0,0;0,0;-1,54
scalper;True;scalper neat long · scalper · lateral+alcista+incertidumbre · expo 0.1 · stop 15% · span 5.0% · venta 0.5–1.5% · suave · 8 monedas · graceful-stop 0.03;-0,48;-0,15;-0,48;-22,77;0,0;0,0;0,0;0,0;-4,32
scalper;True;scalper neat long · scalper · lateral+alcista+incertidumbre · expo 0.1 · stop sin stop · span 2.5% · venta 0.5–1.5% · suave · 8 monedas · graceful-stop 0.03;-1,17;0,0;-1,17;-24,06;0,0;0,0;0,0;0,0;-7,85
scalper;True;scalper neat long · scalper · lateral+alcista+incertidumbre · expo 0.1 · stop 15% · span 5.0% · venta 1.0–2.4% · suave · 8 monedas · graceful-stop 0.03;0,13;-0,42;-0,42;-24,7;0,0;0,0;0,0;0,0;-2,2
scalper;True;scalper neat long · lag_long · lateral+alcista+incertidumbre · expo 0.1 · stop 15% · span 5.0% · venta 0.5–1.5% · suave · 8 monedas · graceful-stop 0.03;-0,53;0,0;-0,53;-24,84;0,0;0,0;0,0;0,0;-3,84
scalper;True;scalper neat long · scalper · lateral+alcista+incertidumbre · expo 0.1 · stop sin stop · span 2.5% · venta 1.0–2.4% · suave · 8 monedas · graceful-stop 0.03;-0,65;0,0;-0,65;-24,64;0,0;0,0;0,0;0,0;-4,75
scalper;True;scalper neat long · lag_long · lateral+alcista+incertidumbre · expo 0.1 · stop sin stop · span 2.5% · venta 0.5–1.5% · suave · 8 monedas · graceful-stop 0.03;-1,15;0,0;-1,15;-24,26;0,0;0,0;0,0;0,0;-7,74
scalper;True;scalper neat long · lag_long · lateral+alcista+incertidumbre · expo 0.1 · stop sin stop · span 2.5% · venta 1.0–2.4% · suave · 8 monedas · graceful-stop 0.03;-0,92;0,0;-0,92;-24,79;0,0;0,0;0,0;0,0;-6,33
scalper;True;scalper neat long · scalper · lateral+alcista+incertidumbre · expo 0.1 · stop sin stop · span 5.0% · venta 0.5–1.5% · suave · 8 monedas · graceful-stop 0.03;-0,48;-0,15;-0,48;-22,77;0,0;0,0;0,0;0,0;-4,32
scalper;True;scalper neat long · lag_long · lateral+alcista+incertidumbre · expo 0.1 · stop sin stop · span 5.0% · venta 0.5–1.5% · suave · 8 monedas · graceful-stop 0.03;-0,53;0,0;-0,53;-24,84;0,0;0,0;0,0;0,0;-3,84
scalper;True;scalper neat long · scalper · lateral+alcista+incertidumbre · expo 0.1 · stop 15% · span 2.5% · venta 0.5–1.5% · suave · 8 monedas · graceful-stop 0.05;-1,25;0,0;-1,25;-24,62;0,0;0,0;0,0;0,0;-8,07
scalper;True;scalper neat long · lag_long · lateral+alcista+incertidumbre · expo 0.1 · stop sin stop · span 5.0% · venta 1.0–2.4% · suave · 8 monedas · graceful-stop 0.03;-0,14;0,0;-0,14;-24,85;0,0;0,0;0,0;0,0;-1,54
scalper;True;scalper neat long · scalper · lateral+alcista+incertidumbre · expo 0.1 · stop sin stop · span 5.0% · venta 1.0–2.4% · suave · 8 monedas · graceful-stop 0.03;0,13;-0,42;-0,42;-24,7;0,0;0,0;0,0;0,0;-2,2
scalper;True;scalper neat long · lag_long · lateral+alcista+incertidumbre · expo 0.1 · stop 15% · span 2.5% · venta 0.5–1.5% · suave · 8 monedas · graceful-stop 0.05;-0,6;0,0;-0,6;-24,67;0,0;0,0;0,0;0,0;-4,33
scalper;True;scalper neat long · scalper · lateral+alcista+incertidumbre · expo 0.1 · stop 15% · span 2.5% · venta 1.0–2.4% · suave · 8 monedas · graceful-stop 0.05;-0,46;0,0;-0,46;-24,84;0,0;0,0;0,0;0,0;-3,62
scalper;True;scalper neat long · lag_long · lateral+alcista+incertidumbre · expo 0.1 · stop 15% · span 2.5% · venta 1.0–2.4% · suave · 8 monedas · graceful-stop 0.05;-0,81;0,0;-0,81;-24,69;0,0;0,0;0,0;0,0;-5,77
scalper;True;scalper neat long · lag_long · lateral+alcista+incertidumbre · expo 0.1 · stop 15% · span 5.0% · venta 0.5–1.5% · suave · 8 monedas · graceful-stop 0.05;-0,49;0,0;-0,49;-24,97;0,0;0,0;0,0;0,0;-3,59
scalper;True;scalper neat long · scalper · lateral+alcista+incertidumbre · expo 0.1 · stop 15% · span 5.0% · venta 0.5–1.5% · suave · 8 monedas · graceful-stop 0.05;-0,58;-0,04;-0,58;-24,24;0,0;0,0;0,0;0,0;-4,46
scalper;True;scalper neat long · lag_long · lateral+alcista+incertidumbre · expo 0.1 · stop 15% · span 5.0% · venta 1.0–2.4% · suave · 8 monedas · graceful-stop 0.05;-0,06;0,0;-0,06;-24,79;0,0;0,0;0,0;0,0;-1,02
scalper;True;scalper neat long · scalper · lateral+alcista+incertidumbre · expo 0.1 · stop 15% · span 5.0% · venta 1.0–2.4% · suave · 8 monedas · graceful-stop 0.05;0,34;-0,38;-0,38;-24,17;0,0;0,0;0,0;0,0;-0,73
scalper;True;scalper neat long · scalper · lateral+alcista+incertidumbre · expo 0.1 · stop sin stop · span 2.5% · venta 0.5–1.5% · suave · 8 monedas · graceful-stop 0.05;-1,25;0,0;-1,25;-24,62;0,0;0,0;0,0;0,0;-8,07
scalper;True;scalper neat long · lag_long · lateral+alcista+incertidumbre · expo 0.1 · stop sin stop · span 2.5% · venta 0.5–1.5% · suave · 8 monedas · graceful-stop 0.05;-0,6;0,0;-0,6;-24,67;0,0;0,0;0,0;0,0;-4,33
scalper;True;scalper neat long · scalper · lateral+alcista+incertidumbre · expo 0.1 · stop sin stop · span 2.5% · venta 1.0–2.4% · suave · 8 monedas · graceful-stop 0.05;-0,46;0,0;-0,46;-24,84;0,0;0,0;0,0;0,0;-3,62
scalper;True;scalper neat long · lag_long · lateral+alcista+incertidumbre · expo 0.1 · stop sin stop · span 2.5% · venta 1.0–2.4% · suave · 8 monedas · graceful-stop 0.05;-0,81;0,0;-0,81;-24,69;0,0;0,0;0,0;0,0;-5,77
scalper;True;scalper neat long · scalper · lateral+alcista+incertidumbre · expo 0.1 · stop sin stop · span 5.0% · venta 0.5–1.5% · suave · 8 monedas · graceful-stop 0.05;-0,58;-0,04;-0,58;-24,24;0,0;0,0;0,0;0,0;-4,46
scalper;True;scalper neat long · lag_long · lateral+alcista+incertidumbre · expo 0.1 · stop sin stop · span 5.0% · venta 0.5–1.5% · suave · 8 monedas · graceful-stop 0.05;-0,49;0,0;-0,49;-24,97;0,0;0,0;0,0;0,0;-3,59
scalper;True;scalper neat long · scalper · lateral+alcista+incertidumbre · expo 0.1 · stop sin stop · span 5.0% · venta 1.0–2.4% · suave · 8 monedas · graceful-stop 0.05;0,34;-0,38;-0,38;-24,17;0,0;0,0;0,0;0,0;-0,73
scalper;True;scalper neat long · lag_long · lateral+alcista+incertidumbre · expo 0.1 · stop sin stop · span 5.0% · venta 1.0–2.4% · suave · 8 monedas · graceful-stop 0.05;-0,06;0,0;-0,06;-24,79;0,0;0,0;0,0;0,0;-1,02
scalper;True;scalper neat long · scalper · lateral+alcista+incertidumbre · expo 0.1 · stop 15% · span 2.5% · venta 0.5–1.5% · suave · 8 monedas · graceful-stop 0.08;-1,16;0,0;-1,16;-23,68;0,0;0,0;0,0;0,0;-7,5
scalper;True;scalper neat long · lag_long · lateral+alcista+incertidumbre · expo 0.1 · stop 15% · span 2.5% · venta 0.5–1.5% · suave · 8 monedas · graceful-stop 0.08;-0,47;0,0;-0,47;-24,78;0,0;0,0;0,0;0,0;-3,45
scalper;True;scalper neat long · scalper · lateral+alcista+incertidumbre · expo 0.1 · stop 15% · span 2.5% · venta 1.0–2.4% · suave · 8 monedas · graceful-stop 0.08;0,09;0,0;0,0;-24,83;0,0;0,0;0,0;0,0;-0,14
scalper;True;scalper neat long · lag_long · lateral+alcista+incertidumbre · expo 0.1 · stop 15% · span 2.5% · venta 1.0–2.4% · suave · 8 monedas · graceful-stop 0.08;-0,74;0,0;-0,74;-23,97;0,0;0,0;0,0;0,0;-5,24
scalper;True;scalper neat long · lag_long · lateral+alcista+incertidumbre · expo 0.1 · stop 15% · span 5.0% · venta 0.5–1.5% · suave · 8 monedas · graceful-stop 0.08;-0,27;0,0;-0,27;-24,9;0,0;0,0;0,0;0,0;-2,26
scalper;True;scalper neat long · scalper · lateral+alcista+incertidumbre · expo 0.1 · stop 15% · span 5.0% · venta 0.5–1.5% · suave · 8 monedas · graceful-stop 0.08;-0,28;-0,23;-0,28;-24,84;0,0;0,0;0,0;0,0;-3,83
scalper;True;scalper neat long · scalper · lateral+alcista+incertidumbre · expo 0.1 · stop 15% · span 5.0% · venta 1.0–2.4% · suave · 8 monedas · graceful-stop 0.08;0,51;-0,32;-0,32;-24,56;0,0;0,0;0,0;0,0;0,63
scalper;True;scalper neat long · scalper · lateral+alcista+incertidumbre · expo 0.1 · stop sin stop · span 2.5% · venta 0.5–1.5% · suave · 8 monedas · graceful-stop 0.08;-1,16;0,0;-1,16;-23,68;0,0;0,0;0,0;0,0;-7,5
scalper;True;scalper neat long · lag_long · lateral+alcista+incertidumbre · expo 0.1 · stop sin stop · span 2.5% · venta 0.5–1.5% · suave · 8 monedas · graceful-stop 0.08;-0,47;0,0;-0,47;-24,78;0,0;0,0;0,0;0,0;-3,45
scalper;True;scalper neat long · scalper · lateral+alcista+incertidumbre · expo 0.1 · stop sin stop · span 2.5% · venta 1.0–2.4% · suave · 8 monedas · graceful-stop 0.08;0,09;0,0;0,0;-24,83;0,0;0,0;0,0;0,0;-0,14
scalper;True;scalper neat long · lag_long · lateral+alcista+incertidumbre · expo 0.1 · stop sin stop · span 2.5% · venta 1.0–2.4% · suave · 8 monedas · graceful-stop 0.08;-0,74;0,0;-0,74;-23,97;0,0;0,0;0,0;0,0;-5,24
scalper;True;scalper neat long · lag_long · lateral+alcista+incertidumbre · expo 0.1 · stop sin stop · span 5.0% · venta 0.5–1.5% · suave · 8 monedas · graceful-stop 0.08;-0,27;0,0;-0,27;-24,9;0,0;0,0;0,0;0,0;-2,26
scalper;True;scalper neat long · scalper · lateral+alcista+incertidumbre · expo 0.1 · stop sin stop · span 5.0% · venta 0.5–1.5% · suave · 8 monedas · graceful-stop 0.08;-0,28;-0,23;-0,28;-24,84;0,0;0,0;0,0;0,0;-3,83
scalper;True;scalper neat long · scalper · lateral+alcista+incertidumbre · expo 0.1 · stop sin stop · span 5.0% · venta 1.0–2.4% · suave · 8 monedas · graceful-stop 0.08;0,51;-0,32;-0,32;-24,56;0,0;0,0;0,0;0,0;0,63
scalper;True;scalper neat long · lag_long · lateral+alcista+incertidumbre · expo 0.1 · stop 15% · span 2.5% · venta 0.5–1.5% · suave · 8 monedas · graceful-stop None;-0,36;0,0;-0,36;-24,74;0,0;0,0;0,0;0,0;-2,9
scalper;True;scalper neat long · scalper · lateral+alcista+incertidumbre · expo 0.1 · stop 15% · span 2.5% · venta 1.0–2.4% · suave · 8 monedas · graceful-stop None;-0,14;0,0;-0,14;-24,54;0,0;0,0;0,0;0,0;-1,74
scalper;True;scalper neat long · scalper · lateral+alcista+incertidumbre · expo 0.1 · stop 15% · span 2.5% · venta 0.5–1.5% · suave · 8 monedas · graceful-stop None;-0,66;-0,13;-0,66;-24,11;0,0;0,0;0,0;0,0;-5,8
scalper;True;scalper neat long · lag_long · lateral+alcista+incertidumbre · expo 0.1 · stop 15% · span 2.5% · venta 1.0–2.4% · suave · 8 monedas · graceful-stop None;-0,83;0,0;-0,83;-24,25;0,0;0,0;0,0;0,0;-6,17
scalper;True;scalper neat long · scalper · lateral+alcista+incertidumbre · expo 0.1 · stop 15% · span 5.0% · venta 1.0–2.4% · suave · 8 monedas · graceful-stop None;0,04;0,0;0,0;-24,97;0,0;0,0;0,0;0,0;-0,35
scalper;True;scalper neat long · scalper · lateral+alcista+incertidumbre · expo 0.1 · stop 15% · span 5.0% · venta 0.5–1.5% · suave · 8 monedas · graceful-stop None;-0,34;-0,25;-0,34;-24,79;0,0;0,0;0,0;0,0;-4,35
scalper;True;scalper neat long · lag_long · lateral+alcista+incertidumbre · expo 0.1 · stop 15% · span 5.0% · venta 0.5–1.5% · suave · 8 monedas · graceful-stop None;-0,23;0,0;-0,23;-24,73;0,0;0,0;0,0;0,0;-2,07
scalper;True;scalper neat long · lag_long · lateral+alcista+incertidumbre · expo 0.1 · stop 15% · span 5.0% · venta 1.0–2.4% · suave · 8 monedas · graceful-stop None;-0,07;0,0;-0,07;-24,65;0,0;0,0;0,0;0,0;-1,51
scalper;True;scalper neat long · lag_long · lateral+alcista+incertidumbre · expo 0.1 · stop sin stop · span 2.5% · venta 0.5–1.5% · suave · 8 monedas · graceful-stop None;-0,36;0,0;-0,36;-24,74;0,0;0,0;0,0;0,0;-2,9
scalper;True;scalper neat long · scalper · lateral+alcista+incertidumbre · expo 0.1 · stop sin stop · span 2.5% · venta 0.5–1.5% · suave · 8 monedas · graceful-stop None;-0,66;-0,13;-0,66;-24,11;0,0;0,0;0,0;0,0;-5,8
scalper;True;scalper neat long · scalper · lateral+alcista+incertidumbre · expo 0.1 · stop sin stop · span 2.5% · venta 1.0–2.4% · suave · 8 monedas · graceful-stop None;-0,14;0,0;-0,14;-24,54;0,0;0,0;0,0;0,0;-1,74
scalper;True;scalper neat long · lag_long · lateral+alcista+incertidumbre · expo 0.1 · stop sin stop · span 2.5% · venta 1.0–2.4% · suave · 8 monedas · graceful-stop None;-0,83;0,0;-0,83;-24,25;0,0;0,0;0,0;0,0;-6,17
scalper;True;scalper neat long · scalper · lateral+alcista+incertidumbre · expo 0.1 · stop sin stop · span 5.0% · venta 1.0–2.4% · suave · 8 monedas · graceful-stop None;0,04;0,0;0,0;-24,97;0,0;0,0;0,0;0,0;-0,35
scalper;True;scalper neat long · lag_long · lateral+alcista+incertidumbre · expo 0.1 · stop sin stop · span 5.0% · venta 0.5–1.5% · suave · 8 monedas · graceful-stop None;-0,23;0,0;-0,23;-24,73;0,0;0,0;0,0;0,0;-2,07
scalper;True;scalper neat long · scalper · lateral+alcista+incertidumbre · expo 0.1 · stop 15% · span 2.5% · venta 0.5–1.5% · lateral · 3 monedas · graceful-stop 0.03;-0,43;-0,8;-0,8;-24,81;0,0;0,0;0,0;0,0;-7,66
scalper;True;scalper neat long · scalper · lateral+alcista+incertidumbre · expo 0.1 · stop sin stop · span 5.0% · venta 0.5–1.5% · suave · 8 monedas · graceful-stop None;-0,34;-0,25;-0,34;-24,79;0,0;0,0;0,0;0,0;-4,35
scalper;True;scalper neat long · lag_long · lateral+alcista+incertidumbre · expo 0.1 · stop sin stop · span 5.0% · venta 1.0–2.4% · suave · 8 monedas · graceful-stop None;-0,07;0,0;-0,07;-24,65;0,0;0,0;0,0;0,0;-1,51
scalper;True;scalper neat long · scalper · lateral+alcista+incertidumbre · expo 0.1 · stop 15% · span 2.5% · venta 1.0–2.4% · lateral · 3 monedas · graceful-stop 0.03;-0,22;-0,76;-0,76;-24,7;0,0;0,0;0,0;0,0;-6,16
scalper;True;scalper neat long · lag_long · lateral+alcista+incertidumbre · expo 0.1 · stop 15% · span 2.5% · venta 1.0–2.4% · lateral · 3 monedas · graceful-stop 0.03;-0,98;-0,13;-0,98;-24,95;0,0;0,0;0,0;0,0;-7,05
scalper;True;scalper neat long · scalper · lateral+alcista+incertidumbre · expo 0.1 · stop 15% · span 5.0% · venta 0.5–1.5% · lateral · 3 monedas · graceful-stop 0.03;-0,72;-0,29;-0,72;-24,0;-0,22;-2,71;-9,46;0,0;-6,45
scalper;True;scalper neat long · lag_long · lateral+alcista+incertidumbre · expo 0.1 · stop 15% · span 5.0% · venta 0.5–1.5% · lateral · 3 monedas · graceful-stop 0.03;-0,72;0,17;-0,72;-19,38;-0,35;-4,41;-12,4;3,1;-3,69
scalper;True;scalper neat long · scalper · lateral+alcista+incertidumbre · expo 0.1 · stop 15% · span 5.0% · venta 1.0–2.4% · lateral · 3 monedas · graceful-stop 0.03;-0,34;-0,44;-0,44;-21,21;-0,23;-2,76;-9,63;0,0;-4,96
scalper;True;scalper neat long · scalper · lateral+alcista+incertidumbre · expo 0.1 · stop sin stop · span 2.5% · venta 0.5–1.5% · lateral · 3 monedas · graceful-stop 0.03;-0,43;-0,8;-0,8;-24,81;0,0;0,0;0,0;0,0;-7,66
scalper;True;scalper neat long · scalper · lateral+alcista+incertidumbre · expo 0.1 · stop sin stop · span 2.5% · venta 1.0–2.4% · lateral · 3 monedas · graceful-stop 0.03;-0,22;-0,76;-0,76;-24,7;0,0;0,0;0,0;0,0;-6,16
scalper;True;scalper neat long · lag_long · lateral+alcista+incertidumbre · expo 0.1 · stop 15% · span 5.0% · venta 1.0–2.4% · lateral · 3 monedas · graceful-stop 0.03;-0,66;0,39;-0,66;-18,63;-0,49;-6,06;-17,97;3,1;-2,05
scalper;True;scalper neat long · lag_long · lateral+alcista+incertidumbre · expo 0.1 · stop sin stop · span 2.5% · venta 1.0–2.4% · lateral · 3 monedas · graceful-stop 0.03;-0,98;-0,13;-0,98;-24,95;0,0;0,0;0,0;0,0;-7,05
scalper;True;scalper neat long · scalper · lateral+alcista+incertidumbre · expo 0.1 · stop sin stop · span 5.0% · venta 0.5–1.5% · lateral · 3 monedas · graceful-stop 0.03;-0,72;-0,29;-0,72;-24,0;-0,22;-2,71;-9,46;0,0;-6,45
scalper;True;scalper neat long · scalper · lateral+alcista+incertidumbre · expo 0.1 · stop sin stop · span 5.0% · venta 1.0–2.4% · lateral · 3 monedas · graceful-stop 0.03;-0,34;-0,44;-0,44;-21,21;-0,23;-2,76;-9,63;0,0;-4,96
scalper;True;scalper neat long · lag_long · lateral+alcista+incertidumbre · expo 0.1 · stop sin stop · span 5.0% · venta 0.5–1.5% · lateral · 3 monedas · graceful-stop 0.03;-0,72;0,17;-0,72;-19,38;-0,35;-4,41;-12,4;3,1;-3,69
scalper;True;scalper neat long · scalper · lateral+alcista+incertidumbre · expo 0.1 · stop 15% · span 2.5% · venta 0.5–1.5% · lateral · 3 monedas · graceful-stop 0.05;-0,3;-0,76;-0,76;-24,48;0,0;0,0;0,0;0,0;-6,6
scalper;True;scalper neat long · lag_long · lateral+alcista+incertidumbre · expo 0.1 · stop sin stop · span 5.0% · venta 1.0–2.4% · lateral · 3 monedas · graceful-stop 0.03;-0,66;0,39;-0,66;-18,63;-0,49;-6,06;-17,97;3,1;-2,05
scalper;True;scalper neat long · scalper · lateral+alcista+incertidumbre · expo 0.1 · stop 15% · span 2.5% · venta 1.0–2.4% · lateral · 3 monedas · graceful-stop 0.05;-0,06;-0,76;-0,76;-24,9;0,0;0,0;0,0;0,0;-5,16
scalper;True;scalper neat long · scalper · lateral+alcista+incertidumbre · expo 0.1 · stop 15% · span 5.0% · venta 0.5–1.5% · lateral · 3 monedas · graceful-stop 0.05;-0,48;-0,36;-0,48;-22,52;-0,22;-2,78;-9,56;0,0;-5,4
scalper;True;scalper neat long · scalper · lateral+alcista+incertidumbre · expo 0.1 · stop 15% · span 5.0% · venta 1.0–2.4% · lateral · 3 monedas · graceful-stop 0.05;-0,18;-0,32;-0,32;-19,56;-0,29;-3,49;-12,11;0,0;-3,26
scalper;True;scalper neat long · scalper · lateral+alcista+incertidumbre · expo 0.1 · stop sin stop · span 2.5% · venta 0.5–1.5% · lateral · 3 monedas · graceful-stop 0.05;-0,3;-0,76;-0,76;-24,48;0,0;0,0;0,0;0,0;-6,6
scalper;True;scalper neat long · lag_long · lateral+alcista+incertidumbre · expo 0.1 · stop 15% · span 5.0% · venta 0.5–1.5% · lateral · 3 monedas · graceful-stop 0.05;-0,75;0,07;-0,75;-23,29;-0,27;-3,24;-9,4;0,0;-4,52
scalper;True;scalper neat long · scalper · lateral+alcista+incertidumbre · expo 0.1 · stop sin stop · span 2.5% · venta 1.0–2.4% · lateral · 3 monedas · graceful-stop 0.05;-0,06;-0,76;-0,76;-24,9;0,0;0,0;0,0;0,0;-5,16
scalper;True;scalper neat long · lag_long · lateral+alcista+incertidumbre · expo 0.1 · stop 15% · span 5.0% · venta 1.0–2.4% · lateral · 3 monedas · graceful-stop 0.05;-0,53;0,38;-0,53;-16,27;-0,57;-6,91;-19,48;3,1;-1,29
scalper;True;scalper neat long · scalper · lateral+alcista+incertidumbre · expo 0.1 · stop sin stop · span 5.0% · venta 0.5–1.5% · lateral · 3 monedas · graceful-stop 0.05;-0,48;-0,36;-0,48;-22,52;-0,22;-2,78;-9,56;0,0;-5,4
scalper;True;scalper neat long · scalper · lateral+alcista+incertidumbre · expo 0.1 · stop sin stop · span 5.0% · venta 1.0–2.4% · lateral · 3 monedas · graceful-stop 0.05;-0,18;-0,32;-0,32;-19,56;-0,29;-3,49;-12,11;0,0;-3,26
scalper;True;scalper neat long · lag_long · lateral+alcista+incertidumbre · expo 0.1 · stop sin stop · span 5.0% · venta 0.5–1.5% · lateral · 3 monedas · graceful-stop 0.05;-0,75;0,07;-0,75;-23,29;-0,27;-3,24;-9,4;0,0;-4,52
scalper;True;scalper neat long · lag_long · lateral+alcista+incertidumbre · expo 0.1 · stop sin stop · span 5.0% · venta 1.0–2.4% · lateral · 3 monedas · graceful-stop 0.05;-0,53;0,38;-0,53;-16,27;-0,57;-6,91;-19,48;3,1;-1,29
scalper;True;scalper neat long · lag_long · lateral+alcista+incertidumbre · expo 0.1 · stop 15% · span 2.5% · venta 0.5–1.5% · lateral · 3 monedas · graceful-stop 0.08;-0,76;-0,3;-0,76;-24,7;0,0;0,0;0,0;0,0;-6,88
scalper;True;scalper neat long · scalper · lateral+alcista+incertidumbre · expo 0.1 · stop 15% · span 5.0% · venta 0.5–1.5% · lateral · 3 monedas · graceful-stop 0.08;-0,44;-0,36;-0,44;-22,94;-0,26;-3,18;-10,23;0,0;-5,12
scalper;True;scalper neat long · scalper · lateral+alcista+incertidumbre · expo 0.1 · stop 15% · span 5.0% · venta 1.0–2.4% · lateral · 3 monedas · graceful-stop 0.08;-0,09;-0,35;-0,35;-20,37;-0,29;-3,55;-10,89;0,0;-2,95
scalper;True;scalper neat long · lag_long · lateral+alcista+incertidumbre · expo 0.1 · stop sin stop · span 2.5% · venta 0.5–1.5% · lateral · 3 monedas · graceful-stop 0.08;-0,76;-0,3;-0,76;-24,7;0,0;0,0;0,0;0,0;-6,88
scalper;True;scalper neat long · lag_long · lateral+alcista+incertidumbre · expo 0.1 · stop 15% · span 2.5% · venta 1.0–2.4% · lateral · 3 monedas · graceful-stop 0.08;-0,61;0,11;-0,61;-20,52;-0,31;-3,89;-12,24;3,1;-3,59
scalper;True;scalper neat long · lag_long · lateral+alcista+incertidumbre · expo 0.1 · stop 15% · span 5.0% · venta 1.0–2.4% · lateral · 3 monedas · graceful-stop 0.08;-0,58;0,44;-0,58;-17,84;-0,53;-6,52;-19,36;3,1;-1,41
scalper;True;scalper neat long · scalper · lateral+alcista+incertidumbre · expo 0.1 · stop sin stop · span 5.0% · venta 0.5–1.5% · lateral · 3 monedas · graceful-stop 0.08;-0,44;-0,36;-0,44;-22,94;-0,26;-3,18;-10,23;0,0;-5,12
scalper;True;scalper neat long · lag_long · lateral+alcista+incertidumbre · expo 0.1 · stop sin stop · span 2.5% · venta 1.0–2.4% · lateral · 3 monedas · graceful-stop 0.08;-0,61;0,11;-0,61;-20,52;-0,31;-3,89;-12,24;3,1;-3,59
scalper;True;scalper neat long · scalper · lateral+alcista+incertidumbre · expo 0.1 · stop sin stop · span 5.0% · venta 1.0–2.4% · lateral · 3 monedas · graceful-stop 0.08;-0,09;-0,35;-0,35;-20,37;-0,29;-3,55;-10,89;0,0;-2,95
scalper;True;scalper neat long · lag_long · lateral+alcista+incertidumbre · expo 0.1 · stop sin stop · span 5.0% · venta 1.0–2.4% · lateral · 3 monedas · graceful-stop 0.08;-0,58;0,44;-0,58;-17,84;-0,53;-6,52;-19,36;3,1;-1,41
scalper;True;scalper neat long · scalper · lateral+alcista+incertidumbre · expo 0.1 · stop 15% · span 2.5% · venta 0.5–1.5% · lateral · 3 monedas · graceful-stop None;-0,2;-0,73;-0,73;-24,66;0,0;0,0;0,0;0,0;-5,87
scalper;True;scalper neat long · scalper · lateral+alcista+incertidumbre · expo 0.1 · stop 15% · span 5.0% · venta 0.5–1.5% · lateral · 3 monedas · graceful-stop None;-0,49;-0,66;-0,66;-24,2;0,0;0,0;0,0;0,0;-7,22
scalper;True;scalper neat long · scalper · lateral+alcista+incertidumbre · expo 0.1 · stop 15% · span 2.5% · venta 1.0–2.4% · lateral · 3 monedas · graceful-stop None;-0,07;-0,6;-0,6;-24,61;0,0;0,0;0,0;0,0;-4,32
scalper;True;scalper neat long · scalper · lateral+alcista+incertidumbre · expo 0.1 · stop 15% · span 5.0% · venta 1.0–2.4% · lateral · 3 monedas · graceful-stop None;-0,2;-0,36;-0,36;-24,0;-0,21;-2,66;-9,76;3,1;-3,77
scalper;True;scalper neat long · lag_long · lateral+alcista+incertidumbre · expo 0.1 · stop 15% · span 2.5% · venta 1.0–2.4% · lateral · 3 monedas · graceful-stop None;-0,48;-0,44;-0,48;-24,61;0,0;0,0;0,0;0,0;-6,23
scalper;True;scalper neat long · lag_long · lateral+alcista+incertidumbre · expo 0.1 · stop 15% · span 5.0% · venta 0.5–1.5% · lateral · 3 monedas · graceful-stop None;-0,77;0,18;-0,77;-22,72;-0,29;-3,71;-12,45;3,1;-4,09
scalper;True;scalper neat long · scalper · lateral+alcista+incertidumbre · expo 0.1 · stop sin stop · span 2.5% · venta 0.5–1.5% · lateral · 3 monedas · graceful-stop None;-0,2;-0,73;-0,73;-24,66;0,0;0,0;0,0;0,0;-5,87
scalper;True;scalper neat long · scalper · lateral+alcista+incertidumbre · expo 0.1 · stop sin stop · span 2.5% · venta 1.0–2.4% · lateral · 3 monedas · graceful-stop None;-0,07;-0,6;-0,6;-24,61;0,0;0,0;0,0;0,0;-4,32
scalper;True;scalper neat long · lag_long · lateral+alcista+incertidumbre · expo 0.1 · stop 15% · span 5.0% · venta 1.0–2.4% · lateral · 3 monedas · graceful-stop None;-0,77;0,48;-0,77;-21,35;-0,45;-5,62;-18,69;9,4;-2,38
scalper;True;scalper neat long · lag_long · lateral+alcista+incertidumbre · expo 0.1 · stop sin stop · span 2.5% · venta 1.0–2.4% · lateral · 3 monedas · graceful-stop None;-0,48;-0,44;-0,48;-24,61;0,0;0,0;0,0;0,0;-6,23
scalper;True;scalper neat long · scalper · lateral+alcista+incertidumbre · expo 0.1 · stop sin stop · span 5.0% · venta 0.5–1.5% · lateral · 3 monedas · graceful-stop None;-0,49;-0,66;-0,66;-24,2;0,0;0,0;0,0;0,0;-7,22
scalper;True;scalper neat long · lag_long · lateral+alcista+incertidumbre · expo 0.1 · stop sin stop · span 5.0% · venta 0.5–1.5% · lateral · 3 monedas · graceful-stop None;-0,77;0,18;-0,77;-22,72;-0,29;-3,71;-12,45;3,1;-4,09
scalper;True;scalper neat long · scalper · lateral+alcista+incertidumbre · expo 0.1 · stop sin stop · span 5.0% · venta 1.0–2.4% · lateral · 3 monedas · graceful-stop None;-0,2;-0,36;-0,36;-24,0;-0,21;-2,66;-9,76;3,1;-3,77
scalper;True;scalper neat long · lag_long · lateral+alcista+incertidumbre · expo 0.1 · stop sin stop · span 5.0% · venta 1.0–2.4% · lateral · 3 monedas · graceful-stop None;-0,77;0,48;-0,77;-21,35;-0,45;-5,62;-18,69;9,4;-2,38
scalper;True;scalper neat long · lag_long · lateral+alcista+incertidumbre · expo 0.1 · stop 15% · span 2.5% · venta 1.0–2.4% · lateral · 5 monedas · graceful-stop 0.03;-0,96;0,0;-0,96;-24,45;0,0;0,0;0,0;0,0;-6,38
scalper;True;scalper neat long · scalper · lateral+alcista+incertidumbre · expo 0.1 · stop 15% · span 2.5% · venta 0.5–1.5% · lateral · 5 monedas · graceful-stop 0.03;-0,31;-0,69;-0,69;-24,7;0,0;0,0;0,0;0,0;-6,39
scalper;True;scalper neat long · scalper · lateral+alcista+incertidumbre · expo 0.1 · stop 15% · span 2.5% · venta 1.0–2.4% · lateral · 5 monedas · graceful-stop 0.03;0,26;-0,7;-0,7;-24,86;0,0;0,0;0,0;0,0;-2,89
scalper;True;scalper neat long · scalper · lateral+alcista+incertidumbre · expo 0.1 · stop 15% · span 5.0% · venta 1.0–2.4% · lateral · 5 monedas · graceful-stop 0.03;-0,22;-0,61;-0,61;-24,84;0,0;0,0;0,0;0,0;-5,33
scalper;True;scalper neat long · scalper · lateral+alcista+incertidumbre · expo 0.1 · stop 15% · span 5.0% · venta 0.5–1.5% · lateral · 5 monedas · graceful-stop 0.03;-0,55;-0,5;-0,55;-24,6;0,0;0,0;0,0;0,0;-6,61
scalper;True;scalper neat long · scalper · lateral+alcista+incertidumbre · expo 0.1 · stop sin stop · span 2.5% · venta 0.5–1.5% · lateral · 5 monedas · graceful-stop 0.03;-0,31;-0,69;-0,69;-24,7;0,0;0,0;0,0;0,0;-6,39
scalper;True;scalper neat long · lag_long · lateral+alcista+incertidumbre · expo 0.1 · stop 15% · span 5.0% · venta 1.0–2.4% · lateral · 5 monedas · graceful-stop 0.03;-0,52;0,35;-0,52;-19,63;-0,46;-5,77;-18,13;3,1;-1,5
scalper;True;scalper neat long · scalper · lateral+alcista+incertidumbre · expo 0.1 · stop sin stop · span 2.5% · venta 1.0–2.4% · lateral · 5 monedas · graceful-stop 0.03;0,26;-0,7;-0,7;-24,86;0,0;0,0;0,0;0,0;-2,89
scalper;True;scalper neat long · lag_long · lateral+alcista+incertidumbre · expo 0.1 · stop sin stop · span 2.5% · venta 1.0–2.4% · lateral · 5 monedas · graceful-stop 0.03;-0,96;0,0;-0,96;-24,45;0,0;0,0;0,0;0,0;-6,38
scalper;True;scalper neat long · scalper · lateral+alcista+incertidumbre · expo 0.1 · stop sin stop · span 5.0% · venta 0.5–1.5% · lateral · 5 monedas · graceful-stop 0.03;-0,55;-0,5;-0,55;-24,6;0,0;0,0;0,0;0,0;-6,61
scalper;True;scalper neat long · scalper · lateral+alcista+incertidumbre · expo 0.1 · stop sin stop · span 5.0% · venta 1.0–2.4% · lateral · 5 monedas · graceful-stop 0.03;-0,22;-0,61;-0,61;-24,84;0,0;0,0;0,0;0,0;-5,33
scalper;True;scalper neat long · scalper · lateral+alcista+incertidumbre · expo 0.1 · stop 15% · span 2.5% · venta 0.5–1.5% · lateral · 5 monedas · graceful-stop 0.05;-0,26;-0,56;-0,56;-23,36;0,0;0,0;0,0;0,0;-5,3
scalper;True;scalper neat long · scalper · lateral+alcista+incertidumbre · expo 0.1 · stop 15% · span 2.5% · venta 1.0–2.4% · lateral · 5 monedas · graceful-stop 0.05;0,34;-0,7;-0,7;-24,77;0,0;0,0;0,0;0,0;-2,41
scalper;True;scalper neat long · lag_long · lateral+alcista+incertidumbre · expo 0.1 · stop 15% · span 2.5% · venta 0.5–1.5% · lateral · 5 monedas · graceful-stop 0.05;-1,19;0,0;-1,19;-24,77;0,0;0,0;0,0;0,0;-7,79
scalper;True;scalper neat long · lag_long · lateral+alcista+incertidumbre · expo 0.1 · stop 15% · span 2.5% · venta 1.0–2.4% · lateral · 5 monedas · graceful-stop 0.05;-0,76;-0,05;-0,76;-24,58;0,0;0,0;0,0;0,0;-5,49
scalper;True;scalper neat long · lag_long · lateral+alcista+incertidumbre · expo 0.1 · stop sin stop · span 5.0% · venta 1.0–2.4% · lateral · 5 monedas · graceful-stop 0.03;-0,52;0,35;-0,52;-19,63;-0,46;-5,77;-18,13;3,1;-1,5
scalper;True;scalper neat long · scalper · lateral+alcista+incertidumbre · expo 0.1 · stop 15% · span 5.0% · venta 0.5–1.5% · lateral · 5 monedas · graceful-stop 0.05;-0,65;-0,29;-0,65;-23,78;0,0;0,0;0,0;0,0;-6,04
scalper;True;scalper neat long · scalper · lateral+alcista+incertidumbre · expo 0.1 · stop 15% · span 5.0% · venta 1.0–2.4% · lateral · 5 monedas · graceful-stop 0.05;-0,16;-0,44;-0,44;-23,9;0,0;0,0;0,0;0,0;-4,03
scalper;True;scalper neat long · lag_long · lateral+alcista+incertidumbre · expo 0.1 · stop 15% · span 5.0% · venta 0.5–1.5% · lateral · 5 monedas · graceful-stop 0.05;-0,71;0,32;-0,71;-22,9;-0,33;-4,03;-12,83;0,0;-2,92
scalper;True;scalper neat long · scalper · lateral+alcista+incertidumbre · expo 0.1 · stop sin stop · span 2.5% · venta 0.5–1.5% · lateral · 5 monedas · graceful-stop 0.05;-0,26;-0,56;-0,56;-23,36;0,0;0,0;0,0;0,0;-5,3
scalper;True;scalper neat long · lag_long · lateral+alcista+incertidumbre · expo 0.1 · stop 15% · span 5.0% · venta 1.0–2.4% · lateral · 5 monedas · graceful-stop 0.05;-0,48;0,28;-0,48;-21,99;-0,4;-5,02;-16,56;3,1;-1,84
scalper;True;scalper neat long · lag_long · lateral+alcista+incertidumbre · expo 0.1 · stop sin stop · span 2.5% · venta 0.5–1.5% · lateral · 5 monedas · graceful-stop 0.05;-1,19;0,0;-1,19;-24,77;0,0;0,0;0,0;0,0;-7,79
scalper;True;scalper neat long · scalper · lateral+alcista+incertidumbre · expo 0.1 · stop sin stop · span 2.5% · venta 1.0–2.4% · lateral · 5 monedas · graceful-stop 0.05;0,34;-0,7;-0,7;-24,77;0,0;0,0;0,0;0,0;-2,41
scalper;True;scalper neat long · lag_long · lateral+alcista+incertidumbre · expo 0.1 · stop sin stop · span 2.5% · venta 1.0–2.4% · lateral · 5 monedas · graceful-stop 0.05;-0,76;-0,05;-0,76;-24,58;0,0;0,0;0,0;0,0;-5,49
scalper;True;scalper neat long · scalper · lateral+alcista+incertidumbre · expo 0.1 · stop sin stop · span 5.0% · venta 0.5–1.5% · lateral · 5 monedas · graceful-stop 0.05;-0,65;-0,29;-0,65;-23,78;0,0;0,0;0,0;0,0;-6,04
scalper;True;scalper neat long · scalper · lateral+alcista+incertidumbre · expo 0.1 · stop sin stop · span 5.0% · venta 1.0–2.4% · lateral · 5 monedas · graceful-stop 0.05;-0,16;-0,44;-0,44;-23,9;0,0;0,0;0,0;0,0;-4,03
scalper;True;scalper neat long · scalper · lateral+alcista+incertidumbre · expo 0.1 · stop 15% · span 2.5% · venta 0.5–1.5% · lateral · 5 monedas · graceful-stop 0.08;-0,14;-0,65;-0,65;-24,86;0,0;0,0;0,0;0,0;-5,18
scalper;True;scalper neat long · lag_long · lateral+alcista+incertidumbre · expo 0.1 · stop 15% · span 2.5% · venta 0.5–1.5% · lateral · 5 monedas · graceful-stop 0.08;-0,92;-0,13;-0,92;-24,64;0,0;0,0;0,0;0,0;-6,89
scalper;True;scalper neat long · scalper · lateral+alcista+incertidumbre · expo 0.1 · stop 15% · span 2.5% · venta 1.0–2.4% · lateral · 5 monedas · graceful-stop 0.08;0,25;-0,4;-0,4;-24,41;0,0;0,0;0,0;0,0;-1,26
scalper;True;scalper neat long · lag_long · lateral+alcista+incertidumbre · expo 0.1 · stop sin stop · span 5.0% · venta 0.5–1.5% · lateral · 5 monedas · graceful-stop 0.05;-0,71;0,32;-0,71;-22,9;-0,33;-4,03;-12,83;0,0;-2,92
scalper;True;scalper neat long · lag_long · lateral+alcista+incertidumbre · expo 0.1 · stop 15% · span 2.5% · venta 1.0–2.4% · lateral · 5 monedas · graceful-stop 0.08;-0,65;-0,05;-0,65;-24,13;0,0;0,0;0,0;0,0;-4,89
scalper;True;scalper neat long · lag_long · lateral+alcista+incertidumbre · expo 0.1 · stop sin stop · span 5.0% · venta 1.0–2.4% · lateral · 5 monedas · graceful-stop 0.05;-0,48;0,28;-0,48;-21,99;-0,4;-5,02;-16,56;3,1;-1,84
scalper;True;scalper neat long · scalper · lateral+alcista+incertidumbre · expo 0.1 · stop 15% · span 5.0% · venta 0.5–1.5% · lateral · 5 monedas · graceful-stop 0.08;-0,74;-0,16;-0,74;-23,53;0,0;0,0;0,0;0,0;-5,9
scalper;True;scalper neat long · lag_long · lateral+alcista+incertidumbre · expo 0.1 · stop 15% · span 5.0% · venta 0.5–1.5% · lateral · 5 monedas · graceful-stop 0.08;-0,85;0,0;-0,85;-24,77;0,0;0,0;0,0;0,0;-5,71
scalper;True;scalper neat long · scalper · lateral+alcista+incertidumbre · expo 0.1 · stop sin stop · span 2.5% · venta 0.5–1.5% · lateral · 5 monedas · graceful-stop 0.08;-0,14;-0,65;-0,65;-24,86;0,0;0,0;0,0;0,0;-5,18
scalper;True;scalper neat long · lag_long · lateral+alcista+incertidumbre · expo 0.1 · stop 15% · span 5.0% · venta 1.0–2.4% · lateral · 5 monedas · graceful-stop 0.08;-0,23;0,16;-0,23;-21,61;-0,35;-4,51;-15,13;3,1;-1,02
scalper;True;scalper neat long · lag_long · lateral+alcista+incertidumbre · expo 0.1 · stop sin stop · span 2.5% · venta 1.0–2.4% · lateral · 5 monedas · graceful-stop 0.08;-0,65;-0,05;-0,65;-24,13;0,0;0,0;0,0;0,0;-4,89
scalper;True;scalper neat long · scalper · lateral+alcista+incertidumbre · expo 0.1 · stop sin stop · span 2.5% · venta 1.0–2.4% · lateral · 5 monedas · graceful-stop 0.08;0,25;-0,4;-0,4;-24,41;0,0;0,0;0,0;0,0;-1,26
scalper;True;scalper neat long · lag_long · lateral+alcista+incertidumbre · expo 0.1 · stop sin stop · span 2.5% · venta 0.5–1.5% · lateral · 5 monedas · graceful-stop 0.08;-0,92;-0,13;-0,92;-24,64;0,0;0,0;0,0;0,0;-6,89
scalper;True;scalper neat long · scalper · lateral+alcista+incertidumbre · expo 0.1 · stop sin stop · span 5.0% · venta 0.5–1.5% · lateral · 5 monedas · graceful-stop 0.08;-0,74;-0,16;-0,74;-23,53;0,0;0,0;0,0;0,0;-5,9
scalper;True;scalper neat long · lag_long · lateral+alcista+incertidumbre · expo 0.1 · stop sin stop · span 5.0% · venta 0.5–1.5% · lateral · 5 monedas · graceful-stop 0.08;-0,85;0,0;-0,85;-24,77;0,0;0,0;0,0;0,0;-5,71
scalper;True;scalper neat long · scalper · lateral+alcista+incertidumbre · expo 0.1 · stop 15% · span 2.5% · venta 0.5–1.5% · lateral · 5 monedas · graceful-stop None;-0,64;-0,13;-0,64;-24,61;0,0;0,0;0,0;0,0;-5,23
scalper;True;scalper neat long · lag_long · lateral+alcista+incertidumbre · expo 0.1 · stop 15% · span 2.5% · venta 0.5–1.5% · lateral · 5 monedas · graceful-stop None;-0,92;0,0;-0,92;-24,85;0,0;0,0;0,0;0,0;-6,32
scalper;True;scalper neat long · lag_long · lateral+alcista+incertidumbre · expo 0.1 · stop sin stop · span 5.0% · venta 1.0–2.4% · lateral · 5 monedas · graceful-stop 0.08;-0,23;0,16;-0,23;-21,61;-0,35;-4,51;-15,13;3,1;-1,02
scalper;True;scalper neat long · scalper · lateral+alcista+incertidumbre · expo 0.1 · stop 15% · span 2.5% · venta 1.0–2.4% · lateral · 5 monedas · graceful-stop None;0,18;-0,34;-0,34;-24,72;0,0;0,0;0,0;0,0;-1,34
scalper;True;scalper neat long · scalper · lateral+alcista+incertidumbre · expo 0.1 · stop 15% · span 5.0% · venta 0.5–1.5% · lateral · 5 monedas · graceful-stop None;-0,76;-0,27;-0,76;-23,68;0,0;0,0;0,0;0,0;-6,66
scalper;True;scalper neat long · lag_long · lateral+alcista+incertidumbre · expo 0.1 · stop 15% · span 2.5% · venta 1.0–2.4% · lateral · 5 monedas · graceful-stop None;-0,47;-0,05;-0,47;-24,07;0,0;0,0;0,0;0,0;-3,84
scalper;True;scalper neat long · lag_long · lateral+alcista+incertidumbre · expo 0.1 · stop 15% · span 5.0% · venta 0.5–1.5% · lateral · 5 monedas · graceful-stop None;-0,85;0,0;-0,85;-24,2;0,0;0,0;0,0;0,0;-5,66
scalper;True;scalper neat long · scalper · lateral+alcista+incertidumbre · expo 0.1 · stop 15% · span 5.0% · venta 1.0–2.4% · lateral · 5 monedas · graceful-stop None;-0,27;-0,35;-0,35;-24,82;0,0;0,0;0,0;0,0;-4,31
scalper;True;scalper neat long · scalper · lateral+alcista+incertidumbre · expo 0.1 · stop sin stop · span 2.5% · venta 0.5–1.5% · lateral · 5 monedas · graceful-stop None;-0,64;-0,13;-0,64;-24,61;0,0;0,0;0,0;0,0;-5,23
scalper;True;scalper neat long · lag_long · lateral+alcista+incertidumbre · expo 0.1 · stop sin stop · span 2.5% · venta 0.5–1.5% · lateral · 5 monedas · graceful-stop None;-0,92;0,0;-0,92;-24,85;0,0;0,0;0,0;0,0;-6,32
scalper;True;scalper neat long · lag_long · lateral+alcista+incertidumbre · expo 0.1 · stop 15% · span 5.0% · venta 1.0–2.4% · lateral · 5 monedas · graceful-stop None;-0,64;-0,06;-0,64;-24,31;0,0;0,0;0,0;0,0;-5,08
scalper;True;scalper neat long · scalper · lateral+alcista+incertidumbre · expo 0.1 · stop sin stop · span 2.5% · venta 1.0–2.4% · lateral · 5 monedas · graceful-stop None;0,18;-0,34;-0,34;-24,72;0,0;0,0;0,0;0,0;-1,34
scalper;True;scalper neat long · scalper · lateral+alcista+incertidumbre · expo 0.1 · stop sin stop · span 5.0% · venta 0.5–1.5% · lateral · 5 monedas · graceful-stop None;-0,76;-0,27;-0,76;-23,68;0,0;0,0;0,0;0,0;-6,66
scalper;True;scalper neat long · lag_long · lateral+alcista+incertidumbre · expo 0.1 · stop sin stop · span 2.5% · venta 1.0–2.4% · lateral · 5 monedas · graceful-stop None;-0,47;-0,05;-0,47;-24,07;0,0;0,0;0,0;0,0;-3,84
scalper;True;scalper neat long · lag_long · lateral+alcista+incertidumbre · expo 0.1 · stop sin stop · span 5.0% · venta 0.5–1.5% · lateral · 5 monedas · graceful-stop None;-0,85;0,0;-0,85;-24,2;0,0;0,0;0,0;0,0;-5,66
scalper;True;scalper neat long · scalper · lateral+alcista+incertidumbre · expo 0.1 · stop sin stop · span 5.0% · venta 1.0–2.4% · lateral · 5 monedas · graceful-stop None;-0,27;-0,35;-0,35;-24,82;0,0;0,0;0,0;0,0;-4,31
scalper;True;scalper neat long · lag_long · lateral+alcista+incertidumbre · expo 0.1 · stop sin stop · span 5.0% · venta 1.0–2.4% · lateral · 5 monedas · graceful-stop None;-0,64;-0,06;-0,64;-24,31;0,0;0,0;0,0;0,0;-5,08
scalper;True;scalper neat long · scalper · lateral+alcista+incertidumbre · expo 0.1 · stop 15% · span 2.5% · venta 0.5–1.5% · lateral · 8 monedas · graceful-stop 0.03;-1,12;-0,11;-1,12;-24,81;0,0;0,0;0,0;0,0;-7,99
scalper;True;scalper neat long · lag_long · lateral+alcista+incertidumbre · expo 0.1 · stop 15% · span 2.5% · venta 0.5–1.5% · lateral · 8 monedas · graceful-stop 0.03;-0,95;0,0;-0,95;-24,77;0,0;0,0;0,0;0,0;-6,43
scalper;True;scalper neat long · scalper · lateral+alcista+incertidumbre · expo 0.1 · stop 15% · span 2.5% · venta 1.0–2.4% · lateral · 8 monedas · graceful-stop 0.03;-0,24;-0,26;-0,26;-24,9;0,0;0,0;0,0;0,0;-3,54
scalper;True;scalper neat long · lag_long · lateral+alcista+incertidumbre · expo 0.1 · stop 15% · span 2.5% · venta 1.0–2.4% · lateral · 8 monedas · graceful-stop 0.03;-0,59;0,0;-0,59;-24,68;0,0;0,0;0,0;0,0;-4,24
scalper;True;scalper neat long · scalper · lateral+alcista+incertidumbre · expo 0.1 · stop 15% · span 5.0% · venta 0.5–1.5% · lateral · 8 monedas · graceful-stop 0.03;-0,63;-0,24;-0,63;-23,81;0,0;0,0;0,0;0,0;-5,76
scalper;True;scalper neat long · scalper · lateral+alcista+incertidumbre · expo 0.1 · stop 15% · span 5.0% · venta 1.0–2.4% · lateral · 8 monedas · graceful-stop 0.03;-0,15;-0,44;-0,44;-24,16;0,0;0,0;0,0;0,0;-4,06
scalper;True;scalper neat long · scalper · lateral+alcista+incertidumbre · expo 0.1 · stop sin stop · span 2.5% · venta 0.5–1.5% · lateral · 8 monedas · graceful-stop 0.03;-1,12;-0,11;-1,12;-24,81;0,0;0,0;0,0;0,0;-7,99
scalper;True;scalper neat long · lag_long · lateral+alcista+incertidumbre · expo 0.1 · stop sin stop · span 2.5% · venta 1.0–2.4% · lateral · 8 monedas · graceful-stop 0.03;-0,59;0,0;-0,59;-24,68;0,0;0,0;0,0;0,0;-4,24
scalper;True;scalper neat long · scalper · lateral+alcista+incertidumbre · expo 0.1 · stop sin stop · span 2.5% · venta 1.0–2.4% · lateral · 8 monedas · graceful-stop 0.03;-0,24;-0,26;-0,26;-24,9;0,0;0,0;0,0;0,0;-3,54
scalper;True;scalper neat long · lag_long · lateral+alcista+incertidumbre · expo 0.1 · stop sin stop · span 2.5% · venta 0.5–1.5% · lateral · 8 monedas · graceful-stop 0.03;-0,95;0,0;-0,95;-24,77;0,0;0,0;0,0;0,0;-6,43
scalper;True;scalper neat long · lag_long · lateral+alcista+incertidumbre · expo 0.1 · stop 15% · span 5.0% · venta 1.0–2.4% · lateral · 8 monedas · graceful-stop 0.03;-0,38;-0,11;-0,38;-24,85;0,0;0,0;0,0;0,0;-3,75
scalper;True;scalper neat long · scalper · lateral+alcista+incertidumbre · expo 0.1 · stop sin stop · span 5.0% · venta 0.5–1.5% · lateral · 8 monedas · graceful-stop 0.03;-0,63;-0,24;-0,63;-23,81;0,0;0,0;0,0;0,0;-5,76
scalper;True;scalper neat long · scalper · lateral+alcista+incertidumbre · expo 0.1 · stop sin stop · span 5.0% · venta 1.0–2.4% · lateral · 8 monedas · graceful-stop 0.03;-0,15;-0,44;-0,44;-24,16;0,0;0,0;0,0;0,0;-4,06
scalper;True;scalper neat long · lag_long · lateral+alcista+incertidumbre · expo 0.1 · stop sin stop · span 5.0% · venta 1.0–2.4% · lateral · 8 monedas · graceful-stop 0.03;-0,38;-0,11;-0,38;-24,85;0,0;0,0;0,0;0,0;-3,75
scalper;True;scalper neat long · scalper · lateral+alcista+incertidumbre · expo 0.1 · stop 15% · span 2.5% · venta 0.5–1.5% · lateral · 8 monedas · graceful-stop 0.05;-0,84;-0,18;-0,84;-24,23;0,0;0,0;0,0;0,0;-6,86
scalper;True;scalper neat long · lag_long · lateral+alcista+incertidumbre · expo 0.1 · stop 15% · span 2.5% · venta 0.5–1.5% · lateral · 8 monedas · graceful-stop 0.05;-0,83;0,0;-0,83;-24,79;0,0;0,0;0,0;0,0;-5,79
scalper;True;scalper neat long · scalper · lateral+alcista+incertidumbre · expo 0.1 · stop 15% · span 2.5% · venta 1.0–2.4% · lateral · 8 monedas · graceful-stop 0.05;0,07;-0,32;-0,32;-24,55;0,0;0,0;0,0;0,0;-2,1
scalper;True;scalper neat long · lag_long · lateral+alcista+incertidumbre · expo 0.1 · stop 15% · span 5.0% · venta 0.5–1.5% · lateral · 8 monedas · graceful-stop 0.05;-0,7;0,0;-0,7;-24,03;0,0;0,0;0,0;0,0;-4,75
scalper;True;scalper neat long · scalper · lateral+alcista+incertidumbre · expo 0.1 · stop 15% · span 5.0% · venta 1.0–2.4% · lateral · 8 monedas · graceful-stop 0.05;0,03;-0,42;-0,42;-24,68;0,0;0,0;0,0;0,0;-2,95
scalper;True;scalper neat long · scalper · lateral+alcista+incertidumbre · expo 0.1 · stop sin stop · span 2.5% · venta 0.5–1.5% · lateral · 8 monedas · graceful-stop 0.05;-0,84;-0,18;-0,84;-24,23;0,0;0,0;0,0;0,0;-6,86
scalper;True;scalper neat long · lag_long · lateral+alcista+incertidumbre · expo 0.1 · stop sin stop · span 2.5% · venta 0.5–1.5% · lateral · 8 monedas · graceful-stop 0.05;-0,83;0,0;-0,83;-24,79;0,0;0,0;0,0;0,0;-5,79
scalper;True;scalper neat long · scalper · lateral+alcista+incertidumbre · expo 0.1 · stop sin stop · span 2.5% · venta 1.0–2.4% · lateral · 8 monedas · graceful-stop 0.05;0,07;-0,32;-0,32;-24,55;0,0;0,0;0,0;0,0;-2,1
scalper;True;scalper neat long · lag_long · lateral+alcista+incertidumbre · expo 0.1 · stop sin stop · span 5.0% · venta 0.5–1.5% · lateral · 8 monedas · graceful-stop 0.05;-0,7;0,0;-0,7;-24,03;0,0;0,0;0,0;0,0;-4,75
scalper;True;scalper neat long · scalper · lateral+alcista+incertidumbre · expo 0.1 · stop sin stop · span 5.0% · venta 1.0–2.4% · lateral · 8 monedas · graceful-stop 0.05;0,03;-0,42;-0,42;-24,68;0,0;0,0;0,0;0,0;-2,95
scalper;True;scalper neat long · scalper · lateral+alcista+incertidumbre · expo 0.1 · stop 15% · span 2.5% · venta 0.5–1.5% · lateral · 8 monedas · graceful-stop 0.08;-0,55;-0,22;-0,55;-24,3;0,0;0,0;0,0;0,0;-5,45
scalper;True;scalper neat long · lag_long · lateral+alcista+incertidumbre · expo 0.1 · stop 15% · span 2.5% · venta 0.5–1.5% · lateral · 8 monedas · graceful-stop 0.08;-0,67;0,0;-0,67;-24,47;0,0;0,0;0,0;0,0;-4,94
scalper;True;scalper neat long · lag_long · lateral+alcista+incertidumbre · expo 0.1 · stop 15% · span 2.5% · venta 1.0–2.4% · lateral · 8 monedas · graceful-stop 0.08;-0,4;0,0;-0,4;-24,54;0,0;0,0;0,0;0,0;-3,17
scalper;True;scalper neat long · scalper · lateral+alcista+incertidumbre · expo 0.1 · stop 15% · span 2.5% · venta 1.0–2.4% · lateral · 8 monedas · graceful-stop 0.08;0,28;-0,19;-0,19;-24,47;0,0;0,0;0,0;0,0;-0,13
scalper;True;scalper neat long · lag_long · lateral+alcista+incertidumbre · expo 0.1 · stop 15% · span 5.0% · venta 0.5–1.5% · lateral · 8 monedas · graceful-stop 0.08;-0,56;0,0;-0,56;-24,54;0,0;0,0;0,0;0,0;-4,02
scalper;True;scalper neat long · scalper · lateral+alcista+incertidumbre · expo 0.1 · stop 15% · span 5.0% · venta 1.0–2.4% · lateral · 8 monedas · graceful-stop 0.08;0,18;-0,32;-0,32;-24,27;0,0;0,0;0,0;0,0;-1,51
scalper;True;scalper neat long · lag_long · lateral+alcista+incertidumbre · expo 0.1 · stop sin stop · span 2.5% · venta 0.5–1.5% · lateral · 8 monedas · graceful-stop 0.08;-0,67;0,0;-0,67;-24,47;0,0;0,0;0,0;0,0;-4,94
scalper;True;scalper neat long · scalper · lateral+alcista+incertidumbre · expo 0.1 · stop sin stop · span 2.5% · venta 1.0–2.4% · lateral · 8 monedas · graceful-stop 0.08;0,28;-0,19;-0,19;-24,47;0,0;0,0;0,0;0,0;-0,13
scalper;True;scalper neat long · scalper · lateral+alcista+incertidumbre · expo 0.1 · stop sin stop · span 2.5% · venta 0.5–1.5% · lateral · 8 monedas · graceful-stop 0.08;-0,55;-0,22;-0,55;-24,3;0,0;0,0;0,0;0,0;-5,45
scalper;True;scalper neat long · lag_long · lateral+alcista+incertidumbre · expo 0.1 · stop sin stop · span 2.5% · venta 1.0–2.4% · lateral · 8 monedas · graceful-stop 0.08;-0,4;0,0;-0,4;-24,54;0,0;0,0;0,0;0,0;-3,17
scalper;True;scalper neat long · scalper · lateral+alcista+incertidumbre · expo 0.1 · stop sin stop · span 5.0% · venta 1.0–2.4% · lateral · 8 monedas · graceful-stop 0.08;0,18;-0,32;-0,32;-24,27;0,0;0,0;0,0;0,0;-1,51
scalper;True;scalper neat long · lag_long · lateral+alcista+incertidumbre · expo 0.1 · stop sin stop · span 5.0% · venta 0.5–1.5% · lateral · 8 monedas · graceful-stop 0.08;-0,56;0,0;-0,56;-24,54;0,0;0,0;0,0;0,0;-4,02
scalper;True;scalper neat long · scalper · lateral+alcista+incertidumbre · expo 0.1 · stop 15% · span 2.5% · venta 0.5–1.5% · lateral · 8 monedas · graceful-stop None;-0,76;0,0;-0,76;-24,57;0,0;0,0;0,0;0,0;-5,56
scalper;True;scalper neat long · lag_long · lateral+alcista+incertidumbre · expo 0.1 · stop 15% · span 2.5% · venta 0.5–1.5% · lateral · 8 monedas · graceful-stop None;-0,61;0,0;-0,61;-24,62;0,0;0,0;0,0;0,0;-4,6
scalper;True;scalper neat long · lag_long · lateral+alcista+incertidumbre · expo 0.1 · stop 15% · span 2.5% · venta 1.0–2.4% · lateral · 8 monedas · graceful-stop None;-0,32;0,0;-0,32;-24,46;0,0;0,0;0,0;0,0;-2,74
scalper;True;scalper neat long · scalper · lateral+alcista+incertidumbre · expo 0.1 · stop 15% · span 2.5% · venta 1.0–2.4% · lateral · 8 monedas · graceful-stop None;0,19;-0,11;-0,11;-24,58;0,0;0,0;0,0;0,0;-0,11
scalper;True;scalper neat long · scalper · lateral+alcista+incertidumbre · expo 0.1 · stop 15% · span 5.0% · venta 0.5–1.5% · lateral · 8 monedas · graceful-stop None;-0,58;-0,2;-0,58;-24,48;0,0;0,0;0,0;0,0;-5,42
scalper;True;scalper neat long · lag_long · lateral+alcista+incertidumbre · expo 0.1 · stop 15% · span 5.0% · venta 0.5–1.5% · lateral · 8 monedas · graceful-stop None;-0,55;0,0;-0,55;-24,78;0,0;0,0;0,0;0,0;-3,93
scalper;True;scalper neat long · scalper · lateral+alcista+incertidumbre · expo 0.1 · stop 15% · span 5.0% · venta 1.0–2.4% · lateral · 8 monedas · graceful-stop None;0,05;-0,23;-0,23;-24,48;0,0;0,0;0,0;0,0;-1,73
scalper;True;scalper neat long · scalper · lateral+alcista+incertidumbre · expo 0.1 · stop sin stop · span 2.5% · venta 0.5–1.5% · lateral · 8 monedas · graceful-stop None;-0,76;0,0;-0,76;-24,57;0,0;0,0;0,0;0,0;-5,56
scalper;True;scalper neat long · lag_long · lateral+alcista+incertidumbre · expo 0.1 · stop 15% · span 5.0% · venta 1.0–2.4% · lateral · 8 monedas · graceful-stop None;-0,22;0,0;-0,22;-24,96;0,0;0,0;0,0;0,0;-2,08
scalper;True;scalper neat long · lag_long · lateral+alcista+incertidumbre · expo 0.1 · stop sin stop · span 2.5% · venta 0.5–1.5% · lateral · 8 monedas · graceful-stop None;-0,61;0,0;-0,61;-24,62;0,0;0,0;0,0;0,0;-4,6
scalper;True;scalper neat long · lag_long · lateral+alcista+incertidumbre · expo 0.1 · stop sin stop · span 2.5% · venta 1.0–2.4% · lateral · 8 monedas · graceful-stop None;-0,32;0,0;-0,32;-24,46;0,0;0,0;0,0;0,0;-2,74
scalper;True;scalper neat long · scalper · lateral+alcista+incertidumbre · expo 0.1 · stop sin stop · span 2.5% · venta 1.0–2.4% · lateral · 8 monedas · graceful-stop None;0,19;-0,11;-0,11;-24,58;0,0;0,0;0,0;0,0;-0,11
scalper;True;scalper neat long · scalper · lateral+alcista+incertidumbre · expo 0.1 · stop 15% · span 2.5% · venta 0.5–1.5% · plano · 3 monedas · graceful-stop 0.03;-0,4;-0,76;-0,76;-24,88;0,0;0,0;0,0;0,0;-7,19
scalper;True;scalper neat long · lag_long · lateral+alcista+incertidumbre · expo 0.1 · stop sin stop · span 5.0% · venta 0.5–1.5% · lateral · 8 monedas · graceful-stop None;-0,55;0,0;-0,55;-24,78;0,0;0,0;0,0;0,0;-3,93
scalper;True;scalper neat long · scalper · lateral+alcista+incertidumbre · expo 0.1 · stop sin stop · span 5.0% · venta 0.5–1.5% · lateral · 8 monedas · graceful-stop None;-0,58;-0,2;-0,58;-24,48;0,0;0,0;0,0;0,0;-5,42
scalper;True;scalper neat long · lag_long · lateral+alcista+incertidumbre · expo 0.1 · stop sin stop · span 5.0% · venta 1.0–2.4% · lateral · 8 monedas · graceful-stop None;-0,22;0,0;-0,22;-24,96;0,0;0,0;0,0;0,0;-2,08
scalper;True;scalper neat long · lag_long · lateral+alcista+incertidumbre · expo 0.1 · stop 15% · span 2.5% · venta 0.5–1.5% · plano · 3 monedas · graceful-stop 0.03;-0,76;0,15;-0,76;-22,75;-0,24;-3,07;-10,7;3,1;-4,17
scalper;True;scalper neat long · scalper · lateral+alcista+incertidumbre · expo 0.1 · stop sin stop · span 5.0% · venta 1.0–2.4% · lateral · 8 monedas · graceful-stop None;0,05;-0,23;-0,23;-24,48;0,0;0,0;0,0;0,0;-1,73
scalper;True;scalper neat long · lag_long · lateral+alcista+incertidumbre · expo 0.1 · stop 15% · span 2.5% · venta 1.0–2.4% · plano · 3 monedas · graceful-stop 0.03;-0,85;-0,09;-0,85;-24,28;0,0;0,0;0,0;0,0;-5,99
scalper;True;scalper neat long · scalper · lateral+alcista+incertidumbre · expo 0.1 · stop 15% · span 2.5% · venta 1.0–2.4% · plano · 3 monedas · graceful-stop 0.03;-0,01;-0,79;-0,79;-24,71;0,0;0,0;0,0;0,0;-4,96
scalper;True;scalper neat long · scalper · lateral+alcista+incertidumbre · expo 0.1 · stop 15% · span 5.0% · venta 0.5–1.5% · plano · 3 monedas · graceful-stop 0.03;-0,65;-0,21;-0,65;-24,5;-0,26;-3,18;-10,19;0,0;-5,52
scalper;True;scalper neat long · scalper · lateral+alcista+incertidumbre · expo 0.1 · stop 15% · span 5.0% · venta 1.0–2.4% · plano · 3 monedas · graceful-stop 0.03;-0,19;-0,18;-0,19;-18,03;-0,38;-4,57;-13,52;0,0;-2,47
scalper;True;scalper neat long · lag_long · lateral+alcista+incertidumbre · expo 0.1 · stop 15% · span 5.0% · venta 0.5–1.5% · plano · 3 monedas · graceful-stop 0.03;-0,6;0,46;-0,6;-17,61;-0,53;-6,6;-17,01;3,1;-1,25
scalper;True;scalper neat long · scalper · lateral+alcista+incertidumbre · expo 0.1 · stop sin stop · span 2.5% · venta 0.5–1.5% · plano · 3 monedas · graceful-stop 0.03;-0,4;-0,76;-0,76;-24,88;0,0;0,0;0,0;0,0;-7,19
scalper;True;scalper neat long · lag_long · lateral+alcista+incertidumbre · expo 0.1 · stop 15% · span 5.0% · venta 1.0–2.4% · plano · 3 monedas · graceful-stop 0.03;-0,52;0,65;-0,52;-18,69;-0,47;-5,91;-22,39;6,2;0,42
scalper;True;scalper neat long · lag_long · lateral+alcista+incertidumbre · expo 0.1 · stop sin stop · span 2.5% · venta 0.5–1.5% · plano · 3 monedas · graceful-stop 0.03;-0,76;0,15;-0,76;-22,75;-0,24;-3,07;-10,7;3,1;-4,17
scalper;True;scalper neat long · scalper · lateral+alcista+incertidumbre · expo 0.1 · stop sin stop · span 2.5% · venta 1.0–2.4% · plano · 3 monedas · graceful-stop 0.03;-0,01;-0,79;-0,79;-24,71;0,0;0,0;0,0;0,0;-4,96
scalper;True;scalper neat long · lag_long · lateral+alcista+incertidumbre · expo 0.1 · stop sin stop · span 2.5% · venta 1.0–2.4% · plano · 3 monedas · graceful-stop 0.03;-0,85;-0,09;-0,85;-24,28;0,0;0,0;0,0;0,0;-5,99
scalper;True;scalper neat long · scalper · lateral+alcista+incertidumbre · expo 0.1 · stop sin stop · span 5.0% · venta 0.5–1.5% · plano · 3 monedas · graceful-stop 0.03;-0,65;-0,21;-0,65;-24,5;-0,26;-3,18;-10,19;0,0;-5,52
scalper;True;scalper neat long · scalper · lateral+alcista+incertidumbre · expo 0.1 · stop sin stop · span 5.0% · venta 1.0–2.4% · plano · 3 monedas · graceful-stop 0.03;-0,19;-0,18;-0,19;-18,03;-0,38;-4,57;-13,52;0,0;-2,47
scalper;True;scalper neat long · lag_long · lateral+alcista+incertidumbre · expo 0.1 · stop sin stop · span 5.0% · venta 0.5–1.5% · plano · 3 monedas · graceful-stop 0.03;-0,6;0,46;-0,6;-17,61;-0,53;-6,6;-17,01;3,1;-1,25
scalper;True;scalper neat long · lag_long · lateral+alcista+incertidumbre · expo 0.1 · stop 15% · span 2.5% · venta 0.5–1.5% · plano · 3 monedas · graceful-stop 0.05;-0,78;-0,23;-0,78;-24,94;0,0;0,0;0,0;0,0;-6,54
scalper;True;scalper neat long · lag_long · lateral+alcista+incertidumbre · expo 0.1 · stop sin stop · span 5.0% · venta 1.0–2.4% · plano · 3 monedas · graceful-stop 0.03;-0,52;0,65;-0,52;-18,69;-0,47;-5,91;-22,39;6,2;0,42
scalper;True;scalper neat long · lag_long · lateral+alcista+incertidumbre · expo 0.1 · stop 15% · span 2.5% · venta 1.0–2.4% · plano · 3 monedas · graceful-stop 0.05;-0,48;0,03;-0,48;-22,07;-0,27;-3,39;-8,78;3,1;-3,16
scalper;True;scalper neat long · scalper · lateral+alcista+incertidumbre · expo 0.1 · stop 15% · span 5.0% · venta 0.5–1.5% · plano · 3 monedas · graceful-stop 0.05;-0,42;-0,19;-0,42;-21,58;-0,31;-3,85;-11,53;0,0;-4,02
scalper;True;scalper neat long · scalper · lateral+alcista+incertidumbre · expo 0.1 · stop 15% · span 5.0% · venta 1.0–2.4% · plano · 3 monedas · graceful-stop 0.05;-0,02;-0,19;-0,19;-18,49;-0,39;-4,72;-14,16;3,1;-1,5
scalper;True;scalper neat long · lag_long · lateral+alcista+incertidumbre · expo 0.1 · stop 15% · span 5.0% · venta 0.5–1.5% · plano · 3 monedas · graceful-stop 0.05;-0,59;0,37;-0,59;-20,62;-0,44;-5,47;-14,8;3,1;-1,77
scalper;True;scalper neat long · lag_long · lateral+alcista+incertidumbre · expo 0.1 · stop sin stop · span 2.5% · venta 0.5–1.5% · plano · 3 monedas · graceful-stop 0.05;-0,78;-0,23;-0,78;-24,94;0,0;0,0;0,0;0,0;-6,54
scalper;True;scalper neat long · lag_long · lateral+alcista+incertidumbre · expo 0.1 · stop 15% · span 5.0% · venta 1.0–2.4% · plano · 3 monedas · graceful-stop 0.05;-0,51;0,58;-0,51;-18,49;-0,52;-6,46;-22,25;6,2;-0,02
scalper;True;scalper neat long · lag_long · lateral+alcista+incertidumbre · expo 0.1 · stop sin stop · span 2.5% · venta 1.0–2.4% · plano · 3 monedas · graceful-stop 0.05;-0,48;0,03;-0,48;-22,07;-0,27;-3,39;-8,78;3,1;-3,16
scalper;True;scalper neat long · scalper · lateral+alcista+incertidumbre · expo 0.1 · stop sin stop · span 5.0% · venta 0.5–1.5% · plano · 3 monedas · graceful-stop 0.05;-0,42;-0,19;-0,42;-21,58;-0,31;-3,85;-11,53;0,0;-4,02
scalper;True;scalper neat long · scalper · lateral+alcista+incertidumbre · expo 0.1 · stop sin stop · span 5.0% · venta 1.0–2.4% · plano · 3 monedas · graceful-stop 0.05;-0,02;-0,19;-0,19;-18,49;-0,39;-4,72;-14,16;3,1;-1,5
scalper;True;scalper neat long · lag_long · lateral+alcista+incertidumbre · expo 0.1 · stop sin stop · span 5.0% · venta 0.5–1.5% · plano · 3 monedas · graceful-stop 0.05;-0,59;0,37;-0,59;-20,62;-0,44;-5,47;-14,8;3,1;-1,77
scalper;True;scalper neat long · scalper · lateral+alcista+incertidumbre · expo 0.1 · stop 15% · span 2.5% · venta 0.5–1.5% · plano · 3 monedas · graceful-stop 0.08;-0,04;-0,77;-0,77;-24,67;0,0;0,0;0,0;0,0;-5,13
scalper;True;scalper neat long · lag_long · lateral+alcista+incertidumbre · expo 0.1 · stop sin stop · span 5.0% · venta 1.0–2.4% · plano · 3 monedas · graceful-stop 0.05;-0,51;0,58;-0,51;-18,49;-0,52;-6,46;-22,25;6,2;-0,02
scalper;True;scalper neat long · lag_long · lateral+alcista+incertidumbre · expo 0.1 · stop 15% · span 2.5% · venta 0.5–1.5% · plano · 3 monedas · graceful-stop 0.08;-0,68;-0,26;-0,68;-24,75;0,0;0,0;0,0;0,0;-6,12
scalper;True;scalper neat long · lag_long · lateral+alcista+incertidumbre · expo 0.1 · stop 15% · span 2.5% · venta 1.0–2.4% · plano · 3 monedas · graceful-stop 0.08;-0,6;0,42;-0,6;-23,51;-0,37;-4,66;-13,36;6,2;-1,69
scalper;True;scalper neat long · scalper · lateral+alcista+incertidumbre · expo 0.1 · stop 15% · span 5.0% · venta 1.0–2.4% · plano · 3 monedas · graceful-stop 0.08;0,12;-0,21;-0,21;-18,46;-0,38;-4,6;-12,83;3,1;-0,81
scalper;True;scalper neat long · scalper · lateral+alcista+incertidumbre · expo 0.1 · stop 15% · span 5.0% · venta 0.5–1.5% · plano · 3 monedas · graceful-stop 0.08;-0,35;-0,19;-0,35;-21,43;-0,31;-3,82;-11,04;0,0;-3,57
scalper;True;scalper neat long · lag_long · lateral+alcista+incertidumbre · expo 0.1 · stop 15% · span 5.0% · venta 0.5–1.5% · plano · 3 monedas · graceful-stop 0.08;-0,66;0,34;-0,66;-23,12;-0,37;-4,67;-12,84;6,2;-2,41
scalper;True;scalper neat long · scalper · lateral+alcista+incertidumbre · expo 0.1 · stop sin stop · span 2.5% · venta 0.5–1.5% · plano · 3 monedas · graceful-stop 0.08;-0,04;-0,77;-0,77;-24,67;0,0;0,0;0,0;0,0;-5,13
scalper;True;scalper neat long · lag_long · lateral+alcista+incertidumbre · expo 0.1 · stop sin stop · span 2.5% · venta 0.5–1.5% · plano · 3 monedas · graceful-stop 0.08;-0,68;-0,26;-0,68;-24,75;0,0;0,0;0,0;0,0;-6,12
scalper;True;scalper neat long · lag_long · lateral+alcista+incertidumbre · expo 0.1 · stop 15% · span 5.0% · venta 1.0–2.4% · plano · 3 monedas · graceful-stop 0.08;-0,47;0,71;-0,47;-18,32;-0,67;-8,19;-22,82;6,2;0,93
scalper;True;scalper neat long · lag_long · lateral+alcista+incertidumbre · expo 0.1 · stop sin stop · span 2.5% · venta 1.0–2.4% · plano · 3 monedas · graceful-stop 0.08;-0,6;0,42;-0,6;-23,51;-0,37;-4,66;-13,36;6,2;-1,69
scalper;True;scalper neat long · scalper · lateral+alcista+incertidumbre · expo 0.1 · stop sin stop · span 5.0% · venta 0.5–1.5% · plano · 3 monedas · graceful-stop 0.08;-0,35;-0,19;-0,35;-21,43;-0,31;-3,82;-11,04;0,0;-3,57
scalper;True;scalper neat long · scalper · lateral+alcista+incertidumbre · expo 0.1 · stop sin stop · span 5.0% · venta 1.0–2.4% · plano · 3 monedas · graceful-stop 0.08;0,12;-0,21;-0,21;-18,46;-0,38;-4,6;-12,83;3,1;-0,81
scalper;True;scalper neat long · lag_long · lateral+alcista+incertidumbre · expo 0.1 · stop sin stop · span 5.0% · venta 0.5–1.5% · plano · 3 monedas · graceful-stop 0.08;-0,66;0,34;-0,66;-23,12;-0,37;-4,67;-12,84;6,2;-2,41
scalper;True;scalper neat long · scalper · lateral+alcista+incertidumbre · expo 0.1 · stop 15% · span 2.5% · venta 0.5–1.5% · plano · 3 monedas · graceful-stop None;-0,16;-0,69;-0,69;-24,67;0,0;0,0;0,0;0,0;-5,4
scalper;True;scalper neat long · lag_long · lateral+alcista+incertidumbre · expo 0.1 · stop sin stop · span 5.0% · venta 1.0–2.4% · plano · 3 monedas · graceful-stop 0.08;-0,47;0,71;-0,47;-18,32;-0,67;-8,19;-22,82;6,2;0,93
scalper;True;scalper neat long · lag_long · lateral+alcista+incertidumbre · expo 0.1 · stop 15% · span 2.5% · venta 1.0–2.4% · plano · 3 monedas · graceful-stop None;-0,76;-0,03;-0,76;-24,91;0,0;0,0;0,0;0,0;-5,26
scalper;True;scalper neat long · scalper · lateral+alcista+incertidumbre · expo 0.1 · stop 15% · span 2.5% · venta 1.0–2.4% · plano · 3 monedas · graceful-stop None;0,07;-0,51;-0,51;-24,51;0,0;0,0;0,0;0,0;-2,92
scalper;True;scalper neat long · scalper · lateral+alcista+incertidumbre · expo 0.1 · stop sin stop · span 2.5% · venta 0.5–1.5% · plano · 3 monedas · graceful-stop None;-0,16;-0,69;-0,69;-24,67;0,0;0,0;0,0;0,0;-5,4
scalper;True;scalper neat long · lag_long · lateral+alcista+incertidumbre · expo 0.1 · stop 15% · span 5.0% · venta 0.5–1.5% · plano · 3 monedas · graceful-stop None;-0,69;0,5;-0,69;-21,77;-0,44;-5,43;-16,24;6,2;-1,72
scalper;True;scalper neat long · scalper · lateral+alcista+incertidumbre · expo 0.1 · stop sin stop · span 2.5% · venta 1.0–2.4% · plano · 3 monedas · graceful-stop None;0,07;-0,51;-0,51;-24,51;0,0;0,0;0,0;0,0;-2,92
scalper;True;scalper neat long · lag_long · lateral+alcista+incertidumbre · expo 0.1 · stop 15% · span 5.0% · venta 1.0–2.4% · plano · 3 monedas · graceful-stop None;-0,6;0,83;-0,6;-21,57;-0,67;-8,25;-24,5;6,2;0,87
scalper;True;scalper neat long · lag_long · lateral+alcista+incertidumbre · expo 0.1 · stop sin stop · span 2.5% · venta 1.0–2.4% · plano · 3 monedas · graceful-stop None;-0,76;-0,03;-0,76;-24,91;0,0;0,0;0,0;0,0;-5,26
scalper;True;scalper neat long · lag_long · lateral+alcista+incertidumbre · expo 0.1 · stop sin stop · span 5.0% · venta 0.5–1.5% · plano · 3 monedas · graceful-stop None;-0,69;0,5;-0,69;-21,77;-0,44;-5,43;-16,24;6,2;-1,72
scalper;True;scalper neat long · scalper · lateral+alcista+incertidumbre · expo 0.1 · stop 15% · span 2.5% · venta 1.0–2.4% · plano · 5 monedas · graceful-stop 0.03;0,38;-0,43;-0,43;-24,44;0,0;0,0;0,0;0,0;-0,55
scalper;True;scalper neat long · lag_long · lateral+alcista+incertidumbre · expo 0.1 · stop sin stop · span 5.0% · venta 1.0–2.4% · plano · 3 monedas · graceful-stop None;-0,6;0,83;-0,6;-21,57;-0,67;-8,25;-24,5;6,2;0,87
scalper;True;scalper neat long · lag_long · lateral+alcista+incertidumbre · expo 0.1 · stop 15% · span 5.0% · venta 1.0–2.4% · plano · 5 monedas · graceful-stop 0.03;-0,59;-0,09;-0,59;-24,45;0,0;0,0;0,0;0,0;-4,6
scalper;True;scalper neat long · lag_long · lateral+alcista+incertidumbre · expo 0.1 · stop 15% · span 5.0% · venta 0.5–1.5% · plano · 5 monedas · graceful-stop 0.03;-0,57;0,42;-0,57;-22,91;-0,39;-4,82;-14,01;0,0;-1,45
scalper;True;scalper neat long · scalper · lateral+alcista+incertidumbre · expo 0.1 · stop sin stop · span 2.5% · venta 1.0–2.4% · plano · 5 monedas · graceful-stop 0.03;0,38;-0,43;-0,43;-24,44;0,0;0,0;0,0;0,0;-0,55
scalper;True;scalper neat long · scalper · lateral+alcista+incertidumbre · expo 0.1 · stop 15% · span 5.0% · venta 1.0–2.4% · plano · 5 monedas · graceful-stop 0.03;0,06;-0,22;-0,22;-22,8;-0,24;-3,01;-12,83;3,1;-1,29
scalper;True;scalper neat long · lag_long · lateral+alcista+incertidumbre · expo 0.1 · stop sin stop · span 5.0% · venta 1.0–2.4% · plano · 5 monedas · graceful-stop 0.03;-0,59;-0,09;-0,59;-24,45;0,0;0,0;0,0;0,0;-4,6
scalper;True;scalper neat long · lag_long · lateral+alcista+incertidumbre · expo 0.1 · stop 15% · span 2.5% · venta 0.5–1.5% · plano · 5 monedas · graceful-stop 0.05;-1,1;0,0;-1,1;-24,25;0,0;0,0;0,0;0,0;-7,23
scalper;True;scalper neat long · scalper · lateral+alcista+incertidumbre · expo 0.1 · stop 15% · span 2.5% · venta 0.5–1.5% · plano · 5 monedas · graceful-stop 0.05;-0,1;-0,6;-0,6;-24,15;0,0;0,0;0,0;0,0;-4,55
scalper;True;scalper neat long · lag_long · lateral+alcista+incertidumbre · expo 0.1 · stop sin stop · span 5.0% · venta 0.5–1.5% · plano · 5 monedas · graceful-stop 0.03;-0,57;0,42;-0,57;-22,91;-0,39;-4,82;-14,01;0,0;-1,45
scalper;True;scalper neat long · scalper · lateral+alcista+incertidumbre · expo 0.1 · stop sin stop · span 5.0% · venta 1.0–2.4% · plano · 5 monedas · graceful-stop 0.03;0,06;-0,22;-0,22;-22,8;-0,24;-3,01;-12,83;3,1;-1,29
scalper;True;scalper neat long · scalper · lateral+alcista+incertidumbre · expo 0.1 · stop 15% · span 2.5% · venta 1.0–2.4% · plano · 5 monedas · graceful-stop 0.05;0,46;-0,44;-0,44;-24,31;0,0;0,0;0,0;0,0;-0,11
scalper;True;scalper neat long · lag_long · lateral+alcista+incertidumbre · expo 0.1 · stop 15% · span 2.5% · venta 1.0–2.4% · plano · 5 monedas · graceful-stop 0.05;-0,71;0,03;-0,71;-24,78;0,0;0,0;0,0;0,0;-4,73
scalper;True;scalper neat long · scalper · lateral+alcista+incertidumbre · expo 0.1 · stop 15% · span 5.0% · venta 0.5–1.5% · plano · 5 monedas · graceful-stop 0.05;-0,41;-0,48;-0,48;-24,56;0,0;0,0;0,0;0,0;-5,62
scalper;True;scalper neat long · scalper · lateral+alcista+incertidumbre · expo 0.1 · stop sin stop · span 2.5% · venta 0.5–1.5% · plano · 5 monedas · graceful-stop 0.05;-0,1;-0,6;-0,6;-24,15;0,0;0,0;0,0;0,0;-4,55
scalper;True;scalper neat long · lag_long · lateral+alcista+incertidumbre · expo 0.1 · stop 15% · span 5.0% · venta 1.0–2.4% · plano · 5 monedas · graceful-stop 0.05;-0,48;-0,14;-0,48;-24,6;0,0;0,0;0,0;0,0;-4,36
scalper;True;scalper neat long · lag_long · lateral+alcista+incertidumbre · expo 0.1 · stop 15% · span 5.0% · venta 0.5–1.5% · plano · 5 monedas · graceful-stop 0.05;-0,41;0,58;-0,41;-19,66;-0,55;-6,64;-18,53;0,0;0,59
scalper;True;scalper neat long · lag_long · lateral+alcista+incertidumbre · expo 0.1 · stop sin stop · span 2.5% · venta 0.5–1.5% · plano · 5 monedas · graceful-stop 0.05;-1,1;0,0;-1,1;-24,25;0,0;0,0;0,0;0,0;-7,23
scalper;True;scalper neat long · scalper · lateral+alcista+incertidumbre · expo 0.1 · stop sin stop · span 2.5% · venta 1.0–2.4% · plano · 5 monedas · graceful-stop 0.05;0,46;-0,44;-0,44;-24,31;0,0;0,0;0,0;0,0;-0,11
scalper;True;scalper neat long · lag_long · lateral+alcista+incertidumbre · expo 0.1 · stop sin stop · span 2.5% · venta 1.0–2.4% · plano · 5 monedas · graceful-stop 0.05;-0,71;0,03;-0,71;-24,78;0,0;0,0;0,0;0,0;-4,73
scalper;True;scalper neat long · scalper · lateral+alcista+incertidumbre · expo 0.1 · stop sin stop · span 5.0% · venta 0.5–1.5% · plano · 5 monedas · graceful-stop 0.05;-0,41;-0,48;-0,48;-24,56;0,0;0,0;0,0;0,0;-5,62
scalper;True;scalper neat long · scalper · lateral+alcista+incertidumbre · expo 0.1 · stop 15% · span 2.5% · venta 0.5–1.5% · plano · 5 monedas · graceful-stop 0.08;-0,22;-0,4;-0,4;-24,49;0,0;0,0;0,0;0,0;-4,14
scalper;True;scalper neat long · lag_long · lateral+alcista+incertidumbre · expo 0.1 · stop sin stop · span 5.0% · venta 1.0–2.4% · plano · 5 monedas · graceful-stop 0.05;-0,48;-0,14;-0,48;-24,6;0,0;0,0;0,0;0,0;-4,36
scalper;True;scalper neat long · lag_long · lateral+alcista+incertidumbre · expo 0.1 · stop 15% · span 2.5% · venta 0.5–1.5% · plano · 5 monedas · graceful-stop 0.08;-0,88;-0,0;-0,88;-23,79;0,0;0,0;0,0;0,0;-5,94
scalper;True;scalper neat long · scalper · lateral+alcista+incertidumbre · expo 0.1 · stop 15% · span 2.5% · venta 1.0–2.4% · plano · 5 monedas · graceful-stop 0.08;0,53;-0,39;-0,39;-24,46;0,0;0,0;0,0;0,0;0,57
scalper;True;scalper neat long · lag_long · lateral+alcista+incertidumbre · expo 0.1 · stop sin stop · span 5.0% · venta 0.5–1.5% · plano · 5 monedas · graceful-stop 0.05;-0,41;0,58;-0,41;-19,66;-0,55;-6,64;-18,53;0,0;0,59
scalper;True;scalper neat long · lag_long · lateral+alcista+incertidumbre · expo 0.1 · stop 15% · span 2.5% · venta 1.0–2.4% · plano · 5 monedas · graceful-stop 0.08;-0,51;0,0;-0,51;-24,93;0,0;0,0;0,0;0,0;-3,76
scalper;True;scalper neat long · scalper · lateral+alcista+incertidumbre · expo 0.1 · stop 15% · span 5.0% · venta 0.5–1.5% · plano · 5 monedas · graceful-stop 0.08;-0,44;-0,45;-0,45;-24,94;0,0;0,0;0,0;0,0;-5,73
scalper;True;scalper neat long · scalper · lateral+alcista+incertidumbre · expo 0.1 · stop 15% · span 5.0% · venta 1.0–2.4% · plano · 5 monedas · graceful-stop 0.08;0,21;-0,5;-0,5;-24,79;0,0;0,0;0,0;0,0;-2,15
scalper;True;scalper neat long · lag_long · lateral+alcista+incertidumbre · expo 0.1 · stop 15% · span 5.0% · venta 1.0–2.4% · plano · 5 monedas · graceful-stop 0.08;-0,33;-0,07;-0,33;-23,76;0,0;0,0;0,0;0,0;-3,1
scalper;True;scalper neat long · scalper · lateral+alcista+incertidumbre · expo 0.1 · stop sin stop · span 2.5% · venta 0.5–1.5% · plano · 5 monedas · graceful-stop 0.08;-0,22;-0,4;-0,4;-24,49;0,0;0,0;0,0;0,0;-4,14
scalper;True;scalper neat long · lag_long · lateral+alcista+incertidumbre · expo 0.1 · stop sin stop · span 2.5% · venta 0.5–1.5% · plano · 5 monedas · graceful-stop 0.08;-0,88;-0,0;-0,88;-23,79;0,0;0,0;0,0;0,0;-5,94
scalper;True;scalper neat long · scalper · lateral+alcista+incertidumbre · expo 0.1 · stop sin stop · span 2.5% · venta 1.0–2.4% · plano · 5 monedas · graceful-stop 0.08;0,53;-0,39;-0,39;-24,46;0,0;0,0;0,0;0,0;0,57
scalper;True;scalper neat long · lag_long · lateral+alcista+incertidumbre · expo 0.1 · stop sin stop · span 2.5% · venta 1.0–2.4% · plano · 5 monedas · graceful-stop 0.08;-0,51;0,0;-0,51;-24,93;0,0;0,0;0,0;0,0;-3,76
scalper;True;scalper neat long · scalper · lateral+alcista+incertidumbre · expo 0.1 · stop sin stop · span 5.0% · venta 0.5–1.5% · plano · 5 monedas · graceful-stop 0.08;-0,44;-0,45;-0,45;-24,94;0,0;0,0;0,0;0,0;-5,73
scalper;True;scalper neat long · lag_long · lateral+alcista+incertidumbre · expo 0.1 · stop sin stop · span 5.0% · venta 1.0–2.4% · plano · 5 monedas · graceful-stop 0.08;-0,33;-0,07;-0,33;-23,76;0,0;0,0;0,0;0,0;-3,1
scalper;True;scalper neat long · scalper · lateral+alcista+incertidumbre · expo 0.1 · stop sin stop · span 5.0% · venta 1.0–2.4% · plano · 5 monedas · graceful-stop 0.08;0,21;-0,5;-0,5;-24,79;0,0;0,0;0,0;0,0;-2,15
scalper;True;scalper neat long · scalper · lateral+alcista+incertidumbre · expo 0.1 · stop 15% · span 2.5% · venta 0.5–1.5% · plano · 5 monedas · graceful-stop None;-0,43;-0,22;-0,43;-24,48;0,0;0,0;0,0;0,0;-4,37
scalper;True;scalper neat long · lag_long · lateral+alcista+incertidumbre · expo 0.1 · stop 15% · span 2.5% · venta 0.5–1.5% · plano · 5 monedas · graceful-stop None;-0,77;0,0;-0,77;-24,31;0,0;0,0;0,0;0,0;-5,36
scalper;True;scalper neat long · scalper · lateral+alcista+incertidumbre · expo 0.1 · stop 15% · span 2.5% · venta 1.0–2.4% · plano · 5 monedas · graceful-stop None;0,12;0,0;0,0;-24,79;0,0;0,0;0,0;0,0;0,37
scalper;True;scalper neat long · lag_long · lateral+alcista+incertidumbre · expo 0.1 · stop 15% · span 2.5% · venta 1.0–2.4% · plano · 5 monedas · graceful-stop None;-0,32;0,0;-0,32;-24,7;0,0;0,0;0,0;0,0;-2,61
scalper;True;scalper neat long · scalper · lateral+alcista+incertidumbre · expo 0.1 · stop 15% · span 5.0% · venta 0.5–1.5% · plano · 5 monedas · graceful-stop None;-0,69;-0,21;-0,69;-24,5;0,0;0,0;0,0;0,0;-5,91
scalper;True;scalper neat long · lag_long · lateral+alcista+incertidumbre · expo 0.1 · stop 15% · span 5.0% · venta 0.5–1.5% · plano · 5 monedas · graceful-stop None;-0,66;0,0;-0,66;-24,45;0,0;0,0;0,0;0,0;-4,59
scalper;True;scalper neat long · scalper · lateral+alcista+incertidumbre · expo 0.1 · stop 15% · span 5.0% · venta 1.0–2.4% · plano · 5 monedas · graceful-stop None;0,04;-0,26;-0,26;-23,46;0,0;0,0;0,0;0,0;-1,81
scalper;True;scalper neat long · scalper · lateral+alcista+incertidumbre · expo 0.1 · stop sin stop · span 2.5% · venta 0.5–1.5% · plano · 5 monedas · graceful-stop None;-0,43;-0,22;-0,43;-24,48;0,0;0,0;0,0;0,0;-4,37
scalper;True;scalper neat long · lag_long · lateral+alcista+incertidumbre · expo 0.1 · stop sin stop · span 2.5% · venta 0.5–1.5% · plano · 5 monedas · graceful-stop None;-0,77;0,0;-0,77;-24,31;0,0;0,0;0,0;0,0;-5,36
scalper;True;scalper neat long · scalper · lateral+alcista+incertidumbre · expo 0.1 · stop sin stop · span 2.5% · venta 1.0–2.4% · plano · 5 monedas · graceful-stop None;0,12;0,0;0,0;-24,79;0,0;0,0;0,0;0,0;0,37
scalper;True;scalper neat long · lag_long · lateral+alcista+incertidumbre · expo 0.1 · stop sin stop · span 2.5% · venta 1.0–2.4% · plano · 5 monedas · graceful-stop None;-0,32;0,0;-0,32;-24,7;0,0;0,0;0,0;0,0;-2,61
scalper;True;scalper neat long · lag_long · lateral+alcista+incertidumbre · expo 0.1 · stop sin stop · span 5.0% · venta 0.5–1.5% · plano · 5 monedas · graceful-stop None;-0,66;0,0;-0,66;-24,45;0,0;0,0;0,0;0,0;-4,59
scalper;True;scalper neat long · scalper · lateral+alcista+incertidumbre · expo 0.1 · stop sin stop · span 5.0% · venta 0.5–1.5% · plano · 5 monedas · graceful-stop None;-0,69;-0,21;-0,69;-24,5;0,0;0,0;0,0;0,0;-5,91
scalper;True;scalper neat long · scalper · lateral+alcista+incertidumbre · expo 0.1 · stop 15% · span 2.5% · venta 0.5–1.5% · plano · 8 monedas · graceful-stop 0.03;-1,21;0,0;-1,21;-24,08;0,0;0,0;0,0;0,0;-8,01
scalper;True;scalper neat long · scalper · lateral+alcista+incertidumbre · expo 0.1 · stop sin stop · span 5.0% · venta 1.0–2.4% · plano · 5 monedas · graceful-stop None;0,04;-0,26;-0,26;-23,46;0,0;0,0;0,0;0,0;-1,81
scalper;True;scalper neat long · scalper · lateral+alcista+incertidumbre · expo 0.1 · stop 15% · span 2.5% · venta 1.0–2.4% · plano · 8 monedas · graceful-stop 0.03;-0,63;0,0;-0,63;-24,4;0,0;0,0;0,0;0,0;-4,64
scalper;True;scalper neat long · lag_long · lateral+alcista+incertidumbre · expo 0.1 · stop 15% · span 2.5% · venta 1.0–2.4% · plano · 8 monedas · graceful-stop 0.03;-1,03;0,0;-1,03;-24,75;0,0;0,0;0,0;0,0;-6,86
scalper;True;scalper neat long · lag_long · lateral+alcista+incertidumbre · expo 0.1 · stop 15% · span 5.0% · venta 1.0–2.4% · plano · 8 monedas · graceful-stop 0.03;-0,1;-0,05;-0,1;-24,06;0,0;0,0;0,0;0,0;-1,44
scalper;True;scalper neat long · scalper · lateral+alcista+incertidumbre · expo 0.1 · stop 15% · span 5.0% · venta 0.5–1.5% · plano · 8 monedas · graceful-stop 0.03;-0,43;-0,36;-0,43;-24,11;0,0;0,0;0,0;0,0;-5,18
scalper;True;scalper neat long · scalper · lateral+alcista+incertidumbre · expo 0.1 · stop sin stop · span 2.5% · venta 0.5–1.5% · plano · 8 monedas · graceful-stop 0.03;-1,21;0,0;-1,21;-24,08;0,0;0,0;0,0;0,0;-8,01
scalper;True;scalper neat long · scalper · lateral+alcista+incertidumbre · expo 0.1 · stop sin stop · span 2.5% · venta 1.0–2.4% · plano · 8 monedas · graceful-stop 0.03;-0,63;0,0;-0,63;-24,4;0,0;0,0;0,0;0,0;-4,64
scalper;True;scalper neat long · lag_long · lateral+alcista+incertidumbre · expo 0.1 · stop sin stop · span 2.5% · venta 1.0–2.4% · plano · 8 monedas · graceful-stop 0.03;-1,03;0,0;-1,03;-24,75;0,0;0,0;0,0;0,0;-6,86
scalper;True;scalper neat long · scalper · lateral+alcista+incertidumbre · expo 0.1 · stop sin stop · span 5.0% · venta 0.5–1.5% · plano · 8 monedas · graceful-stop 0.03;-0,43;-0,36;-0,43;-24,11;0,0;0,0;0,0;0,0;-5,18
scalper;True;scalper neat long · lag_long · lateral+alcista+incertidumbre · expo 0.1 · stop sin stop · span 5.0% · venta 1.0–2.4% · plano · 8 monedas · graceful-stop 0.03;-0,1;-0,05;-0,1;-24,06;0,0;0,0;0,0;0,0;-1,44
scalper;True;scalper neat long · scalper · lateral+alcista+incertidumbre · expo 0.1 · stop 15% · span 2.5% · venta 0.5–1.5% · plano · 8 monedas · graceful-stop 0.05;-0,94;-0,08;-0,94;-24,02;0,0;0,0;0,0;0,0;-6,84
scalper;True;scalper neat long · lag_long · lateral+alcista+incertidumbre · expo 0.1 · stop 15% · span 2.5% · venta 0.5–1.5% · plano · 8 monedas · graceful-stop 0.05;-0,92;0,0;-0,92;-24,64;0,0;0,0;0,0;0,0;-6,26
scalper;True;scalper neat long · lag_long · lateral+alcista+incertidumbre · expo 0.1 · stop 15% · span 2.5% · venta 1.0–2.4% · plano · 8 monedas · graceful-stop 0.05;-0,81;0,0;-0,81;-24,22;0,0;0,0;0,0;0,0;-5,7
scalper;True;scalper neat long · scalper · lateral+alcista+incertidumbre · expo 0.1 · stop 15% · span 5.0% · venta 1.0–2.4% · plano · 8 monedas · graceful-stop 0.05;0,39;-0,5;-0,5;-24,37;0,0;0,0;0,0;0,0;-1,06
scalper;True;scalper neat long · lag_long · lateral+alcista+incertidumbre · expo 0.1 · stop sin stop · span 2.5% · venta 0.5–1.5% · plano · 8 monedas · graceful-stop 0.05;-0,92;0,0;-0,92;-24,64;0,0;0,0;0,0;0,0;-6,26
scalper;True;scalper neat long · scalper · lateral+alcista+incertidumbre · expo 0.1 · stop sin stop · span 2.5% · venta 0.5–1.5% · plano · 8 monedas · graceful-stop 0.05;-0,94;-0,08;-0,94;-24,02;0,0;0,0;0,0;0,0;-6,84
scalper;True;scalper neat long · lag_long · lateral+alcista+incertidumbre · expo 0.1 · stop sin stop · span 2.5% · venta 1.0–2.4% · plano · 8 monedas · graceful-stop 0.05;-0,81;0,0;-0,81;-24,22;0,0;0,0;0,0;0,0;-5,7
scalper;True;scalper neat long · scalper · lateral+alcista+incertidumbre · expo 0.1 · stop sin stop · span 5.0% · venta 1.0–2.4% · plano · 8 monedas · graceful-stop 0.05;0,39;-0,5;-0,5;-24,37;0,0;0,0;0,0;0,0;-1,06
scalper;True;scalper neat long · scalper · lateral+alcista+incertidumbre · expo 0.1 · stop 15% · span 2.5% · venta 0.5–1.5% · plano · 8 monedas · graceful-stop 0.08;-0,63;-0,17;-0,63;-23,8;0,0;0,0;0,0;0,0;-5,65
scalper;True;scalper neat long · scalper · lateral+alcista+incertidumbre · expo 0.1 · stop 15% · span 2.5% · venta 1.0–2.4% · plano · 8 monedas · graceful-stop 0.08;-0,26;0,0;-0,26;-24,43;0,0;0,0;0,0;0,0;-2,4
scalper;True;scalper neat long · lag_long · lateral+alcista+incertidumbre · expo 0.1 · stop 15% · span 2.5% · venta 1.0–2.4% · plano · 8 monedas · graceful-stop 0.08;-0,94;0,0;-0,94;-24,97;0,0;0,0;0,0;0,0;-6,43
scalper;True;scalper neat long · lag_long · lateral+alcista+incertidumbre · expo 0.1 · stop 15% · span 2.5% · venta 0.5–1.5% · plano · 8 monedas · graceful-stop 0.08;-0,67;0,0;-0,67;-24,2;0,0;0,0;0,0;0,0;-4,82
scalper;True;scalper neat long · scalper · lateral+alcista+incertidumbre · expo 0.1 · stop 15% · span 5.0% · venta 0.5–1.5% · plano · 8 monedas · graceful-stop 0.08;-0,24;-0,32;-0,32;-24,24;0,0;0,0;0,0;0,0;-4,01
scalper;True;scalper neat long · lag_long · lateral+alcista+incertidumbre · expo 0.1 · stop 15% · span 5.0% · venta 0.5–1.5% · plano · 8 monedas · graceful-stop 0.08;-0,27;0,0;-0,27;-24,34;0,0;0,0;0,0;0,0;-2,3
scalper;True;scalper neat long · lag_long · lateral+alcista+incertidumbre · expo 0.1 · stop 15% · span 5.0% · venta 1.0–2.4% · plano · 8 monedas · graceful-stop 0.08;0,17;0,0;0,0;-24,49;0,0;0,0;0,0;0,0;0,3
scalper;True;scalper neat long · scalper · lateral+alcista+incertidumbre · expo 0.1 · stop 15% · span 5.0% · venta 1.0–2.4% · plano · 8 monedas · graceful-stop 0.08;0,53;-0,39;-0,39;-24,26;0,0;0,0;0,0;0,0;0,44
scalper;True;scalper neat long · scalper · lateral+alcista+incertidumbre · expo 0.1 · stop sin stop · span 2.5% · venta 0.5–1.5% · plano · 8 monedas · graceful-stop 0.08;-0,63;-0,17;-0,63;-23,8;0,0;0,0;0,0;0,0;-5,65
scalper;True;scalper neat long · scalper · lateral+alcista+incertidumbre · expo 0.1 · stop sin stop · span 2.5% · venta 1.0–2.4% · plano · 8 monedas · graceful-stop 0.08;-0,26;0,0;-0,26;-24,43;0,0;0,0;0,0;0,0;-2,4
scalper;True;scalper neat long · lag_long · lateral+alcista+incertidumbre · expo 0.1 · stop sin stop · span 2.5% · venta 0.5–1.5% · plano · 8 monedas · graceful-stop 0.08;-0,67;0,0;-0,67;-24,2;0,0;0,0;0,0;0,0;-4,82
scalper;True;scalper neat long · lag_long · lateral+alcista+incertidumbre · expo 0.1 · stop sin stop · span 2.5% · venta 1.0–2.4% · plano · 8 monedas · graceful-stop 0.08;-0,94;0,0;-0,94;-24,97;0,0;0,0;0,0;0,0;-6,43
scalper;True;scalper neat long · lag_long · lateral+alcista+incertidumbre · expo 0.1 · stop sin stop · span 5.0% · venta 0.5–1.5% · plano · 8 monedas · graceful-stop 0.08;-0,27;0,0;-0,27;-24,34;0,0;0,0;0,0;0,0;-2,3
scalper;True;scalper neat long · scalper · lateral+alcista+incertidumbre · expo 0.1 · stop sin stop · span 5.0% · venta 0.5–1.5% · plano · 8 monedas · graceful-stop 0.08;-0,24;-0,32;-0,32;-24,24;0,0;0,0;0,0;0,0;-4,01
scalper;True;scalper neat long · scalper · lateral+alcista+incertidumbre · expo 0.1 · stop 15% · span 2.5% · venta 0.5–1.5% · plano · 8 monedas · graceful-stop None;-0,53;-0,13;-0,53;-23,61;0,0;0,0;0,0;0,0;-4,8
scalper;True;scalper neat long · scalper · lateral+alcista+incertidumbre · expo 0.1 · stop sin stop · span 5.0% · venta 1.0–2.4% · plano · 8 monedas · graceful-stop 0.08;0,53;-0,39;-0,39;-24,26;0,0;0,0;0,0;0,0;0,44
scalper;True;scalper neat long · lag_long · lateral+alcista+incertidumbre · expo 0.1 · stop sin stop · span 5.0% · venta 1.0–2.4% · plano · 8 monedas · graceful-stop 0.08;0,17;0,0;0,0;-24,49;0,0;0,0;0,0;0,0;0,3
scalper;True;scalper neat long · lag_long · lateral+alcista+incertidumbre · expo 0.1 · stop 15% · span 2.5% · venta 0.5–1.5% · plano · 8 monedas · graceful-stop None;-0,56;0,0;-0,56;-23,62;0,0;0,0;0,0;0,0;-4,12
scalper;True;scalper neat long · scalper · lateral+alcista+incertidumbre · expo 0.1 · stop 15% · span 2.5% · venta 1.0–2.4% · plano · 8 monedas · graceful-stop None;-0,13;0,0;-0,13;-24,22;0,0;0,0;0,0;0,0;-1,61
scalper;True;scalper neat long · lag_long · lateral+alcista+incertidumbre · expo 0.1 · stop 15% · span 2.5% · venta 1.0–2.4% · plano · 8 monedas · graceful-stop None;-0,89;0,0;-0,89;-23,96;0,0;0,0;0,0;0,0;-6,27
scalper;True;scalper neat long · lag_long · lateral+alcista+incertidumbre · expo 0.1 · stop 15% · span 5.0% · venta 1.0–2.4% · plano · 8 monedas · graceful-stop None;-0,14;0,0;-0,14;-24,84;0,0;0,0;0,0;0,0;-1,9
scalper;True;scalper neat long · scalper · lateral+alcista+incertidumbre · expo 0.1 · stop sin stop · span 2.5% · venta 0.5–1.5% · plano · 8 monedas · graceful-stop None;-0,53;-0,13;-0,53;-23,61;0,0;0,0;0,0;0,0;-4,8
scalper;True;scalper neat long · scalper · lateral+alcista+incertidumbre · expo 0.1 · stop 15% · span 5.0% · venta 0.5–1.5% · plano · 8 monedas · graceful-stop None;-0,29;-0,36;-0,36;-24,25;0,0;0,0;0,0;0,0;-4,6
scalper;True;scalper neat long · scalper · lateral+alcista+incertidumbre · expo 0.1 · stop 15% · span 5.0% · venta 1.0–2.4% · plano · 8 monedas · graceful-stop None;0,14;0,01;0,01;-24,08;0,0;0,0;0,0;0,0;0,36
scalper;True;scalper neat long · lag_long · lateral+alcista+incertidumbre · expo 0.1 · stop sin stop · span 2.5% · venta 0.5–1.5% · plano · 8 monedas · graceful-stop None;-0,56;0,0;-0,56;-23,62;0,0;0,0;0,0;0,0;-4,12
scalper;True;scalper neat long · scalper · lateral+alcista+incertidumbre · expo 0.1 · stop sin stop · span 2.5% · venta 1.0–2.4% · plano · 8 monedas · graceful-stop None;-0,13;0,0;-0,13;-24,22;0,0;0,0;0,0;0,0;-1,61
scalper;True;scalper neat long · lag_long · lateral+alcista+incertidumbre · expo 0.1 · stop sin stop · span 2.5% · venta 1.0–2.4% · plano · 8 monedas · graceful-stop None;-0,89;0,0;-0,89;-23,96;0,0;0,0;0,0;0,0;-6,27
recursive;True;recursive recursive long · lag_long ·  · expo 0.1 · stop 15% · reentrada 1% ×1.0 · venta 1.0–2.4% · suave · 3 monedas · graceful-stop 0.03;0,1;0,53;0,1;-4,71;-0,05;-0,73;-9,52;3,1;3,92
scalper;True;scalper neat long · scalper · lateral+alcista+incertidumbre · expo 0.1 · stop sin stop · span 5.0% · venta 0.5–1.5% · plano · 8 monedas · graceful-stop None;-0,29;-0,36;-0,36;-24,25;0,0;0,0;0,0;0,0;-4,6
scalper;True;scalper neat long · scalper · lateral+alcista+incertidumbre · expo 0.1 · stop sin stop · span 5.0% · venta 1.0–2.4% · plano · 8 monedas · graceful-stop None;0,14;0,01;0,01;-24,08;0,0;0,0;0,0;0,0;0,36
scalper;True;scalper neat long · lag_long · lateral+alcista+incertidumbre · expo 0.1 · stop sin stop · span 5.0% · venta 1.0–2.4% · plano · 8 monedas · graceful-stop None;-0,14;0,0;-0,14;-24,84;0,0;0,0;0,0;0,0;-1,9
recursive;True;recursive recursive long · lag_long · +incert. · expo 0.1 · stop 15% · reentrada 1% ×1.0 · venta 1.0–2.4% · suave · 3 monedas · graceful-stop 0.03;0,23;0,46;0,23;-4,17;0,06;0,54;-9,05;3,1;4,32
recursive;True;recursive recursive long · momentum ·  · expo 0.1 · stop 15% · reentrada 1% ×1.0 · venta 1.0–2.4% · suave · 3 monedas · graceful-stop 0.03;0,14;0,26;0,14;-6,53;-0,19;-2,41;-9,31;3,1;2,42
recursive;True;recursive recursive long · lag_long ·  · expo 0.1 · stop 15% · reentrada 2% ×1.0 · venta 1.0–2.4% · suave · 3 monedas · graceful-stop 0.03;0,24;0,45;0,24;-2,97;-0,14;-1,71;-7,46;0,0;4,39
recursive;True;recursive recursive long · momentum · +incert. · expo 0.1 · stop 15% · reentrada 1% ×1.0 · venta 1.0–2.4% · suave · 3 monedas · graceful-stop 0.03;0,27;0,2;0,2;-6,5;-0,09;-1,27;-8,76;3,1;2,83
recursive;True;recursive recursive long · lag_long · +incert. · expo 0.1 · stop 15% · reentrada 2% ×1.0 · venta 1.0–2.4% · suave · 3 monedas · graceful-stop 0.03;0,31;0,48;0,31;-2,73;-0,08;-0,97;-6,87;0,0;5,06
recursive;True;recursive recursive long · momentum ·  · expo 0.1 · stop 15% · reentrada 2% ×1.0 · venta 1.0–2.4% · suave · 3 monedas · graceful-stop 0.03;0,45;0,28;0,28;-4,43;0,02;0,2;-3,7;0,0;4,67
recursive;True;recursive recursive long · momentum · +incert. · expo 0.1 · stop 15% · reentrada 2% ×1.0 · venta 1.0–2.4% · suave · 3 monedas · graceful-stop 0.03;0,52;0,32;0,32;-3,84;0,08;0,88;-3,58;0,0;5,32
recursive;True;recursive recursive long · lag_long ·  · expo 0.1 · stop 15% · reentrada 3% ×1.0 · venta 1.0–2.4% · suave · 3 monedas · graceful-stop 0.03;0,05;0,22;0,05;-3,0;-0,05;-0,64;-2,99;0,0;1,7
recursive;True;recursive recursive long · lag_long · +incert. · expo 0.1 · stop 15% · reentrada 3% ×1.0 · venta 1.0–2.4% · suave · 3 monedas · graceful-stop 0.03;0,13;0,26;0,13;-2,84;-0,02;-0,29;-2,68;0,0;2,44
recursive;True;recursive recursive long · momentum ·  · expo 0.1 · stop 15% · reentrada 3% ×1.0 · venta 1.0–2.4% · suave · 3 monedas · graceful-stop 0.03;0,39;0,32;0,32;-3,18;0,15;1,83;-1,71;3,1;4,57
recursive;True;recursive recursive long · lag_long ·  · expo 0.1 · stop sin stop · reentrada 1% ×1.0 · venta 1.0–2.4% · suave · 3 monedas · graceful-stop 0.03;0,1;0,53;0,1;-4,71;-0,05;-0,73;-9,52;3,1;3,92
recursive;True;recursive recursive long · momentum · +incert. · expo 0.1 · stop 15% · reentrada 3% ×1.0 · venta 1.0–2.4% · suave · 3 monedas · graceful-stop 0.03;0,46;0,36;0,36;-3,05;0,17;2,09;-1,67;0,0;5,27
recursive;True;recursive recursive long · momentum ·  · expo 0.1 · stop sin stop · reentrada 1% ×1.0 · venta 1.0–2.4% · suave · 3 monedas · graceful-stop 0.03;0,14;0,26;0,14;-6,53;-0,19;-2,41;-9,31;3,1;2,42
recursive;True;recursive recursive long · lag_long ·  · expo 0.1 · stop sin stop · reentrada 2% ×1.0 · venta 1.0–2.4% · suave · 3 monedas · graceful-stop 0.03;0,24;0,45;0,24;-2,97;-0,14;-1,71;-7,46;0,0;4,39
recursive;True;recursive recursive long · lag_long · +incert. · expo 0.1 · stop sin stop · reentrada 1% ×1.0 · venta 1.0–2.4% · suave · 3 monedas · graceful-stop 0.03;0,23;0,46;0,23;-4,17;0,06;0,54;-9,05;3,1;4,32
recursive;True;recursive recursive long · momentum · +incert. · expo 0.1 · stop sin stop · reentrada 1% ×1.0 · venta 1.0–2.4% · suave · 3 monedas · graceful-stop 0.03;0,27;0,2;0,2;-6,5;-0,09;-1,27;-8,76;3,1;2,83
recursive;True;recursive recursive long · lag_long · +incert. · expo 0.1 · stop sin stop · reentrada 2% ×1.0 · venta 1.0–2.4% · suave · 3 monedas · graceful-stop 0.03;0,31;0,48;0,31;-2,73;-0,08;-0,97;-6,87;0,0;5,06
recursive;True;recursive recursive long · momentum ·  · expo 0.1 · stop sin stop · reentrada 2% ×1.0 · venta 1.0–2.4% · suave · 3 monedas · graceful-stop 0.03;0,45;0,28;0,28;-4,43;0,02;0,2;-3,7;0,0;4,67
recursive;True;recursive recursive long · lag_long ·  · expo 0.1 · stop sin stop · reentrada 3% ×1.0 · venta 1.0–2.4% · suave · 3 monedas · graceful-stop 0.03;0,05;0,22;0,05;-3,0;-0,05;-0,64;-2,99;0,0;1,7
recursive;True;recursive recursive long · momentum · +incert. · expo 0.1 · stop sin stop · reentrada 2% ×1.0 · venta 1.0–2.4% · suave · 3 monedas · graceful-stop 0.03;0,52;0,32;0,32;-3,84;0,08;0,88;-3,58;0,0;5,32
recursive;True;recursive recursive long · lag_long · +incert. · expo 0.1 · stop sin stop · reentrada 3% ×1.0 · venta 1.0–2.4% · suave · 3 monedas · graceful-stop 0.03;0,13;0,26;0,13;-2,84;-0,02;-0,29;-2,68;0,0;2,44
recursive;True;recursive recursive long · momentum ·  · expo 0.1 · stop sin stop · reentrada 3% ×1.0 · venta 1.0–2.4% · suave · 3 monedas · graceful-stop 0.03;0,39;0,32;0,32;-3,18;0,15;1,83;-1,71;3,1;4,57
recursive;True;recursive recursive long · momentum · +incert. · expo 0.1 · stop sin stop · reentrada 3% ×1.0 · venta 1.0–2.4% · suave · 3 monedas · graceful-stop 0.03;0,46;0,36;0,36;-3,05;0,17;2,09;-1,67;0,0;5,27
recursive;True;recursive recursive long · lag_long ·  · expo 0.1 · stop 15% · reentrada 1% ×1.0 · venta 1.0–2.4% · suave · 3 monedas · graceful-stop 0.05;0,27;0,43;0,27;-4,57;-0,14;-1,78;-10,16;3,1;4,41
recursive;True;recursive recursive long · lag_long · +incert. · expo 0.1 · stop 15% · reentrada 1% ×1.0 · venta 1.0–2.4% · suave · 3 monedas · graceful-stop 0.05;0,4;0,38;0,38;-4,23;-0,03;-0,46;-9,63;3,1;4,97
recursive;True;recursive recursive long · lag_long ·  · expo 0.1 · stop 15% · reentrada 2% ×1.0 · venta 1.0–2.4% · suave · 3 monedas · graceful-stop 0.05;0,36;0,39;0,36;-2,97;-0,15;-1,82;-8,44;3,1;4,74
recursive;True;recursive recursive long · momentum ·  · expo 0.1 · stop 15% · reentrada 1% ×1.0 · venta 1.0–2.4% · suave · 3 monedas · graceful-stop 0.05;0,18;0,23;0,18;-7,53;-0,48;-5,81;-14,91;3,1;2,43
recursive;True;recursive recursive long · momentum · +incert. · expo 0.1 · stop 15% · reentrada 1% ×1.0 · venta 1.0–2.4% · suave · 3 monedas · graceful-stop 0.05;0,31;0,18;0,18;-7,41;-0,26;-3,23;-10,82;3,1;3,01
recursive;True;recursive recursive long · lag_long · +incert. · expo 0.1 · stop 15% · reentrada 2% ×1.0 · venta 1.0–2.4% · suave · 3 monedas · graceful-stop 0.05;0,41;0,42;0,41;-2,72;-0,09;-1,1;-7,84;3,1;5,33
recursive;True;recursive recursive long · momentum ·  · expo 0.1 · stop 15% · reentrada 2% ×1.0 · venta 1.0–2.4% · suave · 3 monedas · graceful-stop 0.05;0,49;0,31;0,31;-4,71;-0,0;-0,07;-3,43;0,0;5,11
recursive;True;recursive recursive long · momentum · +incert. · expo 0.1 · stop 15% · reentrada 2% ×1.0 · venta 1.0–2.4% · suave · 3 monedas · graceful-stop 0.05;0,54;0,35;0,35;-3,68;0,05;0,59;-3,33;0,0;5,7
recursive;True;recursive recursive long · lag_long ·  · expo 0.1 · stop 15% · reentrada 3% ×1.0 · venta 1.0–2.4% · suave · 3 monedas · graceful-stop 0.05;0,09;0,19;0,09;-3,03;-0,04;-0,57;-3,4;0,0;1,74
recursive;True;recursive recursive long · lag_long · +incert. · expo 0.1 · stop 15% · reentrada 3% ×1.0 · venta 1.0–2.4% · suave · 3 monedas · graceful-stop 0.05;0,16;0,23;0,16;-2,87;-0,02;-0,26;-3,04;0,0;2,43
recursive;True;recursive recursive long · momentum ·  · expo 0.1 · stop 15% · reentrada 3% ×1.0 · venta 1.0–2.4% · suave · 3 monedas · graceful-stop 0.05;0,43;0,32;0,32;-2,81;0,11;1,25;-1,72;0,0;4,88
recursive;True;recursive recursive long · momentum · +incert. · expo 0.1 · stop 15% · reentrada 3% ×1.0 · venta 1.0–2.4% · suave · 3 monedas · graceful-stop 0.05;0,5;0,36;0,36;-2,66;0,13;1,48;-1,68;0,0;5,52
recursive;True;recursive recursive long · lag_long ·  · expo 0.1 · stop sin stop · reentrada 1% ×1.0 · venta 1.0–2.4% · suave · 3 monedas · graceful-stop 0.05;0,27;0,43;0,27;-4,57;-0,14;-1,78;-10,16;3,1;4,41
recursive;True;recursive recursive long · lag_long · +incert. · expo 0.1 · stop sin stop · reentrada 1% ×1.0 · venta 1.0–2.4% · suave · 3 monedas · graceful-stop 0.05;0,4;0,38;0,38;-4,23;-0,03;-0,46;-9,63;3,1;4,97
recursive;True;recursive recursive long · momentum ·  · expo 0.1 · stop sin stop · reentrada 1% ×1.0 · venta 1.0–2.4% · suave · 3 monedas · graceful-stop 0.05;0,18;0,23;0,18;-7,53;-0,48;-5,81;-14,91;3,1;2,43
recursive;True;recursive recursive long · lag_long ·  · expo 0.1 · stop sin stop · reentrada 2% ×1.0 · venta 1.0–2.4% · suave · 3 monedas · graceful-stop 0.05;0,36;0,39;0,36;-2,97;-0,15;-1,82;-8,44;3,1;4,74
recursive;True;recursive recursive long · momentum · +incert. · expo 0.1 · stop sin stop · reentrada 1% ×1.0 · venta 1.0–2.4% · suave · 3 monedas · graceful-stop 0.05;0,31;0,18;0,18;-7,41;-0,26;-3,23;-10,82;3,1;3,01
recursive;True;recursive recursive long · lag_long · +incert. · expo 0.1 · stop sin stop · reentrada 2% ×1.0 · venta 1.0–2.4% · suave · 3 monedas · graceful-stop 0.05;0,41;0,42;0,41;-2,72;-0,09;-1,1;-7,84;3,1;5,33
recursive;True;recursive recursive long · momentum ·  · expo 0.1 · stop sin stop · reentrada 2% ×1.0 · venta 1.0–2.4% · suave · 3 monedas · graceful-stop 0.05;0,49;0,31;0,31;-4,71;-0,0;-0,07;-3,43;0,0;5,11
recursive;True;recursive recursive long · lag_long ·  · expo 0.1 · stop sin stop · reentrada 3% ×1.0 · venta 1.0–2.4% · suave · 3 monedas · graceful-stop 0.05;0,09;0,19;0,09;-3,03;-0,04;-0,57;-3,4;0,0;1,74
recursive;True;recursive recursive long · momentum ·  · expo 0.1 · stop sin stop · reentrada 3% ×1.0 · venta 1.0–2.4% · suave · 3 monedas · graceful-stop 0.05;0,43;0,32;0,32;-2,81;0,11;1,25;-1,72;0,0;4,88
recursive;True;recursive recursive long · momentum · +incert. · expo 0.1 · stop sin stop · reentrada 2% ×1.0 · venta 1.0–2.4% · suave · 3 monedas · graceful-stop 0.05;0,54;0,35;0,35;-3,68;0,05;0,59;-3,33;0,0;5,7
recursive;True;recursive recursive long · lag_long · +incert. · expo 0.1 · stop sin stop · reentrada 3% ×1.0 · venta 1.0–2.4% · suave · 3 monedas · graceful-stop 0.05;0,16;0,23;0,16;-2,87;-0,02;-0,26;-3,04;0,0;2,43
recursive;True;recursive recursive long · lag_long ·  · expo 0.1 · stop 15% · reentrada 1% ×1.0 · venta 1.0–2.4% · suave · 3 monedas · graceful-stop 0.08;0,25;0,52;0,25;-5,28;-0,29;-3,6;-12,48;3,1;4,82
recursive;True;recursive recursive long · momentum · +incert. · expo 0.1 · stop sin stop · reentrada 3% ×1.0 · venta 1.0–2.4% · suave · 3 monedas · graceful-stop 0.05;0,5;0,36;0,36;-2,66;0,13;1,48;-1,68;0,0;5,52
recursive;True;recursive recursive long · lag_long · +incert. · expo 0.1 · stop 15% · reentrada 1% ×1.0 · venta 1.0–2.4% · suave · 3 monedas · graceful-stop 0.08;0,37;0,48;0,37;-5,07;-0,06;-0,9;-9,49;3,1;5,38
recursive;True;recursive recursive long · momentum ·  · expo 0.1 · stop 15% · reentrada 1% ×1.0 · venta 1.0–2.4% · suave · 3 monedas · graceful-stop 0.08;0,18;0,14;0,14;-9,93;-0,25;-3,21;-11,07;3,1;1,87
recursive;True;recursive recursive long · lag_long ·  · expo 0.1 · stop 15% · reentrada 2% ×1.0 · venta 1.0–2.4% · suave · 3 monedas · graceful-stop 0.08;0,33;0,42;0,33;-3,36;-0,1;-1,24;-8,36;3,1;4,78
recursive;True;recursive recursive long · momentum · +incert. · expo 0.1 · stop 15% · reentrada 1% ×1.0 · venta 1.0–2.4% · suave · 3 monedas · graceful-stop 0.08;0,3;0,11;0,11;-9,7;-0,16;-2,19;-11,58;3,1;2,47
recursive;True;recursive recursive long · lag_long · +incert. · expo 0.1 · stop 15% · reentrada 2% ×1.0 · venta 1.0–2.4% · suave · 3 monedas · graceful-stop 0.08;0,39;0,45;0,39;-3,1;-0,03;-0,4;-7,77;3,1;5,34
recursive;True;recursive recursive long · momentum ·  · expo 0.1 · stop 15% · reentrada 2% ×1.0 · venta 1.0–2.4% · suave · 3 monedas · graceful-stop 0.08;0,45;0,32;0,32;-6,61;0,02;0,15;-4,37;0,0;4,87
recursive;True;recursive recursive long · lag_long ·  · expo 0.1 · stop 15% · reentrada 3% ×1.0 · venta 1.0–2.4% · suave · 3 monedas · graceful-stop 0.08;0,07;0,24;0,07;-3,3;-0,08;-1,01;-4,38;0,0;1,87
recursive;True;recursive recursive long · momentum · +incert. · expo 0.1 · stop 15% · reentrada 2% ×1.0 · venta 1.0–2.4% · suave · 3 monedas · graceful-stop 0.08;0,51;0,34;0,34;-5,85;0,08;0,94;-4,21;0,0;5,43
recursive;True;recursive recursive long · lag_long · +incert. · expo 0.1 · stop 15% · reentrada 3% ×1.0 · venta 1.0–2.4% · suave · 3 monedas · graceful-stop 0.08;0,16;0,26;0,16;-3,13;-0,04;-0,55;-3,98;0,0;2,63
recursive;True;recursive recursive long · momentum ·  · expo 0.1 · stop 15% · reentrada 3% ×1.0 · venta 1.0–2.4% · suave · 3 monedas · graceful-stop 0.08;0,48;0,32;0,32;-3,28;0,08;0,88;-2,13;0,0;5,14
recursive;True;recursive recursive long · lag_long ·  · expo 0.1 · stop sin stop · reentrada 1% ×1.0 · venta 1.0–2.4% · suave · 3 monedas · graceful-stop 0.08;0,25;0,52;0,25;-5,28;-0,29;-3,6;-12,48;3,1;4,82
recursive;True;recursive recursive long · momentum · +incert. · expo 0.1 · stop 15% · reentrada 3% ×1.0 · venta 1.0–2.4% · suave · 3 monedas · graceful-stop 0.08;0,56;0,35;0,35;-3,13;0,11;1,25;-2,0;0,0;5,85
recursive;True;recursive recursive long · momentum ·  · expo 0.1 · stop sin stop · reentrada 1% ×1.0 · venta 1.0–2.4% · suave · 3 monedas · graceful-stop 0.08;0,18;0,14;0,14;-9,93;-0,25;-3,21;-11,07;3,1;1,87
recursive;True;recursive recursive long · lag_long ·  · expo 0.1 · stop sin stop · reentrada 2% ×1.0 · venta 1.0–2.4% · suave · 3 monedas · graceful-stop 0.08;0,33;0,42;0,33;-3,36;-0,1;-1,24;-8,36;3,1;4,78
recursive;True;recursive recursive long · lag_long · +incert. · expo 0.1 · stop sin stop · reentrada 1% ×1.0 · venta 1.0–2.4% · suave · 3 monedas · graceful-stop 0.08;0,37;0,48;0,37;-5,07;-0,06;-0,9;-9,49;3,1;5,38
recursive;True;recursive recursive long · momentum · +incert. · expo 0.1 · stop sin stop · reentrada 1% ×1.0 · venta 1.0–2.4% · suave · 3 monedas · graceful-stop 0.08;0,3;0,11;0,11;-9,7;-0,16;-2,19;-11,58;3,1;2,47
recursive;True;recursive recursive long · lag_long · +incert. · expo 0.1 · stop sin stop · reentrada 2% ×1.0 · venta 1.0–2.4% · suave · 3 monedas · graceful-stop 0.08;0,39;0,45;0,39;-3,1;-0,03;-0,4;-7,77;3,1;5,34
recursive;True;recursive recursive long · momentum ·  · expo 0.1 · stop sin stop · reentrada 2% ×1.0 · venta 1.0–2.4% · suave · 3 monedas · graceful-stop 0.08;0,45;0,32;0,32;-6,61;0,02;0,15;-4,37;0,0;4,87
recursive;True;recursive recursive long · lag_long ·  · expo 0.1 · stop sin stop · reentrada 3% ×1.0 · venta 1.0–2.4% · suave · 3 monedas · graceful-stop 0.08;0,07;0,24;0,07;-3,3;-0,08;-1,01;-4,38;0,0;1,87
recursive;True;recursive recursive long · momentum · +incert. · expo 0.1 · stop sin stop · reentrada 2% ×1.0 · venta 1.0–2.4% · suave · 3 monedas · graceful-stop 0.08;0,51;0,34;0,34;-5,85;0,08;0,94;-4,21;0,0;5,43
recursive;True;recursive recursive long · momentum ·  · expo 0.1 · stop sin stop · reentrada 3% ×1.0 · venta 1.0–2.4% · suave · 3 monedas · graceful-stop 0.08;0,48;0,32;0,32;-3,28;0,08;0,88;-2,13;0,0;5,14
recursive;True;recursive recursive long · lag_long · +incert. · expo 0.1 · stop sin stop · reentrada 3% ×1.0 · venta 1.0–2.4% · suave · 3 monedas · graceful-stop 0.08;0,16;0,26;0,16;-3,13;-0,04;-0,55;-3,98;0,0;2,63
recursive;True;recursive recursive long · lag_long ·  · expo 0.1 · stop 15% · reentrada 1% ×1.0 · venta 1.0–2.4% · suave · 3 monedas · graceful-stop None;0,16;0,69;0,16;-7,09;-0,34;-4,29;-14,01;3,1;5,33
recursive;True;recursive recursive long · momentum · +incert. · expo 0.1 · stop sin stop · reentrada 3% ×1.0 · venta 1.0–2.4% · suave · 3 monedas · graceful-stop 0.08;0,56;0,35;0,35;-3,13;0,11;1,25;-2,0;0,0;5,85
recursive;True;recursive recursive long · lag_long · +incert. · expo 0.1 · stop 15% · reentrada 1% ×1.0 · venta 1.0–2.4% · suave · 3 monedas · graceful-stop None;0,28;0,65;0,28;-6,36;-0,22;-2,73;-12,94;0,0;5,85
recursive;True;recursive recursive long · momentum ·  · expo 0.1 · stop 15% · reentrada 1% ×1.0 · venta 1.0–2.4% · suave · 3 monedas · graceful-stop None;0,37;0,27;0,27;-8,44;-0,2;-2,61;-11,31;9,4;3,93
recursive;True;recursive recursive long · lag_long ·  · expo 0.1 · stop 15% · reentrada 2% ×1.0 · venta 1.0–2.4% · suave · 3 monedas · graceful-stop None;0,22;0,61;0,22;-6,26;-0,17;-2,18;-7,72;3,1;5,18
recursive;True;recursive recursive long · momentum · +incert. · expo 0.1 · stop 15% · reentrada 1% ×1.0 · venta 1.0–2.4% · suave · 3 monedas · graceful-stop None;0,49;0,24;0,24;-8,52;-0,09;-1,39;-12,04;9,4;4,46
recursive;True;recursive recursive long · momentum ·  · expo 0.1 · stop 15% · reentrada 2% ×1.0 · venta 1.0–2.4% · suave · 3 monedas · graceful-stop None;0,42;0,44;0,42;-8,31;0,01;-0,04;-6,11;3,1;5,48
recursive;True;recursive recursive long · lag_long · +incert. · expo 0.1 · stop 15% · reentrada 2% ×1.0 · venta 1.0–2.4% · suave · 3 monedas · graceful-stop None;0,28;0,64;0,28;-6,47;-0,09;-1,22;-7,11;3,1;5,8
recursive;True;recursive recursive long · lag_long ·  · expo 0.1 · stop 15% · reentrada 3% ×1.0 · venta 1.0–2.4% · suave · 3 monedas · graceful-stop None;0,15;0,24;0,15;-4,74;-0,25;-3,12;-8,09;0,0;2,44
recursive;True;recursive recursive long · momentum · +incert. · expo 0.1 · stop 15% · reentrada 2% ×1.0 · venta 1.0–2.4% · suave · 3 monedas · graceful-stop None;0,48;0,48;0,48;-7,88;0,08;0,84;-5,89;3,1;6,1
recursive;True;recursive recursive long · lag_long · +incert. · expo 0.1 · stop 15% · reentrada 3% ×1.0 · venta 1.0–2.4% · suave · 3 monedas · graceful-stop None;0,2;0,27;0,2;-4,54;-0,2;-2,51;-6,99;0,0;2,94
recursive;True;recursive recursive long · momentum ·  · expo 0.1 · stop 15% · reentrada 3% ×1.0 · venta 1.0–2.4% · suave · 3 monedas · graceful-stop None;0,36;0,57;0,36;-5,24;0,06;0,62;-3,58;0,0;5,98
recursive;True;recursive recursive long · lag_long ·  · expo 0.1 · stop sin stop · reentrada 1% ×1.0 · venta 1.0–2.4% · suave · 3 monedas · graceful-stop None;0,16;0,69;0,16;-7,09;-0,34;-4,29;-14,01;3,1;5,33
recursive;True;recursive recursive long · momentum · +incert. · expo 0.1 · stop 15% · reentrada 3% ×1.0 · venta 1.0–2.4% · suave · 3 monedas · graceful-stop None;0,41;0,6;0,41;-5,05;0,1;1,08;-3,42;0,0;6,44
recursive;True;recursive recursive long · lag_long · +incert. · expo 0.1 · stop sin stop · reentrada 1% ×1.0 · venta 1.0–2.4% · suave · 3 monedas · graceful-stop None;0,28;0,65;0,28;-6,36;-0,22;-2,73;-12,94;0,0;5,85
recursive;True;recursive recursive long · momentum ·  · expo 0.1 · stop sin stop · reentrada 1% ×1.0 · venta 1.0–2.4% · suave · 3 monedas · graceful-stop None;0,37;0,27;0,27;-8,44;-0,2;-2,61;-11,31;9,4;3,93
recursive;True;recursive recursive long · lag_long ·  · expo 0.1 · stop sin stop · reentrada 2% ×1.0 · venta 1.0–2.4% · suave · 3 monedas · graceful-stop None;0,22;0,61;0,22;-6,26;-0,17;-2,18;-7,72;3,1;5,18
recursive;True;recursive recursive long · momentum · +incert. · expo 0.1 · stop sin stop · reentrada 1% ×1.0 · venta 1.0–2.4% · suave · 3 monedas · graceful-stop None;0,49;0,24;0,24;-8,52;-0,09;-1,39;-12,04;9,4;4,46
recursive;True;recursive recursive long · lag_long · +incert. · expo 0.1 · stop sin stop · reentrada 2% ×1.0 · venta 1.0–2.4% · suave · 3 monedas · graceful-stop None;0,28;0,64;0,28;-6,47;-0,09;-1,22;-7,11;3,1;5,8
recursive;True;recursive recursive long · momentum ·  · expo 0.1 · stop sin stop · reentrada 2% ×1.0 · venta 1.0–2.4% · suave · 3 monedas · graceful-stop None;0,42;0,44;0,42;-8,31;0,01;-0,04;-6,11;3,1;5,48
recursive;True;recursive recursive long · lag_long ·  · expo 0.1 · stop sin stop · reentrada 3% ×1.0 · venta 1.0–2.4% · suave · 3 monedas · graceful-stop None;0,15;0,24;0,15;-4,74;-0,25;-3,12;-8,09;0,0;2,44
recursive;True;recursive recursive long · momentum · +incert. · expo 0.1 · stop sin stop · reentrada 2% ×1.0 · venta 1.0–2.4% · suave · 3 monedas · graceful-stop None;0,48;0,48;0,48;-7,88;0,08;0,84;-5,89;3,1;6,1
recursive;True;recursive recursive long · momentum ·  · expo 0.1 · stop sin stop · reentrada 3% ×1.0 · venta 1.0–2.4% · suave · 3 monedas · graceful-stop None;0,36;0,57;0,36;-5,24;0,06;0,62;-3,58;0,0;5,98
recursive;True;recursive recursive long · lag_long · +incert. · expo 0.1 · stop sin stop · reentrada 3% ×1.0 · venta 1.0–2.4% · suave · 3 monedas · graceful-stop None;0,2;0,27;0,2;-4,54;-0,2;-2,51;-6,99;0,0;2,94
recursive;True;recursive recursive long · momentum · +incert. · expo 0.1 · stop sin stop · reentrada 3% ×1.0 · venta 1.0–2.4% · suave · 3 monedas · graceful-stop None;0,41;0,6;0,41;-5,05;0,1;1,08;-3,42;0,0;6,44
recursive;True;recursive recursive long · lag_long ·  · expo 0.1 · stop 15% · reentrada 1% ×1.0 · venta 1.0–2.4% · suave · 5 monedas · graceful-stop 0.03;0,47;0,65;0,47;-6,86;-0,47;-5,6;-15,48;0,0;7,17
recursive;True;recursive recursive long · lag_long · +incert. · expo 0.1 · stop 15% · reentrada 1% ×1.0 · venta 1.0–2.4% · suave · 5 monedas · graceful-stop 0.03;0,59;0,58;0,58;-6,85;-0,22;-2,79;-12,81;3,1;7,54
recursive;True;recursive recursive long · momentum ·  · expo 0.1 · stop 15% · reentrada 1% ×1.0 · venta 1.0–2.4% · suave · 5 monedas · graceful-stop 0.03;-0,02;0,08;-0,02;-12,37;-0,13;-1,97;-11,66;6,2;0,1
recursive;True;recursive recursive long · momentum · +incert. · expo 0.1 · stop 15% · reentrada 1% ×1.0 · venta 1.0–2.4% · suave · 5 monedas · graceful-stop 0.03;0,13;0,03;0,03;-10,35;-0,03;-0,8;-10,26;3,1;0,78
recursive;True;recursive recursive long · lag_long ·  · expo 0.1 · stop 15% · reentrada 2% ×1.0 · venta 1.0–2.4% · suave · 5 monedas · graceful-stop 0.03;0,43;0,5;0,43;-4,44;-0,16;-2,04;-10,11;3,1;5,92
recursive;True;recursive recursive long · momentum ·  · expo 0.1 · stop 15% · reentrada 2% ×1.0 · venta 1.0–2.4% · suave · 5 monedas · graceful-stop 0.03;0,79;0,42;0,42;-6,4;0,15;1,73;-4,2;3,1;7,83
recursive;True;recursive recursive long · lag_long · +incert. · expo 0.1 · stop 15% · reentrada 2% ×1.0 · venta 1.0–2.4% · suave · 5 monedas · graceful-stop 0.03;0,5;0,53;0,5;-4,2;-0,1;-1,32;-9,47;3,1;6,56
recursive;True;recursive recursive long · lag_long ·  · expo 0.1 · stop 15% · reentrada 3% ×1.0 · venta 1.0–2.4% · suave · 5 monedas · graceful-stop 0.03;0,22;0,37;0,22;-3,66;-0,13;-1,6;-6,57;0,0;3,71
recursive;True;recursive recursive long · momentum ·  · expo 0.1 · stop 15% · reentrada 3% ×1.0 · venta 1.0–2.4% · suave · 5 monedas · graceful-stop 0.03;0,65;0,48;0,48;-4,04;0,19;2,23;-3,7;3,1;7,35
recursive;True;recursive recursive long · lag_long · +incert. · expo 0.1 · stop 15% · reentrada 3% ×1.0 · venta 1.0–2.4% · suave · 5 monedas · graceful-stop 0.03;0,29;0,41;0,29;-3,5;-0,1;-1,24;-6,15;0,0;4,42
recursive;True;recursive recursive long · momentum · +incert. · expo 0.1 · stop 15% · reentrada 2% ×1.0 · venta 1.0–2.4% · suave · 5 monedas · graceful-stop 0.03;0,85;0,45;0,45;-5,3;0,2;2,31;-4,12;3,1;8,45
recursive;True;recursive recursive long · lag_long ·  · expo 0.1 · stop sin stop · reentrada 1% ×1.0 · venta 1.0–2.4% · suave · 5 monedas · graceful-stop 0.03;0,47;0,65;0,47;-6,86;-0,47;-5,6;-15,48;0,0;7,17
recursive;True;recursive recursive long · momentum · +incert. · expo 0.1 · stop 15% · reentrada 3% ×1.0 · venta 1.0–2.4% · suave · 5 monedas · graceful-stop 0.03;0,72;0,51;0,51;-3,89;0,21;2,46;-3,62;3,1;8,01
recursive;True;recursive recursive long · momentum ·  · expo 0.1 · stop sin stop · reentrada 1% ×1.0 · venta 1.0–2.4% · suave · 5 monedas · graceful-stop 0.03;-0,02;0,08;-0,02;-12,37;-0,13;-1,97;-11,66;6,2;0,1
recursive;True;recursive recursive long · lag_long · +incert. · expo 0.1 · stop sin stop · reentrada 1% ×1.0 · venta 1.0–2.4% · suave · 5 monedas · graceful-stop 0.03;0,59;0,58;0,58;-6,85;-0,22;-2,79;-12,81;3,1;7,54
recursive;True;recursive recursive long · lag_long ·  · expo 0.1 · stop sin stop · reentrada 2% ×1.0 · venta 1.0–2.4% · suave · 5 monedas · graceful-stop 0.03;0,43;0,5;0,43;-4,44;-0,16;-2,04;-10,11;3,1;5,92
recursive;True;recursive recursive long · momentum · +incert. · expo 0.1 · stop sin stop · reentrada 1% ×1.0 · venta 1.0–2.4% · suave · 5 monedas · graceful-stop 0.03;0,13;0,03;0,03;-10,35;-0,03;-0,8;-10,26;3,1;0,78
recursive;True;recursive recursive long · lag_long · +incert. · expo 0.1 · stop sin stop · reentrada 2% ×1.0 · venta 1.0–2.4% · suave · 5 monedas · graceful-stop 0.03;0,5;0,53;0,5;-4,2;-0,1;-1,32;-9,47;3,1;6,56
recursive;True;recursive recursive long · momentum ·  · expo 0.1 · stop sin stop · reentrada 2% ×1.0 · venta 1.0–2.4% · suave · 5 monedas · graceful-stop 0.03;0,79;0,42;0,42;-6,4;0,15;1,73;-4,2;3,1;7,83
recursive;True;recursive recursive long · momentum · +incert. · expo 0.1 · stop sin stop · reentrada 2% ×1.0 · venta 1.0–2.4% · suave · 5 monedas · graceful-stop 0.03;0,85;0,45;0,45;-5,3;0,2;2,31;-4,12;3,1;8,45
recursive;True;recursive recursive long · lag_long ·  · expo 0.1 · stop sin stop · reentrada 3% ×1.0 · venta 1.0–2.4% · suave · 5 monedas · graceful-stop 0.03;0,22;0,37;0,22;-3,66;-0,13;-1,6;-6,57;0,0;3,71
recursive;True;recursive recursive long · lag_long · +incert. · expo 0.1 · stop sin stop · reentrada 3% ×1.0 · venta 1.0–2.4% · suave · 5 monedas · graceful-stop 0.03;0,29;0,41;0,29;-3,5;-0,1;-1,24;-6,15;0,0;4,42
recursive;True;recursive recursive long · momentum ·  · expo 0.1 · stop sin stop · reentrada 3% ×1.0 · venta 1.0–2.4% · suave · 5 monedas · graceful-stop 0.03;0,65;0,48;0,48;-4,04;0,19;2,23;-3,7;3,1;7,35
recursive;True;recursive recursive long · momentum · +incert. · expo 0.1 · stop sin stop · reentrada 3% ×1.0 · venta 1.0–2.4% · suave · 5 monedas · graceful-stop 0.03;0,72;0,51;0,51;-3,89;0,21;2,46;-3,62;3,1;8,01
recursive;True;recursive recursive long · lag_long ·  · expo 0.1 · stop 15% · reentrada 1% ×1.0 · venta 1.0–2.4% · suave · 5 monedas · graceful-stop 0.05;0,51;0,63;0,51;-7,03;-0,61;-7,25;-20,42;3,1;7,21
recursive;True;recursive recursive long · lag_long · +incert. · expo 0.1 · stop 15% · reentrada 1% ×1.0 · venta 1.0–2.4% · suave · 5 monedas · graceful-stop 0.05;0,63;0,58;0,58;-7,02;-0,56;-6,76;-21,09;0,0;7,74
recursive;True;recursive recursive long · momentum ·  · expo 0.1 · stop 15% · reentrada 1% ×1.0 · venta 1.0–2.4% · suave · 5 monedas · graceful-stop 0.05;-0,13;0,15;-0,13;-16,43;-0,37;-4,78;-14,92;6,2;-0,3
recursive;True;recursive recursive long · lag_long ·  · expo 0.1 · stop 15% · reentrada 2% ×1.0 · venta 1.0–2.4% · suave · 5 monedas · graceful-stop 0.05;0,53;0,44;0,44;-4,83;-0,2;-2,6;-12,77;3,1;6,18
recursive;True;recursive recursive long · momentum · +incert. · expo 0.1 · stop 15% · reentrada 1% ×1.0 · venta 1.0–2.4% · suave · 5 monedas · graceful-stop 0.05;0,17;0,17;0,17;-10,21;-0,49;-6,09;-21,12;3,1;1,94
recursive;True;recursive recursive long · lag_long · +incert. · expo 0.1 · stop 15% · reentrada 2% ×1.0 · venta 1.0–2.4% · suave · 5 monedas · graceful-stop 0.05;0,58;0,47;0,47;-4,58;-0,06;-0,88;-9,66;3,1;6,75
recursive;True;recursive recursive long · momentum ·  · expo 0.1 · stop 15% · reentrada 2% ×1.0 · venta 1.0–2.4% · suave · 5 monedas · graceful-stop 0.05;0,81;0,46;0,46;-6,55;0,07;0,69;-4,39;3,1;8,16
recursive;True;recursive recursive long · lag_long ·  · expo 0.1 · stop 15% · reentrada 3% ×1.0 · venta 1.0–2.4% · suave · 5 monedas · graceful-stop 0.05;0,29;0,35;0,29;-3,65;-0,13;-1,62;-7,21;0,0;4,09
recursive;True;recursive recursive long · lag_long · +incert. · expo 0.1 · stop 15% · reentrada 3% ×1.0 · venta 1.0–2.4% · suave · 5 monedas · graceful-stop 0.05;0,36;0,39;0,36;-3,5;-0,1;-1,3;-6,8;0,0;4,74
recursive;True;recursive recursive long · momentum · +incert. · expo 0.1 · stop 15% · reentrada 2% ×1.0 · venta 1.0–2.4% · suave · 5 monedas · graceful-stop 0.05;0,86;0,48;0,48;-5,6;0,11;1,27;-4,27;3,1;8,71
recursive;True;recursive recursive long · momentum ·  · expo 0.1 · stop 15% · reentrada 3% ×1.0 · venta 1.0–2.4% · suave · 5 monedas · graceful-stop 0.05;0,69;0,48;0,48;-4,21;0,14;1,63;-3,71;3,1;7,54
recursive;True;recursive recursive long · lag_long ·  · expo 0.1 · stop sin stop · reentrada 1% ×1.0 · venta 1.0–2.4% · suave · 5 monedas · graceful-stop 0.05;0,51;0,63;0,51;-7,03;-0,61;-7,25;-20,42;3,1;7,21
recursive;True;recursive recursive long · momentum · +incert. · expo 0.1 · stop 15% · reentrada 3% ×1.0 · venta 1.0–2.4% · suave · 5 monedas · graceful-stop 0.05;0,75;0,5;0,5;-4,05;0,16;1,84;-3,64;3,1;8,15
recursive;True;recursive recursive long · momentum ·  · expo 0.1 · stop sin stop · reentrada 1% ×1.0 · venta 1.0–2.4% · suave · 5 monedas · graceful-stop 0.05;-0,13;0,15;-0,13;-16,43;-0,37;-4,78;-14,92;6,2;-0,3
recursive;True;recursive recursive long · lag_long · +incert. · expo 0.1 · stop sin stop · reentrada 1% ×1.0 · venta 1.0–2.4% · suave · 5 monedas · graceful-stop 0.05;0,63;0,58;0,58;-7,02;-0,56;-6,76;-21,09;0,0;7,74
recursive;True;recursive recursive long · lag_long ·  · expo 0.1 · stop sin stop · reentrada 2% ×1.0 · venta 1.0–2.4% · suave · 5 monedas · graceful-stop 0.05;0,53;0,44;0,44;-4,83;-0,2;-2,6;-12,77;3,1;6,18
recursive;True;recursive recursive long · momentum · +incert. · expo 0.1 · stop sin stop · reentrada 1% ×1.0 · venta 1.0–2.4% · suave · 5 monedas · graceful-stop 0.05;0,17;0,17;0,17;-10,21;-0,49;-6,09;-21,12;3,1;1,94
recursive;True;recursive recursive long · lag_long · +incert. · expo 0.1 · stop sin stop · reentrada 2% ×1.0 · venta 1.0–2.4% · suave · 5 monedas · graceful-stop 0.05;0,58;0,47;0,47;-4,58;-0,06;-0,88;-9,66;3,1;6,75
recursive;True;recursive recursive long · momentum ·  · expo 0.1 · stop sin stop · reentrada 2% ×1.0 · venta 1.0–2.4% · suave · 5 monedas · graceful-stop 0.05;0,81;0,46;0,46;-6,55;0,07;0,69;-4,39;3,1;8,16
recursive;True;recursive recursive long · lag_long ·  · expo 0.1 · stop sin stop · reentrada 3% ×1.0 · venta 1.0–2.4% · suave · 5 monedas · graceful-stop 0.05;0,29;0,35;0,29;-3,65;-0,13;-1,62;-7,21;0,0;4,09
recursive;True;recursive recursive long · momentum · +incert. · expo 0.1 · stop sin stop · reentrada 2% ×1.0 · venta 1.0–2.4% · suave · 5 monedas · graceful-stop 0.05;0,86;0,48;0,48;-5,6;0,11;1,27;-4,27;3,1;8,71
recursive;True;recursive recursive long · lag_long · +incert. · expo 0.1 · stop sin stop · reentrada 3% ×1.0 · venta 1.0–2.4% · suave · 5 monedas · graceful-stop 0.05;0,36;0,39;0,36;-3,5;-0,1;-1,3;-6,8;0,0;4,74
recursive;True;recursive recursive long · momentum ·  · expo 0.1 · stop sin stop · reentrada 3% ×1.0 · venta 1.0–2.4% · suave · 5 monedas · graceful-stop 0.05;0,69;0,48;0,48;-4,21;0,14;1,63;-3,71;3,1;7,54
recursive;True;recursive recursive long · momentum · +incert. · expo 0.1 · stop sin stop · reentrada 3% ×1.0 · venta 1.0–2.4% · suave · 5 monedas · graceful-stop 0.05;0,75;0,5;0,5;-4,05;0,16;1,84;-3,64;3,1;8,15
recursive;True;recursive recursive long · lag_long ·  · expo 0.1 · stop 15% · reentrada 1% ×1.0 · venta 1.0–2.4% · suave · 5 monedas · graceful-stop 0.08;0,63;0,62;0,62;-7,72;-0,31;-3,99;-13,07;3,1;7,99
recursive;True;recursive recursive long · momentum ·  · expo 0.1 · stop 15% · reentrada 1% ×1.0 · venta 1.0–2.4% · suave · 5 monedas · graceful-stop 0.08;-0,2;0,01;-0,2;-20,71;-0,22;-3,12;-14,18;9,4;-1,74
recursive;True;recursive recursive long · lag_long · +incert. · expo 0.1 · stop 15% · reentrada 1% ×1.0 · venta 1.0–2.4% · suave · 5 monedas · graceful-stop 0.08;0,74;0,59;0,59;-7,71;-0,25;-3,38;-13,89;3,1;8,52
recursive;True;recursive recursive long · lag_long ·  · expo 0.1 · stop 15% · reentrada 2% ×1.0 · venta 1.0–2.4% · suave · 5 monedas · graceful-stop 0.08;0,54;0,47;0,47;-5,35;-0,28;-3,54;-14,88;3,1;6,45
recursive;True;recursive recursive long · momentum · +incert. · expo 0.1 · stop 15% · reentrada 1% ×1.0 · venta 1.0–2.4% · suave · 5 monedas · graceful-stop 0.08;-0,07;0,11;-0,07;-18,58;-0,12;-1,92;-14,33;9,4;-0,3
recursive;True;recursive recursive long · momentum ·  · expo 0.1 · stop 15% · reentrada 2% ×1.0 · venta 1.0–2.4% · suave · 5 monedas · graceful-stop 0.08;0,72;0,53;0,53;-9,31;0,11;1,1;-6,17;3,1;8,01
recursive;True;recursive recursive long · lag_long · +incert. · expo 0.1 · stop 15% · reentrada 2% ×1.0 · venta 1.0–2.4% · suave · 5 monedas · graceful-stop 0.08;0,6;0,5;0,5;-4,86;-0,06;-0,92;-9,93;3,1;6,98
recursive;True;recursive recursive long · momentum · +incert. · expo 0.1 · stop 15% · reentrada 2% ×1.0 · venta 1.0–2.4% · suave · 5 monedas · graceful-stop 0.08;0,77;0,55;0,55;-8,59;0,16;1,8;-5,98;3,1;8,53
recursive;True;recursive recursive long · lag_long ·  · expo 0.1 · stop 15% · reentrada 3% ×1.0 · venta 1.0–2.4% · suave · 5 monedas · graceful-stop 0.08;0,36;0,39;0,36;-3,86;-0,15;-1,93;-7,7;0,0;4,75
recursive;True;recursive recursive long · momentum ·  · expo 0.1 · stop 15% · reentrada 3% ×1.0 · venta 1.0–2.4% · suave · 5 monedas · graceful-stop 0.08;0,72;0,54;0,54;-4,74;0,11;1,25;-3,79;3,1;8,17
recursive;True;recursive recursive long · lag_long · +incert. · expo 0.1 · stop 15% · reentrada 3% ×1.0 · venta 1.0–2.4% · suave · 5 monedas · graceful-stop 0.08;0,44;0,41;0,41;-3,69;-0,11;-1,49;-7,25;0,0;5,46
recursive;True;recursive recursive long · lag_long ·  · expo 0.1 · stop sin stop · reentrada 1% ×1.0 · venta 1.0–2.4% · suave · 5 monedas · graceful-stop 0.08;0,63;0,62;0,62;-7,72;-0,31;-3,99;-13,07;3,1;7,99
recursive;True;recursive recursive long · momentum ·  · expo 0.1 · stop sin stop · reentrada 1% ×1.0 · venta 1.0–2.4% · suave · 5 monedas · graceful-stop 0.08;-0,2;0,01;-0,2;-20,71;-0,22;-3,12;-14,18;9,4;-1,74
recursive;True;recursive recursive long · lag_long · +incert. · expo 0.1 · stop sin stop · reentrada 1% ×1.0 · venta 1.0–2.4% · suave · 5 monedas · graceful-stop 0.08;0,74;0,59;0,59;-7,71;-0,25;-3,38;-13,89;3,1;8,52
recursive;True;recursive recursive long · momentum · +incert. · expo 0.1 · stop 15% · reentrada 3% ×1.0 · venta 1.0–2.4% · suave · 5 monedas · graceful-stop 0.08;0,8;0,56;0,56;-4,58;0,14;1,58;-3,72;3,1;8,83
recursive;True;recursive recursive long · lag_long ·  · expo 0.1 · stop sin stop · reentrada 2% ×1.0 · venta 1.0–2.4% · suave · 5 monedas · graceful-stop 0.08;0,54;0,47;0,47;-5,35;-0,28;-3,54;-14,88;3,1;6,45
recursive;True;recursive recursive long · lag_long · +incert. · expo 0.1 · stop sin stop · reentrada 2% ×1.0 · venta 1.0–2.4% · suave · 5 monedas · graceful-stop 0.08;0,6;0,5;0,5;-4,86;-0,06;-0,92;-9,93;3,1;6,98
recursive;True;recursive recursive long · momentum · +incert. · expo 0.1 · stop sin stop · reentrada 1% ×1.0 · venta 1.0–2.4% · suave · 5 monedas · graceful-stop 0.08;-0,07;0,11;-0,07;-18,58;-0,12;-1,92;-14,33;9,4;-0,3
recursive;True;recursive recursive long · momentum ·  · expo 0.1 · stop sin stop · reentrada 2% ×1.0 · venta 1.0–2.4% · suave · 5 monedas · graceful-stop 0.08;0,72;0,53;0,53;-9,31;0,11;1,1;-6,17;3,1;8,01
recursive;True;recursive recursive long · momentum · +incert. · expo 0.1 · stop sin stop · reentrada 2% ×1.0 · venta 1.0–2.4% · suave · 5 monedas · graceful-stop 0.08;0,77;0,55;0,55;-8,59;0,16;1,8;-5,98;3,1;8,53
recursive;True;recursive recursive long · lag_long ·  · expo 0.1 · stop sin stop · reentrada 3% ×1.0 · venta 1.0–2.4% · suave · 5 monedas · graceful-stop 0.08;0,36;0,39;0,36;-3,86;-0,15;-1,93;-7,7;0,0;4,75
recursive;True;recursive recursive long · momentum ·  · expo 0.1 · stop sin stop · reentrada 3% ×1.0 · venta 1.0–2.4% · suave · 5 monedas · graceful-stop 0.08;0,72;0,54;0,54;-4,74;0,11;1,25;-3,79;3,1;8,17
recursive;True;recursive recursive long · lag_long · +incert. · expo 0.1 · stop sin stop · reentrada 3% ×1.0 · venta 1.0–2.4% · suave · 5 monedas · graceful-stop 0.08;0,44;0,41;0,41;-3,69;-0,11;-1,49;-7,25;0,0;5,46
recursive;True;recursive recursive long · lag_long ·  · expo 0.1 · stop 15% · reentrada 1% ×1.0 · venta 1.0–2.4% · suave · 5 monedas · graceful-stop None;0,61;0,74;0,61;-8,57;-0,27;-3,59;-13,26;3,1;8,58
recursive;True;recursive recursive long · momentum · +incert. · expo 0.1 · stop sin stop · reentrada 3% ×1.0 · venta 1.0–2.4% · suave · 5 monedas · graceful-stop 0.08;0,8;0,56;0,56;-4,58;0,14;1,58;-3,72;3,1;8,83
recursive;True;recursive recursive long · lag_long · +incert. · expo 0.1 · stop 15% · reentrada 1% ×1.0 · venta 1.0–2.4% · suave · 5 monedas · graceful-stop None;0,72;0,7;0,7;-9,09;-0,19;-2,61;-13,59;3,1;9,06
recursive;True;recursive recursive long · momentum ·  · expo 0.1 · stop 15% · reentrada 1% ×1.0 · venta 1.0–2.4% · suave · 5 monedas · graceful-stop None;-0,07;0,44;-0,07;-18,08;-0,26;-3,53;-14,28;9,4;1,74
recursive;True;recursive recursive long · lag_long ·  · expo 0.1 · stop 15% · reentrada 2% ×1.0 · venta 1.0–2.4% · suave · 5 monedas · graceful-stop None;0,32;0,66;0,32;-9,98;-0,52;-6,5;-17,36;3,1;6,03
recursive;True;recursive recursive long · momentum · +incert. · expo 0.1 · stop 15% · reentrada 1% ×1.0 · venta 1.0–2.4% · suave · 5 monedas · graceful-stop None;-0,1;0,49;-0,1;-17,36;-0,12;-1,87;-14,5;9,4;1,86
recursive;True;recursive recursive long · lag_long · +incert. · expo 0.1 · stop 15% · reentrada 2% ×1.0 · venta 1.0–2.4% · suave · 5 monedas · graceful-stop None;0,38;0,68;0,38;-9,73;-0,32;-4,17;-13,38;3,1;6,56
recursive;True;recursive recursive long · lag_long ·  · expo 0.1 · stop 15% · reentrada 3% ×1.0 · venta 1.0–2.4% · suave · 5 monedas · graceful-stop None;0,36;0,48;0,36;-6,11;-0,44;-5,51;-14,01;6,2;5,31
recursive;True;recursive recursive long · momentum ·  · expo 0.1 · stop 15% · reentrada 2% ×1.0 · venta 1.0–2.4% · suave · 5 monedas · graceful-stop None;0,65;0,62;0,62;-12,91;0,01;-0,12;-6,97;6,2;8,01
recursive;True;recursive recursive long · momentum · +incert. · expo 0.1 · stop 15% · reentrada 2% ×1.0 · venta 1.0–2.4% · suave · 5 monedas · graceful-stop None;0,71;0,64;0,64;-12,47;0,08;0,7;-6,75;6,2;8,59
recursive;True;recursive recursive long · momentum ·  · expo 0.1 · stop 15% · reentrada 3% ×1.0 · venta 1.0–2.4% · suave · 5 monedas · graceful-stop None;0,65;0,71;0,65;-6,43;0,09;0,91;-4,22;3,1;8,78
recursive;True;recursive recursive long · lag_long · +incert. · expo 0.1 · stop 15% · reentrada 3% ×1.0 · venta 1.0–2.4% · suave · 5 monedas · graceful-stop None;0,4;0,51;0,4;-5,91;-0,39;-4,92;-13,0;3,1;5,78
recursive;True;recursive recursive long · lag_long ·  · expo 0.1 · stop sin stop · reentrada 1% ×1.0 · venta 1.0–2.4% · suave · 5 monedas · graceful-stop None;0,61;0,74;0,61;-8,57;-0,27;-3,59;-13,26;3,1;8,58
recursive;True;recursive recursive long · momentum · +incert. · expo 0.1 · stop 15% · reentrada 3% ×1.0 · venta 1.0–2.4% · suave · 5 monedas · graceful-stop None;0,7;0,73;0,7;-6,24;0,12;1,33;-4,16;3,1;9,22
recursive;True;recursive recursive long · momentum ·  · expo 0.1 · stop sin stop · reentrada 1% ×1.0 · venta 1.0–2.4% · suave · 5 monedas · graceful-stop None;-0,07;0,44;-0,07;-18,08;-0,26;-3,53;-14,28;9,4;1,74
recursive;True;recursive recursive long · lag_long · +incert. · expo 0.1 · stop sin stop · reentrada 1% ×1.0 · venta 1.0–2.4% · suave · 5 monedas · graceful-stop None;0,72;0,7;0,7;-9,09;-0,19;-2,61;-13,59;3,1;9,06
recursive;True;recursive recursive long · momentum · +incert. · expo 0.1 · stop sin stop · reentrada 1% ×1.0 · venta 1.0–2.4% · suave · 5 monedas · graceful-stop None;-0,1;0,49;-0,1;-17,36;-0,12;-1,87;-14,5;9,4;1,86
recursive;True;recursive recursive long · lag_long ·  · expo 0.1 · stop sin stop · reentrada 2% ×1.0 · venta 1.0–2.4% · suave · 5 monedas · graceful-stop None;0,32;0,66;0,32;-9,98;-0,52;-6,5;-17,36;3,1;6,03
recursive;True;recursive recursive long · momentum ·  · expo 0.1 · stop sin stop · reentrada 2% ×1.0 · venta 1.0–2.4% · suave · 5 monedas · graceful-stop None;0,65;0,62;0,62;-12,91;0,01;-0,12;-6,97;6,2;8,01
recursive;True;recursive recursive long · lag_long · +incert. · expo 0.1 · stop sin stop · reentrada 2% ×1.0 · venta 1.0–2.4% · suave · 5 monedas · graceful-stop None;0,38;0,68;0,38;-9,73;-0,32;-4,17;-13,38;3,1;6,56
recursive;True;recursive recursive long · momentum · +incert. · expo 0.1 · stop sin stop · reentrada 2% ×1.0 · venta 1.0–2.4% · suave · 5 monedas · graceful-stop None;0,71;0,64;0,64;-12,47;0,08;0,7;-6,75;6,2;8,59
recursive;True;recursive recursive long · lag_long ·  · expo 0.1 · stop sin stop · reentrada 3% ×1.0 · venta 1.0–2.4% · suave · 5 monedas · graceful-stop None;0,36;0,48;0,36;-6,11;-0,44;-5,51;-14,01;6,2;5,31
recursive;True;recursive recursive long · momentum ·  · expo 0.1 · stop sin stop · reentrada 3% ×1.0 · venta 1.0–2.4% · suave · 5 monedas · graceful-stop None;0,65;0,71;0,65;-6,43;0,09;0,91;-4,22;3,1;8,78
recursive;True;recursive recursive long · lag_long · +incert. · expo 0.1 · stop sin stop · reentrada 3% ×1.0 · venta 1.0–2.4% · suave · 5 monedas · graceful-stop None;0,4;0,51;0,4;-5,91;-0,39;-4,92;-13,0;3,1;5,78
recursive;True;recursive recursive long · momentum · +incert. · expo 0.1 · stop sin stop · reentrada 3% ×1.0 · venta 1.0–2.4% · suave · 5 monedas · graceful-stop None;0,7;0,73;0,7;-6,24;0,12;1,33;-4,16;3,1;9,22
recursive;True;recursive recursive long · lag_long ·  · expo 0.1 · stop 15% · reentrada 1% ×1.0 · venta 1.0–2.4% · suave · 8 monedas · graceful-stop 0.03;0,8;1,1;0,8;-9,25;-0,46;-5,73;-17,47;6,2;12,28
recursive;True;recursive recursive long · lag_long · +incert. · expo 0.1 · stop 15% · reentrada 1% ×1.0 · venta 1.0–2.4% · suave · 8 monedas · graceful-stop 0.03;0,91;1,03;0,91;-8,21;-0,46;-5,83;-18,79;6,2;12,62
recursive;True;recursive recursive long · momentum ·  · expo 0.1 · stop 15% · reentrada 1% ×1.0 · venta 1.0–2.4% · suave · 8 monedas · graceful-stop 0.03;-0,27;0,58;-0,27;-18,32;-0,76;-9,25;-22,78;6,2;1,39
recursive;True;recursive recursive long · lag_long ·  · expo 0.1 · stop 15% · reentrada 2% ×1.0 · venta 1.0–2.4% · suave · 8 monedas · graceful-stop 0.03;0,6;0,69;0,6;-7,4;-0,33;-4,24;-15,53;6,2;8,28
recursive;True;recursive recursive long · momentum · +incert. · expo 0.1 · stop 15% · reentrada 1% ×1.0 · venta 1.0–2.4% · suave · 8 monedas · graceful-stop 0.03;-0,16;0,55;-0,16;-18,24;-0,63;-7,81;-20,9;6,2;1,9
recursive;True;recursive recursive long · lag_long · +incert. · expo 0.1 · stop 15% · reentrada 2% ×1.0 · venta 1.0–2.4% · suave · 8 monedas · graceful-stop 0.03;0,67;0,72;0,67;-7,15;-0,36;-4,48;-17,1;6,2;8,89
recursive;True;recursive recursive long · momentum ·  · expo 0.1 · stop 15% · reentrada 2% ×1.0 · venta 1.0–2.4% · suave · 8 monedas · graceful-stop 0.03;1,23;0,56;0,56;-7,55;0,13;1,44;-5,87;3,1;11,7
recursive;True;recursive recursive long · lag_long ·  · expo 0.1 · stop 15% · reentrada 3% ×1.0 · venta 1.0–2.4% · suave · 8 monedas · graceful-stop 0.03;0,25;0,54;0,25;-6,29;-0,38;-4,65;-12,35;3,1;4,95
recursive;True;recursive recursive long · momentum · +incert. · expo 0.1 · stop 15% · reentrada 2% ×1.0 · venta 1.0–2.4% · suave · 8 monedas · graceful-stop 0.03;1,29;0,59;0,59;-6,53;0,18;1,97;-5,72;3,1;12,27
recursive;True;recursive recursive long · momentum ·  · expo 0.1 · stop 15% · reentrada 3% ×1.0 · venta 1.0–2.4% · suave · 8 monedas · graceful-stop 0.03;0,96;0,63;0,63;-6,35;0,16;1,83;-4,65;3,1;10,36
recursive;True;recursive recursive long · lag_long · +incert. · expo 0.1 · stop 15% · reentrada 3% ×1.0 · venta 1.0–2.4% · suave · 8 monedas · graceful-stop 0.03;0,32;0,57;0,32;-6,11;-0,34;-4,22;-11,8;3,1;5,64
recursive;True;recursive recursive long · lag_long ·  · expo 0.1 · stop sin stop · reentrada 1% ×1.0 · venta 1.0–2.4% · suave · 8 monedas · graceful-stop 0.03;0,8;1,1;0,8;-9,25;-0,46;-5,73;-17,47;6,2;12,28
recursive;True;recursive recursive long · lag_long · +incert. · expo 0.1 · stop sin stop · reentrada 1% ×1.0 · venta 1.0–2.4% · suave · 8 monedas · graceful-stop 0.03;0,91;1,03;0,91;-8,21;-0,46;-5,83;-18,79;6,2;12,62
recursive;True;recursive recursive long · momentum · +incert. · expo 0.1 · stop 15% · reentrada 3% ×1.0 · venta 1.0–2.4% · suave · 8 monedas · graceful-stop 0.03;1,02;0,65;0,65;-6,19;0,18;2,05;-4,57;3,1;10,98
recursive;True;recursive recursive long · momentum ·  · expo 0.1 · stop sin stop · reentrada 1% ×1.0 · venta 1.0–2.4% · suave · 8 monedas · graceful-stop 0.03;-0,27;0,58;-0,27;-18,32;-0,76;-9,25;-22,78;6,2;1,39
recursive;True;recursive recursive long · lag_long ·  · expo 0.1 · stop sin stop · reentrada 2% ×1.0 · venta 1.0–2.4% · suave · 8 monedas · graceful-stop 0.03;0,6;0,69;0,6;-7,4;-0,33;-4,24;-15,53;6,2;8,28
recursive;True;recursive recursive long · momentum · +incert. · expo 0.1 · stop sin stop · reentrada 1% ×1.0 · venta 1.0–2.4% · suave · 8 monedas · graceful-stop 0.03;-0,16;0,55;-0,16;-18,24;-0,63;-7,81;-20,9;6,2;1,9
recursive;True;recursive recursive long · lag_long · +incert. · expo 0.1 · stop sin stop · reentrada 2% ×1.0 · venta 1.0–2.4% · suave · 8 monedas · graceful-stop 0.03;0,67;0,72;0,67;-7,15;-0,36;-4,48;-17,1;6,2;8,89
recursive;True;recursive recursive long · momentum ·  · expo 0.1 · stop sin stop · reentrada 2% ×1.0 · venta 1.0–2.4% · suave · 8 monedas · graceful-stop 0.03;1,23;0,56;0,56;-7,55;0,13;1,44;-5,87;3,1;11,7
recursive;True;recursive recursive long · lag_long ·  · expo 0.1 · stop sin stop · reentrada 3% ×1.0 · venta 1.0–2.4% · suave · 8 monedas · graceful-stop 0.03;0,25;0,54;0,25;-6,29;-0,38;-4,65;-12,35;3,1;4,95
recursive;True;recursive recursive long · momentum · +incert. · expo 0.1 · stop sin stop · reentrada 2% ×1.0 · venta 1.0–2.4% · suave · 8 monedas · graceful-stop 0.03;1,29;0,59;0,59;-6,53;0,18;1,97;-5,72;3,1;12,27
recursive;True;recursive recursive long · lag_long · +incert. · expo 0.1 · stop sin stop · reentrada 3% ×1.0 · venta 1.0–2.4% · suave · 8 monedas · graceful-stop 0.03;0,32;0,57;0,32;-6,11;-0,34;-4,22;-11,8;3,1;5,64
recursive;True;recursive recursive long · momentum ·  · expo 0.1 · stop sin stop · reentrada 3% ×1.0 · venta 1.0–2.4% · suave · 8 monedas · graceful-stop 0.03;0,96;0,63;0,63;-6,35;0,16;1,83;-4,65;3,1;10,36
recursive;True;recursive recursive long · momentum · +incert. · expo 0.1 · stop sin stop · reentrada 3% ×1.0 · venta 1.0–2.4% · suave · 8 monedas · graceful-stop 0.03;1,02;0,65;0,65;-6,19;0,18;2,05;-4,57;3,1;10,98
recursive;True;recursive recursive long · lag_long ·  · expo 0.1 · stop 15% · reentrada 1% ×1.0 · venta 1.0–2.4% · suave · 8 monedas · graceful-stop 0.05;0,84;1,01;0,84;-8,66;-0,37;-4,82;-17,48;6,2;11,88
recursive;True;recursive recursive long · lag_long ·  · expo 0.1 · stop 15% · reentrada 2% ×1.0 · venta 1.0–2.4% · suave · 8 monedas · graceful-stop 0.05;0,65;0,67;0,65;-7,37;-0,33;-4,21;-16,13;6,2;8,4
recursive;True;recursive recursive long · momentum ·  · expo 0.1 · stop 15% · reentrada 1% ×1.0 · venta 1.0–2.4% · suave · 8 monedas · graceful-stop 0.05;0,04;0,61;0,04;-18,38;-0,71;-8,75;-21,65;9,4;3,56
recursive;True;recursive recursive long · lag_long · +incert. · expo 0.1 · stop 15% · reentrada 1% ×1.0 · venta 1.0–2.4% · suave · 8 monedas · graceful-stop 0.05;0,95;0,96;0,95;-8,65;-0,34;-4,51;-17,78;6,2;12,36
recursive;True;recursive recursive long · momentum · +incert. · expo 0.1 · stop 15% · reentrada 1% ×1.0 · venta 1.0–2.4% · suave · 8 monedas · graceful-stop 0.05;-0,13;0,64;-0,13;-18,22;-0,6;-7,58;-20,49;9,4;2,69
recursive;True;recursive recursive long · lag_long · +incert. · expo 0.1 · stop 15% · reentrada 2% ×1.0 · venta 1.0–2.4% · suave · 8 monedas · graceful-stop 0.05;0,7;0,69;0,69;-7,11;-0,34;-4,31;-17,3;6,2;8,95
recursive;True;recursive recursive long · lag_long ·  · expo 0.1 · stop 15% · reentrada 3% ×1.0 · venta 1.0–2.4% · suave · 8 monedas · graceful-stop 0.05;0,33;0,52;0,33;-6,22;-0,37;-4,62;-14,2;3,1;5,34
recursive;True;recursive recursive long · momentum ·  · expo 0.1 · stop 15% · reentrada 2% ×1.0 · venta 1.0–2.4% · suave · 8 monedas · graceful-stop 0.05;1,28;0,56;0,56;-8,2;0,07;0,69;-5,77;9,4;12,0
recursive;True;recursive recursive long · momentum · +incert. · expo 0.1 · stop 15% · reentrada 2% ×1.0 · venta 1.0–2.4% · suave · 8 monedas · graceful-stop 0.05;1,32;0,59;0,59;-7,33;0,11;1,21;-5,63;6,2;12,51
recursive;True;recursive recursive long · lag_long · +incert. · expo 0.1 · stop 15% · reentrada 3% ×1.0 · venta 1.0–2.4% · suave · 8 monedas · graceful-stop 0.05;0,4;0,55;0,4;-6,04;-0,34;-4,24;-13,65;3,1;5,98
recursive;True;recursive recursive long · momentum ·  · expo 0.1 · stop 15% · reentrada 3% ×1.0 · venta 1.0–2.4% · suave · 8 monedas · graceful-stop 0.05;1,0;0,59;0,59;-6,34;0,11;1,26;-4,74;6,2;10,34
recursive;True;recursive recursive long · lag_long ·  · expo 0.1 · stop sin stop · reentrada 1% ×1.0 · venta 1.0–2.4% · suave · 8 monedas · graceful-stop 0.05;0,84;1,01;0,84;-8,66;-0,37;-4,82;-17,48;6,2;11,88
recursive;True;recursive recursive long · momentum · +incert. · expo 0.1 · stop 15% · reentrada 3% ×1.0 · venta 1.0–2.4% · suave · 8 monedas · graceful-stop 0.05;1,06;0,61;0,61;-6,18;0,13;1,46;-4,66;3,1;10,92
recursive;True;recursive recursive long · momentum ·  · expo 0.1 · stop sin stop · reentrada 1% ×1.0 · venta 1.0–2.4% · suave · 8 monedas · graceful-stop 0.05;0,04;0,61;0,04;-18,38;-0,71;-8,75;-21,65;9,4;3,56
recursive;True;recursive recursive long · lag_long · +incert. · expo 0.1 · stop sin stop · reentrada 1% ×1.0 · venta 1.0–2.4% · suave · 8 monedas · graceful-stop 0.05;0,95;0,96;0,95;-8,65;-0,34;-4,51;-17,78;6,2;12,36
recursive;True;recursive recursive long · lag_long ·  · expo 0.1 · stop sin stop · reentrada 2% ×1.0 · venta 1.0–2.4% · suave · 8 monedas · graceful-stop 0.05;0,65;0,67;0,65;-7,37;-0,33;-4,21;-16,13;6,2;8,4
recursive;True;recursive recursive long · momentum · +incert. · expo 0.1 · stop sin stop · reentrada 1% ×1.0 · venta 1.0–2.4% · suave · 8 monedas · graceful-stop 0.05;-0,13;0,64;-0,13;-18,22;-0,6;-7,58;-20,49;9,4;2,69
recursive;True;recursive recursive long · momentum ·  · expo 0.1 · stop sin stop · reentrada 2% ×1.0 · venta 1.0–2.4% · suave · 8 monedas · graceful-stop 0.05;1,28;0,56;0,56;-8,2;0,07;0,69;-5,77;9,4;12,0
recursive;True;recursive recursive long · lag_long · +incert. · expo 0.1 · stop sin stop · reentrada 2% ×1.0 · venta 1.0–2.4% · suave · 8 monedas · graceful-stop 0.05;0,7;0,69;0,69;-7,11;-0,34;-4,31;-17,3;6,2;8,95
recursive;True;recursive recursive long · lag_long ·  · expo 0.1 · stop sin stop · reentrada 3% ×1.0 · venta 1.0–2.4% · suave · 8 monedas · graceful-stop 0.05;0,33;0,52;0,33;-6,22;-0,37;-4,62;-14,2;3,1;5,34
recursive;True;recursive recursive long · momentum · +incert. · expo 0.1 · stop sin stop · reentrada 2% ×1.0 · venta 1.0–2.4% · suave · 8 monedas · graceful-stop 0.05;1,32;0,59;0,59;-7,33;0,11;1,21;-5,63;6,2;12,51
recursive;True;recursive recursive long · lag_long · +incert. · expo 0.1 · stop sin stop · reentrada 3% ×1.0 · venta 1.0–2.4% · suave · 8 monedas · graceful-stop 0.05;0,4;0,55;0,4;-6,04;-0,34;-4,24;-13,65;3,1;5,98
recursive;True;recursive recursive long · momentum ·  · expo 0.1 · stop sin stop · reentrada 3% ×1.0 · venta 1.0–2.4% · suave · 8 monedas · graceful-stop 0.05;1,0;0,59;0,59;-6,34;0,11;1,26;-4,74;6,2;10,34
recursive;True;recursive recursive long · lag_long ·  · expo 0.1 · stop 15% · reentrada 1% ×1.0 · venta 1.0–2.4% · suave · 8 monedas · graceful-stop 0.08;0,52;1,0;0,52;-17,07;-0,12;-1,87;-12,71;3,1;9,49
recursive;True;recursive recursive long · momentum · +incert. · expo 0.1 · stop sin stop · reentrada 3% ×1.0 · venta 1.0–2.4% · suave · 8 monedas · graceful-stop 0.05;1,06;0,61;0,61;-6,18;0,13;1,46;-4,66;3,1;10,92
recursive;True;recursive recursive long · momentum ·  · expo 0.1 · stop 15% · reentrada 1% ×1.0 · venta 1.0–2.4% · suave · 8 monedas · graceful-stop 0.08;0,2;0,7;0,2;-18,14;-0,38;-5,04;-18,55;12,5;5,08
recursive;True;recursive recursive long · lag_long · +incert. · expo 0.1 · stop 15% · reentrada 1% ×1.0 · venta 1.0–2.4% · suave · 8 monedas · graceful-stop 0.08;0,98;0,89;0,89;-10,68;-0,09;-1,46;-12,75;3,1;12,03
recursive;True;recursive recursive long · lag_long ·  · expo 0.1 · stop 15% · reentrada 2% ×1.0 · venta 1.0–2.4% · suave · 8 monedas · graceful-stop 0.08;0,54;0,71;0,54;-9,74;-0,29;-3,9;-14,73;9,4;7,84
recursive;True;recursive recursive long · momentum · +incert. · expo 0.1 · stop 15% · reentrada 1% ×1.0 · venta 1.0–2.4% · suave · 8 monedas · graceful-stop 0.08;0,2;0,72;0,2;-17,94;-0,29;-4,05;-19,12;12,5;5,25
recursive;True;recursive recursive long · lag_long · +incert. · expo 0.1 · stop 15% · reentrada 2% ×1.0 · venta 1.0–2.4% · suave · 8 monedas · graceful-stop 0.08;0,59;0,83;0,59;-9,0;-0,32;-4,15;-16,48;6,2;9,02
recursive;True;recursive recursive long · momentum ·  · expo 0.1 · stop 15% · reentrada 2% ×1.0 · venta 1.0–2.4% · suave · 8 monedas · graceful-stop 0.08;1,19;0,65;0,65;-9,66;0,02;-0,05;-7,25;9,4;11,96
recursive;True;recursive recursive long · lag_long ·  · expo 0.1 · stop 15% · reentrada 3% ×1.0 · venta 1.0–2.4% · suave · 8 monedas · graceful-stop 0.08;0,39;0,61;0,39;-6,46;-0,35;-4,42;-13,53;3,1;6,33
recursive;True;recursive recursive long · lag_long · +incert. · expo 0.1 · stop 15% · reentrada 3% ×1.0 · venta 1.0–2.4% · suave · 8 monedas · graceful-stop 0.08;0,47;0,63;0,47;-6,27;-0,34;-4,3;-13,86;3,1;7,02
recursive;True;recursive recursive long · momentum · +incert. · expo 0.1 · stop 15% · reentrada 2% ×1.0 · venta 1.0–2.4% · suave · 8 monedas · graceful-stop 0.08;1,23;0,55;0,55;-9,67;0,08;0,61;-7,3;9,4;11,61
recursive;True;recursive recursive long · momentum ·  · expo 0.1 · stop 15% · reentrada 3% ×1.0 · venta 1.0–2.4% · suave · 8 monedas · graceful-stop 0.08;1,02;0,68;0,68;-6,71;0,02;0,11;-4,83;6,2;11,15
recursive;True;recursive recursive long · momentum · +incert. · expo 0.1 · stop 15% · reentrada 3% ×1.0 · venta 1.0–2.4% · suave · 8 monedas · graceful-stop 0.08;1,1;0,69;0,69;-6,54;0,05;0,43;-4,74;6,2;11,78
recursive;True;recursive recursive long · lag_long ·  · expo 0.1 · stop sin stop · reentrada 1% ×1.0 · venta 1.0–2.4% · suave · 8 monedas · graceful-stop 0.08;0,52;1,0;0,52;-17,07;-0,12;-1,87;-12,71;3,1;9,49
recursive;True;recursive recursive long · lag_long · +incert. · expo 0.1 · stop sin stop · reentrada 1% ×1.0 · venta 1.0–2.4% · suave · 8 monedas · graceful-stop 0.08;0,98;0,89;0,89;-10,68;-0,09;-1,46;-12,75;3,1;12,03
recursive;True;recursive recursive long · momentum ·  · expo 0.1 · stop sin stop · reentrada 1% ×1.0 · venta 1.0–2.4% · suave · 8 monedas · graceful-stop 0.08;0,2;0,7;0,2;-18,14;-0,38;-5,04;-18,55;12,5;5,08
recursive;True;recursive recursive long · lag_long ·  · expo 0.1 · stop sin stop · reentrada 2% ×1.0 · venta 1.0–2.4% · suave · 8 monedas · graceful-stop 0.08;0,54;0,71;0,54;-9,74;-0,29;-3,9;-14,73;9,4;7,84
recursive;True;recursive recursive long · momentum · +incert. · expo 0.1 · stop sin stop · reentrada 1% ×1.0 · venta 1.0–2.4% · suave · 8 monedas · graceful-stop 0.08;0,2;0,72;0,2;-17,94;-0,29;-4,05;-19,12;12,5;5,25
recursive;True;recursive recursive long · lag_long · +incert. · expo 0.1 · stop sin stop · reentrada 2% ×1.0 · venta 1.0–2.4% · suave · 8 monedas · graceful-stop 0.08;0,59;0,83;0,59;-9,0;-0,32;-4,15;-16,48;6,2;9,02
recursive;True;recursive recursive long · momentum ·  · expo 0.1 · stop sin stop · reentrada 2% ×1.0 · venta 1.0–2.4% · suave · 8 monedas · graceful-stop 0.08;1,19;0,65;0,65;-9,66;0,02;-0,05;-7,25;9,4;11,96
recursive;True;recursive recursive long · momentum · +incert. · expo 0.1 · stop sin stop · reentrada 2% ×1.0 · venta 1.0–2.4% · suave · 8 monedas · graceful-stop 0.08;1,23;0,55;0,55;-9,67;0,08;0,61;-7,3;9,4;11,61
recursive;True;recursive recursive long · lag_long ·  · expo 0.1 · stop sin stop · reentrada 3% ×1.0 · venta 1.0–2.4% · suave · 8 monedas · graceful-stop 0.08;0,39;0,61;0,39;-6,46;-0,35;-4,42;-13,53;3,1;6,33
recursive;True;recursive recursive long · momentum ·  · expo 0.1 · stop sin stop · reentrada 3% ×1.0 · venta 1.0–2.4% · suave · 8 monedas · graceful-stop 0.08;1,02;0,68;0,68;-6,71;0,02;0,11;-4,83;6,2;11,15
recursive;True;recursive recursive long · lag_long ·  · expo 0.1 · stop 15% · reentrada 1% ×1.0 · venta 1.0–2.4% · suave · 8 monedas · graceful-stop None;0,67;1,35;0,67;-11,27;-0,09;-1,61;-13,79;6,2;12,71
recursive;True;recursive recursive long · lag_long · +incert. · expo 0.1 · stop sin stop · reentrada 3% ×1.0 · venta 1.0–2.4% · suave · 8 monedas · graceful-stop 0.08;0,47;0,63;0,47;-6,27;-0,34;-4,3;-13,86;3,1;7,02
recursive;True;recursive recursive long · momentum ·  · expo 0.1 · stop 15% · reentrada 1% ×1.0 · venta 1.0–2.4% · suave · 8 monedas · graceful-stop None;0,38;0,9;0,38;-14,32;-0,5;-6,31;-21,43;9,4;7,6
recursive;True;recursive recursive long · momentum · +incert. · expo 0.1 · stop sin stop · reentrada 3% ×1.0 · venta 1.0–2.4% · suave · 8 monedas · graceful-stop 0.08;1,1;0,69;0,69;-6,54;0,05;0,43;-4,74;6,2;11,78
recursive;True;recursive recursive long · lag_long · +incert. · expo 0.1 · stop 15% · reentrada 1% ×1.0 · venta 1.0–2.4% · suave · 8 monedas · graceful-stop None;0,44;1,26;0,44;-20,16;-0,48;-6,01;-20,6;6,2;10,43
recursive;True;recursive recursive long · momentum · +incert. · expo 0.1 · stop 15% · reentrada 1% ×1.0 · venta 1.0–2.4% · suave · 8 monedas · graceful-stop None;0,34;1,01;0,34;-12,46;-0,21;-3,02;-18,37;12,5;8,09
recursive;True;recursive recursive long · lag_long ·  · expo 0.1 · stop 15% · reentrada 2% ×1.0 · venta 1.0–2.4% · suave · 8 monedas · graceful-stop None;0,31;0,97;0,31;-13,93;-0,3;-4,09;-13,72;6,2;7,86
recursive;True;recursive recursive long · lag_long · +incert. · expo 0.1 · stop 15% · reentrada 2% ×1.0 · venta 1.0–2.4% · suave · 8 monedas · graceful-stop None;0,39;0,99;0,39;-13,04;-0,24;-3,39;-13,52;6,2;8,57
recursive;True;recursive recursive long · momentum ·  · expo 0.1 · stop 15% · reentrada 2% ×1.0 · venta 1.0–2.4% · suave · 8 monedas · graceful-stop None;0,96;0,72;0,72;-18,43;-0,23;-3,16;-12,49;9,4;10,56
recursive;True;recursive recursive long · lag_long ·  · expo 0.1 · stop 15% · reentrada 3% ×1.0 · venta 1.0–2.4% · suave · 8 monedas · graceful-stop None;0,31;0,79;0,31;-8,75;-0,33;-4,38;-12,79;12,5;6,82
recursive;True;recursive recursive long · lag_long · +incert. · expo 0.1 · stop 15% · reentrada 3% ×1.0 · venta 1.0–2.4% · suave · 8 monedas · graceful-stop None;0,3;0,82;0,3;-9,6;-0,35;-4,61;-12,66;12,5;6,95
recursive;True;recursive recursive long · momentum · +incert. · expo 0.1 · stop 15% · reentrada 2% ×1.0 · venta 1.0–2.4% · suave · 8 monedas · graceful-stop None;1,03;0,74;0,74;-17,73;-0,17;-2,45;-12,32;9,4;11,18
recursive;True;recursive recursive long · momentum ·  · expo 0.1 · stop 15% · reentrada 3% ×1.0 · venta 1.0–2.4% · suave · 8 monedas · graceful-stop None;1,05;0,74;0,74;-9,33;-0,18;-2,47;-9,76;6,2;11,62
recursive;True;recursive recursive long · momentum · +incert. · expo 0.1 · stop 15% · reentrada 3% ×1.0 · venta 1.0–2.4% · suave · 8 monedas · graceful-stop None;1,09;0,76;0,76;-9,13;-0,14;-2,02;-9,58;6,2;12,03
recursive;True;recursive recursive long · lag_long ·  · expo 0.1 · stop sin stop · reentrada 1% ×1.0 · venta 1.0–2.4% · suave · 8 monedas · graceful-stop None;0,67;1,35;0,67;-11,27;-0,09;-1,61;-13,79;6,2;12,71
recursive;True;recursive recursive long · momentum ·  · expo 0.1 · stop sin stop · reentrada 1% ×1.0 · venta 1.0–2.4% · suave · 8 monedas · graceful-stop None;0,38;0,9;0,38;-14,32;-0,5;-6,31;-21,43;9,4;7,6
recursive;True;recursive recursive long · lag_long · +incert. · expo 0.1 · stop sin stop · reentrada 1% ×1.0 · venta 1.0–2.4% · suave · 8 monedas · graceful-stop None;0,44;1,26;0,44;-20,16;-0,48;-6,01;-20,6;6,2;10,43
recursive;True;recursive recursive long · momentum · +incert. · expo 0.1 · stop sin stop · reentrada 1% ×1.0 · venta 1.0–2.4% · suave · 8 monedas · graceful-stop None;0,34;1,01;0,34;-12,46;-0,21;-3,02;-18,37;12,5;8,09
recursive;True;recursive recursive long · lag_long ·  · expo 0.1 · stop sin stop · reentrada 2% ×1.0 · venta 1.0–2.4% · suave · 8 monedas · graceful-stop None;0,31;0,97;0,31;-13,93;-0,3;-4,09;-13,72;6,2;7,86
recursive;True;recursive recursive long · lag_long · +incert. · expo 0.1 · stop sin stop · reentrada 2% ×1.0 · venta 1.0–2.4% · suave · 8 monedas · graceful-stop None;0,39;0,99;0,39;-13,04;-0,24;-3,39;-13,52;6,2;8,57
recursive;True;recursive recursive long · momentum ·  · expo 0.1 · stop sin stop · reentrada 2% ×1.0 · venta 1.0–2.4% · suave · 8 monedas · graceful-stop None;0,96;0,72;0,72;-18,43;-0,23;-3,16;-12,49;9,4;10,56
recursive;True;recursive recursive long · lag_long ·  · expo 0.1 · stop sin stop · reentrada 3% ×1.0 · venta 1.0–2.4% · suave · 8 monedas · graceful-stop None;0,31;0,79;0,31;-8,75;-0,33;-4,38;-12,79;12,5;6,82
recursive;True;recursive recursive long · momentum · +incert. · expo 0.1 · stop sin stop · reentrada 2% ×1.0 · venta 1.0–2.4% · suave · 8 monedas · graceful-stop None;1,03;0,74;0,74;-17,73;-0,17;-2,45;-12,32;9,4;11,18
recursive;True;recursive recursive long · lag_long ·  · expo 0.1 · stop 15% · reentrada 1% ×1.0 · venta 1.0–2.4% · plano · 3 monedas · graceful-stop 0.03;0,1;0,53;0,1;-4,71;-0,05;-0,73;-9,52;3,1;3,92
recursive;True;recursive recursive long · momentum ·  · expo 0.1 · stop 15% · reentrada 1% ×1.0 · venta 1.0–2.4% · plano · 3 monedas · graceful-stop 0.03;0,14;0,26;0,14;-6,53;-0,19;-2,41;-9,31;3,1;2,42
recursive;True;recursive recursive long · lag_long · +incert. · expo 0.1 · stop sin stop · reentrada 3% ×1.0 · venta 1.0–2.4% · suave · 8 monedas · graceful-stop None;0,3;0,82;0,3;-9,6;-0,35;-4,61;-12,66;12,5;6,95
recursive;True;recursive recursive long · lag_long · +incert. · expo 0.1 · stop 15% · reentrada 1% ×1.0 · venta 1.0–2.4% · plano · 3 monedas · graceful-stop 0.03;0,32;0,41;0,32;-4,25;0,13;1,45;-8,71;3,1;4,62
recursive;True;recursive recursive long · momentum ·  · expo 0.1 · stop sin stop · reentrada 3% ×1.0 · venta 1.0–2.4% · suave · 8 monedas · graceful-stop None;1,05;0,74;0,74;-9,33;-0,18;-2,47;-9,76;6,2;11,62
recursive;True;recursive recursive long · lag_long ·  · expo 0.1 · stop 15% · reentrada 2% ×1.0 · venta 1.0–2.4% · plano · 3 monedas · graceful-stop 0.03;0,24;0,45;0,24;-2,97;-0,14;-1,71;-7,46;0,0;4,39
recursive;True;recursive recursive long · momentum · +incert. · expo 0.1 · stop sin stop · reentrada 3% ×1.0 · venta 1.0–2.4% · suave · 8 monedas · graceful-stop None;1,09;0,76;0,76;-9,13;-0,14;-2,02;-9,58;6,2;12,03
recursive;True;recursive recursive long · momentum · +incert. · expo 0.1 · stop 15% · reentrada 1% ×1.0 · venta 1.0–2.4% · plano · 3 monedas · graceful-stop 0.03;0,36;0,15;0,15;-6,81;-0,01;-0,27;-8,32;3,1;3,13
recursive;True;recursive recursive long · momentum ·  · expo 0.1 · stop 15% · reentrada 2% ×1.0 · venta 1.0–2.4% · plano · 3 monedas · graceful-stop 0.03;0,45;0,28;0,28;-4,43;0,02;0,2;-3,7;0,0;4,67
recursive;True;recursive recursive long · lag_long · +incert. · expo 0.1 · stop 15% · reentrada 2% ×1.0 · venta 1.0–2.4% · plano · 3 monedas · graceful-stop 0.03;0,36;0,5;0,36;-2,55;-0,03;-0,43;-6,44;0,0;5,55
recursive;True;recursive recursive long · lag_long ·  · expo 0.1 · stop 15% · reentrada 3% ×1.0 · venta 1.0–2.4% · plano · 3 monedas · graceful-stop 0.03;0,05;0,22;0,05;-3,0;-0,05;-0,64;-2,99;0,0;1,7
recursive;True;recursive recursive long · momentum · +incert. · expo 0.1 · stop 15% · reentrada 2% ×1.0 · venta 1.0–2.4% · plano · 3 monedas · graceful-stop 0.03;0,57;0,34;0,34;-3,66;0,12;1,37;-3,49;0,0;5,81
recursive;True;recursive recursive long · lag_long · +incert. · expo 0.1 · stop 15% · reentrada 3% ×1.0 · venta 1.0–2.4% · plano · 3 monedas · graceful-stop 0.03;0,18;0,29;0,18;-2,77;0,0;-0,03;-2,63;0,0;2,99
recursive;True;recursive recursive long · momentum ·  · expo 0.1 · stop 15% · reentrada 3% ×1.0 · venta 1.0–2.4% · plano · 3 monedas · graceful-stop 0.03;0,39;0,32;0,32;-3,18;0,15;1,83;-1,71;3,1;4,57
recursive;True;recursive recursive long · momentum · +incert. · expo 0.1 · stop 15% · reentrada 3% ×1.0 · venta 1.0–2.4% · plano · 3 monedas · graceful-stop 0.03;0,51;0,38;0,38;-2,95;0,19;2,28;-1,64;0,0;5,79
recursive;True;recursive recursive long · lag_long ·  · expo 0.1 · stop sin stop · reentrada 1% ×1.0 · venta 1.0–2.4% · plano · 3 monedas · graceful-stop 0.03;0,1;0,53;0,1;-4,71;-0,05;-0,73;-9,52;3,1;3,92
recursive;True;recursive recursive long · momentum ·  · expo 0.1 · stop sin stop · reentrada 1% ×1.0 · venta 1.0–2.4% · plano · 3 monedas · graceful-stop 0.03;0,14;0,26;0,14;-6,53;-0,19;-2,41;-9,31;3,1;2,42
recursive;True;recursive recursive long · lag_long · +incert. · expo 0.1 · stop sin stop · reentrada 1% ×1.0 · venta 1.0–2.4% · plano · 3 monedas · graceful-stop 0.03;0,32;0,41;0,32;-4,25;0,13;1,45;-8,71;3,1;4,62
recursive;True;recursive recursive long · momentum · +incert. · expo 0.1 · stop sin stop · reentrada 1% ×1.0 · venta 1.0–2.4% · plano · 3 monedas · graceful-stop 0.03;0,36;0,15;0,15;-6,81;-0,01;-0,27;-8,32;3,1;3,13
recursive;True;recursive recursive long · lag_long ·  · expo 0.1 · stop sin stop · reentrada 2% ×1.0 · venta 1.0–2.4% · plano · 3 monedas · graceful-stop 0.03;0,24;0,45;0,24;-2,97;-0,14;-1,71;-7,46;0,0;4,39
recursive;True;recursive recursive long · momentum ·  · expo 0.1 · stop sin stop · reentrada 2% ×1.0 · venta 1.0–2.4% · plano · 3 monedas · graceful-stop 0.03;0,45;0,28;0,28;-4,43;0,02;0,2;-3,7;0,0;4,67
recursive;True;recursive recursive long · lag_long · +incert. · expo 0.1 · stop sin stop · reentrada 2% ×1.0 · venta 1.0–2.4% · plano · 3 monedas · graceful-stop 0.03;0,36;0,5;0,36;-2,55;-0,03;-0,43;-6,44;0,0;5,55
recursive;True;recursive recursive long · lag_long ·  · expo 0.1 · stop sin stop · reentrada 3% ×1.0 · venta 1.0–2.4% · plano · 3 monedas · graceful-stop 0.03;0,05;0,22;0,05;-3,0;-0,05;-0,64;-2,99;0,0;1,7
recursive;True;recursive recursive long · momentum · +incert. · expo 0.1 · stop sin stop · reentrada 2% ×1.0 · venta 1.0–2.4% · plano · 3 monedas · graceful-stop 0.03;0,57;0,34;0,34;-3,66;0,12;1,37;-3,49;0,0;5,81
recursive;True;recursive recursive long · momentum ·  · expo 0.1 · stop sin stop · reentrada 3% ×1.0 · venta 1.0–2.4% · plano · 3 monedas · graceful-stop 0.03;0,39;0,32;0,32;-3,18;0,15;1,83;-1,71;3,1;4,57
recursive;True;recursive recursive long · lag_long ·  · expo 0.1 · stop 15% · reentrada 1% ×1.0 · venta 1.0–2.4% · plano · 3 monedas · graceful-stop 0.05;0,27;0,43;0,27;-4,57;-0,14;-1,78;-10,16;3,1;4,41
recursive;True;recursive recursive long · lag_long · +incert. · expo 0.1 · stop sin stop · reentrada 3% ×1.0 · venta 1.0–2.4% · plano · 3 monedas · graceful-stop 0.03;0,18;0,29;0,18;-2,77;0,0;-0,03;-2,63;0,0;2,99
recursive;True;recursive recursive long · momentum · +incert. · expo 0.1 · stop sin stop · reentrada 3% ×1.0 · venta 1.0–2.4% · plano · 3 monedas · graceful-stop 0.03;0,51;0,38;0,38;-2,95;0,19;2,28;-1,64;0,0;5,79
recursive;True;recursive recursive long · lag_long · +incert. · expo 0.1 · stop 15% · reentrada 1% ×1.0 · venta 1.0–2.4% · plano · 3 monedas · graceful-stop 0.05;0,5;0,34;0,34;-4,52;0,05;0,48;-9,26;3,1;5,38
recursive;True;recursive recursive long · momentum ·  · expo 0.1 · stop 15% · reentrada 1% ×1.0 · venta 1.0–2.4% · plano · 3 monedas · graceful-stop 0.05;0,18;0,23;0,18;-7,53;-0,48;-5,81;-14,91;3,1;2,43
recursive;True;recursive recursive long · lag_long ·  · expo 0.1 · stop 15% · reentrada 2% ×1.0 · venta 1.0–2.4% · plano · 3 monedas · graceful-stop 0.05;0,36;0,39;0,36;-2,97;-0,15;-1,82;-8,44;3,1;4,74
recursive;True;recursive recursive long · momentum · +incert. · expo 0.1 · stop 15% · reentrada 1% ×1.0 · venta 1.0–2.4% · plano · 3 monedas · graceful-stop 0.05;0,41;0,15;0,15;-7,33;-0,19;-2,47;-10,55;3,1;3,45
recursive;True;recursive recursive long · lag_long · +incert. · expo 0.1 · stop 15% · reentrada 2% ×1.0 · venta 1.0–2.4% · plano · 3 monedas · graceful-stop 0.05;0,46;0,44;0,44;-2,54;-0,04;-0,59;-7,42;3,1;5,77
recursive;True;recursive recursive long · momentum ·  · expo 0.1 · stop 15% · reentrada 2% ×1.0 · venta 1.0–2.4% · plano · 3 monedas · graceful-stop 0.05;0,49;0,31;0,31;-4,71;-0,0;-0,07;-3,43;0,0;5,11
recursive;True;recursive recursive long · momentum · +incert. · expo 0.1 · stop 15% · reentrada 2% ×1.0 · venta 1.0–2.4% · plano · 3 monedas · graceful-stop 0.05;0,58;0,37;0,37;-3,32;0,09;1,06;-3,25;0,0;6,13
recursive;True;recursive recursive long · lag_long ·  · expo 0.1 · stop 15% · reentrada 3% ×1.0 · venta 1.0–2.4% · plano · 3 monedas · graceful-stop 0.05;0,09;0,19;0,09;-3,03;-0,04;-0,57;-3,4;0,0;1,74
recursive;True;recursive recursive long · momentum ·  · expo 0.1 · stop 15% · reentrada 3% ×1.0 · venta 1.0–2.4% · plano · 3 monedas · graceful-stop 0.05;0,43;0,32;0,32;-2,81;0,11;1,25;-1,72;0,0;4,88
recursive;True;recursive recursive long · lag_long · +incert. · expo 0.1 · stop 15% · reentrada 3% ×1.0 · venta 1.0–2.4% · plano · 3 monedas · graceful-stop 0.05;0,21;0,25;0,21;-2,8;0,0;-0,04;-2,79;0,0;2,94
recursive;True;recursive recursive long · momentum · +incert. · expo 0.1 · stop 15% · reentrada 3% ×1.0 · venta 1.0–2.4% · plano · 3 monedas · graceful-stop 0.05;0,55;0,38;0,38;-2,55;0,14;1,66;-1,65;0,0;6,0
recursive;True;recursive recursive long · lag_long ·  · expo 0.1 · stop sin stop · reentrada 1% ×1.0 · venta 1.0–2.4% · plano · 3 monedas · graceful-stop 0.05;0,27;0,43;0,27;-4,57;-0,14;-1,78;-10,16;3,1;4,41
recursive;True;recursive recursive long · lag_long · +incert. · expo 0.1 · stop sin stop · reentrada 1% ×1.0 · venta 1.0–2.4% · plano · 3 monedas · graceful-stop 0.05;0,5;0,34;0,34;-4,52;0,05;0,48;-9,26;3,1;5,38
recursive;True;recursive recursive long · momentum ·  · expo 0.1 · stop sin stop · reentrada 1% ×1.0 · venta 1.0–2.4% · plano · 3 monedas · graceful-stop 0.05;0,18;0,23;0,18;-7,53;-0,48;-5,81;-14,91;3,1;2,43
recursive;True;recursive recursive long · lag_long ·  · expo 0.1 · stop sin stop · reentrada 2% ×1.0 · venta 1.0–2.4% · plano · 3 monedas · graceful-stop 0.05;0,36;0,39;0,36;-2,97;-0,15;-1,82;-8,44;3,1;4,74
recursive;True;recursive recursive long · momentum · +incert. · expo 0.1 · stop sin stop · reentrada 1% ×1.0 · venta 1.0–2.4% · plano · 3 monedas · graceful-stop 0.05;0,41;0,15;0,15;-7,33;-0,19;-2,47;-10,55;3,1;3,45
recursive;True;recursive recursive long · momentum ·  · expo 0.1 · stop sin stop · reentrada 2% ×1.0 · venta 1.0–2.4% · plano · 3 monedas · graceful-stop 0.05;0,49;0,31;0,31;-4,71;-0,0;-0,07;-3,43;0,0;5,11
recursive;True;recursive recursive long · momentum · +incert. · expo 0.1 · stop sin stop · reentrada 2% ×1.0 · venta 1.0–2.4% · plano · 3 monedas · graceful-stop 0.05;0,58;0,37;0,37;-3,32;0,09;1,06;-3,25;0,0;6,13
recursive;True;recursive recursive long · lag_long · +incert. · expo 0.1 · stop sin stop · reentrada 2% ×1.0 · venta 1.0–2.4% · plano · 3 monedas · graceful-stop 0.05;0,46;0,44;0,44;-2,54;-0,04;-0,59;-7,42;3,1;5,77
recursive;True;recursive recursive long · lag_long ·  · expo 0.1 · stop sin stop · reentrada 3% ×1.0 · venta 1.0–2.4% · plano · 3 monedas · graceful-stop 0.05;0,09;0,19;0,09;-3,03;-0,04;-0,57;-3,4;0,0;1,74
recursive;True;recursive recursive long · lag_long · +incert. · expo 0.1 · stop sin stop · reentrada 3% ×1.0 · venta 1.0–2.4% · plano · 3 monedas · graceful-stop 0.05;0,21;0,25;0,21;-2,8;0,0;-0,04;-2,79;0,0;2,94
recursive;True;recursive recursive long · momentum ·  · expo 0.1 · stop sin stop · reentrada 3% ×1.0 · venta 1.0–2.4% · plano · 3 monedas · graceful-stop 0.05;0,43;0,32;0,32;-2,81;0,11;1,25;-1,72;0,0;4,88
recursive;True;recursive recursive long · lag_long ·  · expo 0.1 · stop 15% · reentrada 1% ×1.0 · venta 1.0–2.4% · plano · 3 monedas · graceful-stop 0.08;0,25;0,52;0,25;-5,28;-0,29;-3,6;-12,48;3,1;4,82
recursive;True;recursive recursive long · momentum · +incert. · expo 0.1 · stop sin stop · reentrada 3% ×1.0 · venta 1.0–2.4% · plano · 3 monedas · graceful-stop 0.05;0,55;0,38;0,38;-2,55;0,14;1,66;-1,65;0,0;6,0
recursive;True;recursive recursive long · momentum ·  · expo 0.1 · stop 15% · reentrada 1% ×1.0 · venta 1.0–2.4% · plano · 3 monedas · graceful-stop 0.08;0,18;0,14;0,14;-9,93;-0,25;-3,21;-11,07;3,1;1,87
recursive;True;recursive recursive long · lag_long · +incert. · expo 0.1 · stop 15% · reentrada 1% ×1.0 · venta 1.0–2.4% · plano · 3 monedas · graceful-stop 0.08;0,46;0,46;0,46;-5,29;0,04;0,31;-9,09;3,1;5,8
recursive;True;recursive recursive long · lag_long ·  · expo 0.1 · stop 15% · reentrada 2% ×1.0 · venta 1.0–2.4% · plano · 3 monedas · graceful-stop 0.08;0,33;0,42;0,33;-3,36;-0,1;-1,24;-8,36;3,1;4,78
recursive;True;recursive recursive long · momentum · +incert. · expo 0.1 · stop 15% · reentrada 1% ×1.0 · venta 1.0–2.4% · plano · 3 monedas · graceful-stop 0.08;0,39;-0,11;-0,11;-13,45;-0,06;-1,03;-11,45;3,1;1,62
recursive;True;recursive recursive long · momentum ·  · expo 0.1 · stop 15% · reentrada 2% ×1.0 · venta 1.0–2.4% · plano · 3 monedas · graceful-stop 0.08;0,45;0,32;0,32;-6,61;0,02;0,15;-4,37;0,0;4,87
recursive;True;recursive recursive long · lag_long · +incert. · expo 0.1 · stop 15% · reentrada 2% ×1.0 · venta 1.0–2.4% · plano · 3 monedas · graceful-stop 0.08;0,43;0,47;0,43;-2,9;0,02;0,2;-7,34;3,1;5,75
recursive;True;recursive recursive long · lag_long ·  · expo 0.1 · stop 15% · reentrada 3% ×1.0 · venta 1.0–2.4% · plano · 3 monedas · graceful-stop 0.08;0,07;0,24;0,07;-3,3;-0,08;-1,01;-4,38;0,0;1,87
recursive;True;recursive recursive long · lag_long · +incert. · expo 0.1 · stop 15% · reentrada 3% ×1.0 · venta 1.0–2.4% · plano · 3 monedas · graceful-stop 0.08;0,22;0,28;0,22;-3,01;-0,01;-0,23;-3,7;0,0;3,19
recursive;True;recursive recursive long · momentum ·  · expo 0.1 · stop 15% · reentrada 3% ×1.0 · venta 1.0–2.4% · plano · 3 monedas · graceful-stop 0.08;0,48;0,32;0,32;-3,28;0,08;0,88;-2,13;0,0;5,14
recursive;True;recursive recursive long · lag_long ·  · expo 0.1 · stop sin stop · reentrada 1% ×1.0 · venta 1.0–2.4% · plano · 3 monedas · graceful-stop 0.08;0,25;0,52;0,25;-5,28;-0,29;-3,6;-12,48;3,1;4,82
recursive;True;recursive recursive long · momentum · +incert. · expo 0.1 · stop 15% · reentrada 2% ×1.0 · venta 1.0–2.4% · plano · 3 monedas · graceful-stop 0.08;0,55;0,37;0,37;-5,28;0,13;1,52;-4,1;0,0;5,84
recursive;True;recursive recursive long · momentum · +incert. · expo 0.1 · stop 15% · reentrada 3% ×1.0 · venta 1.0–2.4% · plano · 3 monedas · graceful-stop 0.08;0,62;0,37;0,37;-3,01;0,13;1,51;-1,94;0,0;6,37
recursive;True;recursive recursive long · momentum ·  · expo 0.1 · stop sin stop · reentrada 1% ×1.0 · venta 1.0–2.4% · plano · 3 monedas · graceful-stop 0.08;0,18;0,14;0,14;-9,93;-0,25;-3,21;-11,07;3,1;1,87
recursive;True;recursive recursive long · lag_long · +incert. · expo 0.1 · stop sin stop · reentrada 1% ×1.0 · venta 1.0–2.4% · plano · 3 monedas · graceful-stop 0.08;0,46;0,46;0,46;-5,29;0,04;0,31;-9,09;3,1;5,8
recursive;True;recursive recursive long · lag_long ·  · expo 0.1 · stop sin stop · reentrada 2% ×1.0 · venta 1.0–2.4% · plano · 3 monedas · graceful-stop 0.08;0,33;0,42;0,33;-3,36;-0,1;-1,24;-8,36;3,1;4,78
recursive;True;recursive recursive long · momentum · +incert. · expo 0.1 · stop sin stop · reentrada 1% ×1.0 · venta 1.0–2.4% · plano · 3 monedas · graceful-stop 0.08;0,39;-0,11;-0,11;-13,45;-0,06;-1,03;-11,45;3,1;1,62
recursive;True;recursive recursive long · lag_long · +incert. · expo 0.1 · stop sin stop · reentrada 2% ×1.0 · venta 1.0–2.4% · plano · 3 monedas · graceful-stop 0.08;0,43;0,47;0,43;-2,9;0,02;0,2;-7,34;3,1;5,75
recursive;True;recursive recursive long · momentum ·  · expo 0.1 · stop sin stop · reentrada 2% ×1.0 · venta 1.0–2.4% · plano · 3 monedas · graceful-stop 0.08;0,45;0,32;0,32;-6,61;0,02;0,15;-4,37;0,0;4,87
recursive;True;recursive recursive long · lag_long ·  · expo 0.1 · stop sin stop · reentrada 3% ×1.0 · venta 1.0–2.4% · plano · 3 monedas · graceful-stop 0.08;0,07;0,24;0,07;-3,3;-0,08;-1,01;-4,38;0,0;1,87
recursive;True;recursive recursive long · momentum · +incert. · expo 0.1 · stop sin stop · reentrada 2% ×1.0 · venta 1.0–2.4% · plano · 3 monedas · graceful-stop 0.08;0,55;0,37;0,37;-5,28;0,13;1,52;-4,1;0,0;5,84
recursive;True;recursive recursive long · lag_long · +incert. · expo 0.1 · stop sin stop · reentrada 3% ×1.0 · venta 1.0–2.4% · plano · 3 monedas · graceful-stop 0.08;0,22;0,28;0,22;-3,01;-0,01;-0,23;-3,7;0,0;3,19
recursive;True;recursive recursive long · momentum ·  · expo 0.1 · stop sin stop · reentrada 3% ×1.0 · venta 1.0–2.4% · plano · 3 monedas · graceful-stop 0.08;0,48;0,32;0,32;-3,28;0,08;0,88;-2,13;0,0;5,14
recursive;True;recursive recursive long · lag_long ·  · expo 0.1 · stop 15% · reentrada 1% ×1.0 · venta 1.0–2.4% · plano · 3 monedas · graceful-stop None;0,16;0,69;0,16;-7,09;-0,34;-4,29;-14,01;3,1;5,33
recursive;True;recursive recursive long · momentum ·  · expo 0.1 · stop 15% · reentrada 1% ×1.0 · venta 1.0–2.4% · plano · 3 monedas · graceful-stop None;0,37;0,27;0,27;-8,44;-0,2;-2,61;-11,31;9,4;3,93
recursive;True;recursive recursive long · lag_long · +incert. · expo 0.1 · stop 15% · reentrada 1% ×1.0 · venta 1.0–2.4% · plano · 3 monedas · graceful-stop None;0,37;0,62;0,37;-6,89;-0,14;-1,83;-13,03;0,0;6,23
recursive;True;recursive recursive long · momentum · +incert. · expo 0.1 · stop sin stop · reentrada 3% ×1.0 · venta 1.0–2.4% · plano · 3 monedas · graceful-stop 0.08;0,62;0,37;0,37;-3,01;0,13;1,51;-1,94;0,0;6,37
recursive;True;recursive recursive long · lag_long ·  · expo 0.1 · stop 15% · reentrada 2% ×1.0 · venta 1.0–2.4% · plano · 3 monedas · graceful-stop None;0,22;0,61;0,22;-6,26;-0,17;-2,18;-7,72;3,1;5,18
recursive;True;recursive recursive long · momentum · +incert. · expo 0.1 · stop 15% · reentrada 1% ×1.0 · venta 1.0–2.4% · plano · 3 monedas · graceful-stop None;0,57;0,21;0,21;-8,57;-0,0;-0,35;-12,16;9,4;4,86
recursive;True;recursive recursive long · lag_long · +incert. · expo 0.1 · stop 15% · reentrada 2% ×1.0 · venta 1.0–2.4% · plano · 3 monedas · graceful-stop None;0,33;0,66;0,33;-6,63;-0,03;-0,53;-6,68;3,1;6,26
recursive;True;recursive recursive long · momentum ·  · expo 0.1 · stop 15% · reentrada 2% ×1.0 · venta 1.0–2.4% · plano · 3 monedas · graceful-stop None;0,42;0,44;0,42;-8,31;0,01;-0,04;-6,11;3,1;5,48
recursive;True;recursive recursive long · momentum · +incert. · expo 0.1 · stop 15% · reentrada 2% ×1.0 · venta 1.0–2.4% · plano · 3 monedas · graceful-stop None;0,53;0,5;0,5;-7,56;0,13;1,47;-5,74;3,1;6,56
recursive;True;recursive recursive long · lag_long ·  · expo 0.1 · stop 15% · reentrada 3% ×1.0 · venta 1.0–2.4% · plano · 3 monedas · graceful-stop None;0,15;0,24;0,15;-4,74;-0,25;-3,12;-8,09;0,0;2,44
recursive;True;recursive recursive long · momentum ·  · expo 0.1 · stop 15% · reentrada 3% ×1.0 · venta 1.0–2.4% · plano · 3 monedas · graceful-stop None;0,36;0,57;0,36;-5,24;0,06;0,62;-3,58;0,0;5,98
recursive;True;recursive recursive long · lag_long · +incert. · expo 0.1 · stop 15% · reentrada 3% ×1.0 · venta 1.0–2.4% · plano · 3 monedas · graceful-stop None;0,24;0,29;0,24;-4,39;-0,16;-2,06;-6,2;0,0;3,31
recursive;True;recursive recursive long · lag_long ·  · expo 0.1 · stop sin stop · reentrada 1% ×1.0 · venta 1.0–2.4% · plano · 3 monedas · graceful-stop None;0,16;0,69;0,16;-7,09;-0,34;-4,29;-14,01;3,1;5,33
recursive;True;recursive recursive long · momentum · +incert. · expo 0.1 · stop 15% · reentrada 3% ×1.0 · venta 1.0–2.4% · plano · 3 monedas · graceful-stop None;0,45;0,61;0,45;-4,9;0,12;1,42;-3,36;0,0;6,79
recursive;True;recursive recursive long · lag_long · +incert. · expo 0.1 · stop sin stop · reentrada 1% ×1.0 · venta 1.0–2.4% · plano · 3 monedas · graceful-stop None;0,37;0,62;0,37;-6,89;-0,14;-1,83;-13,03;0,0;6,23
recursive;True;recursive recursive long · lag_long ·  · expo 0.1 · stop sin stop · reentrada 2% ×1.0 · venta 1.0–2.4% · plano · 3 monedas · graceful-stop None;0,22;0,61;0,22;-6,26;-0,17;-2,18;-7,72;3,1;5,18
recursive;True;recursive recursive long · momentum ·  · expo 0.1 · stop sin stop · reentrada 1% ×1.0 · venta 1.0–2.4% · plano · 3 monedas · graceful-stop None;0,37;0,27;0,27;-8,44;-0,2;-2,61;-11,31;9,4;3,93
recursive;True;recursive recursive long · momentum · +incert. · expo 0.1 · stop sin stop · reentrada 1% ×1.0 · venta 1.0–2.4% · plano · 3 monedas · graceful-stop None;0,57;0,21;0,21;-8,57;-0,0;-0,35;-12,16;9,4;4,86
recursive;True;recursive recursive long · momentum ·  · expo 0.1 · stop sin stop · reentrada 2% ×1.0 · venta 1.0–2.4% · plano · 3 monedas · graceful-stop None;0,42;0,44;0,42;-8,31;0,01;-0,04;-6,11;3,1;5,48
recursive;True;recursive recursive long · lag_long · +incert. · expo 0.1 · stop sin stop · reentrada 2% ×1.0 · venta 1.0–2.4% · plano · 3 monedas · graceful-stop None;0,33;0,66;0,33;-6,63;-0,03;-0,53;-6,68;3,1;6,26
recursive;True;recursive recursive long · lag_long ·  · expo 0.1 · stop sin stop · reentrada 3% ×1.0 · venta 1.0–2.4% · plano · 3 monedas · graceful-stop None;0,15;0,24;0,15;-4,74;-0,25;-3,12;-8,09;0,0;2,44
recursive;True;recursive recursive long · momentum · +incert. · expo 0.1 · stop sin stop · reentrada 2% ×1.0 · venta 1.0–2.4% · plano · 3 monedas · graceful-stop None;0,53;0,5;0,5;-7,56;0,13;1,47;-5,74;3,1;6,56
recursive;True;recursive recursive long · lag_long · +incert. · expo 0.1 · stop sin stop · reentrada 3% ×1.0 · venta 1.0–2.4% · plano · 3 monedas · graceful-stop None;0,24;0,29;0,24;-4,39;-0,16;-2,06;-6,2;0,0;3,31
recursive;True;recursive recursive long · momentum ·  · expo 0.1 · stop sin stop · reentrada 3% ×1.0 · venta 1.0–2.4% · plano · 3 monedas · graceful-stop None;0,36;0,57;0,36;-5,24;0,06;0,62;-3,58;0,0;5,98
recursive;True;recursive recursive long · momentum · +incert. · expo 0.1 · stop sin stop · reentrada 3% ×1.0 · venta 1.0–2.4% · plano · 3 monedas · graceful-stop None;0,45;0,61;0,45;-4,9;0,12;1,42;-3,36;0,0;6,79
recursive;True;recursive recursive long · lag_long ·  · expo 0.1 · stop 15% · reentrada 1% ×1.0 · venta 1.0–2.4% · plano · 5 monedas · graceful-stop 0.03;0,47;0,65;0,47;-6,86;-0,47;-5,6;-15,48;0,0;7,17
recursive;True;recursive recursive long · momentum ·  · expo 0.1 · stop 15% · reentrada 1% ×1.0 · venta 1.0–2.4% · plano · 5 monedas · graceful-stop 0.03;-0,02;0,08;-0,02;-12,37;-0,13;-1,97;-11,66;6,2;0,1
recursive;True;recursive recursive long · lag_long · +incert. · expo 0.1 · stop 15% · reentrada 1% ×1.0 · venta 1.0–2.4% · plano · 5 monedas · graceful-stop 0.03;0,68;0,54;0,54;-6,85;-0,17;-2,19;-13,15;3,1;7,82
recursive;True;recursive recursive long · lag_long ·  · expo 0.1 · stop 15% · reentrada 2% ×1.0 · venta 1.0–2.4% · plano · 5 monedas · graceful-stop 0.03;0,43;0,5;0,43;-4,44;-0,16;-2,04;-10,11;3,1;5,92
recursive;True;recursive recursive long · lag_long · +incert. · expo 0.1 · stop 15% · reentrada 2% ×1.0 · venta 1.0–2.4% · plano · 5 monedas · graceful-stop 0.03;0,55;0,55;0,55;-4,02;-0,11;-1,41;-10,53;3,1;7,04
recursive;True;recursive recursive long · momentum · +incert. · expo 0.1 · stop 15% · reentrada 1% ×1.0 · venta 1.0–2.4% · plano · 5 monedas · graceful-stop 0.03;0,54;-0,06;-0,06;-10,51;-0,02;-0,63;-10,34;3,1;2,98
recursive;True;recursive recursive long · momentum ·  · expo 0.1 · stop 15% · reentrada 2% ×1.0 · venta 1.0–2.4% · plano · 5 monedas · graceful-stop 0.03;0,79;0,42;0,42;-6,4;0,15;1,73;-4,2;3,1;7,83
recursive;True;recursive recursive long · momentum · +incert. · expo 0.1 · stop 15% · reentrada 2% ×1.0 · venta 1.0–2.4% · plano · 5 monedas · graceful-stop 0.03;0,9;0,47;0,47;-5,02;0,23;2,72;-4,06;3,1;8,9
recursive;True;recursive recursive long · lag_long ·  · expo 0.1 · stop 15% · reentrada 3% ×1.0 · venta 1.0–2.4% · plano · 5 monedas · graceful-stop 0.03;0,22;0,37;0,22;-3,66;-0,13;-1,6;-6,57;0,0;3,71
recursive;True;recursive recursive long · momentum ·  · expo 0.1 · stop 15% · reentrada 3% ×1.0 · venta 1.0–2.4% · plano · 5 monedas · graceful-stop 0.03;0,65;0,48;0,48;-4,04;0,19;2,23;-3,7;3,1;7,35
recursive;True;recursive recursive long · lag_long · +incert. · expo 0.1 · stop 15% · reentrada 3% ×1.0 · venta 1.0–2.4% · plano · 5 monedas · graceful-stop 0.03;0,34;0,43;0,34;-3,38;-0,07;-0,98;-5,85;0,0;4,94
recursive;True;recursive recursive long · lag_long ·  · expo 0.1 · stop sin stop · reentrada 1% ×1.0 · venta 1.0–2.4% · plano · 5 monedas · graceful-stop 0.03;0,47;0,65;0,47;-6,86;-0,47;-5,6;-15,48;0,0;7,17
recursive;True;recursive recursive long · momentum · +incert. · expo 0.1 · stop 15% · reentrada 3% ×1.0 · venta 1.0–2.4% · plano · 5 monedas · graceful-stop 0.03;0,77;0,53;0,53;-3,78;0,22;2,63;-3,57;3,1;8,49
recursive;True;recursive recursive long · momentum ·  · expo 0.1 · stop sin stop · reentrada 1% ×1.0 · venta 1.0–2.4% · plano · 5 monedas · graceful-stop 0.03;-0,02;0,08;-0,02;-12,37;-0,13;-1,97;-11,66;6,2;0,1
recursive;True;recursive recursive long · lag_long · +incert. · expo 0.1 · stop sin stop · reentrada 1% ×1.0 · venta 1.0–2.4% · plano · 5 monedas · graceful-stop 0.03;0,68;0,54;0,54;-6,85;-0,17;-2,19;-13,15;3,1;7,82
recursive;True;recursive recursive long · lag_long ·  · expo 0.1 · stop sin stop · reentrada 2% ×1.0 · venta 1.0–2.4% · plano · 5 monedas · graceful-stop 0.03;0,43;0,5;0,43;-4,44;-0,16;-2,04;-10,11;3,1;5,92
recursive;True;recursive recursive long · momentum · +incert. · expo 0.1 · stop sin stop · reentrada 1% ×1.0 · venta 1.0–2.4% · plano · 5 monedas · graceful-stop 0.03;0,54;-0,06;-0,06;-10,51;-0,02;-0,63;-10,34;3,1;2,98
recursive;True;recursive recursive long · lag_long ·  · expo 0.1 · stop sin stop · reentrada 3% ×1.0 · venta 1.0–2.4% · plano · 5 monedas · graceful-stop 0.03;0,22;0,37;0,22;-3,66;-0,13;-1,6;-6,57;0,0;3,71
recursive;True;recursive recursive long · momentum ·  · expo 0.1 · stop sin stop · reentrada 2% ×1.0 · venta 1.0–2.4% · plano · 5 monedas · graceful-stop 0.03;0,79;0,42;0,42;-6,4;0,15;1,73;-4,2;3,1;7,83
recursive;True;recursive recursive long · lag_long · +incert. · expo 0.1 · stop sin stop · reentrada 2% ×1.0 · venta 1.0–2.4% · plano · 5 monedas · graceful-stop 0.03;0,55;0,55;0,55;-4,02;-0,11;-1,41;-10,53;3,1;7,04
recursive;True;recursive recursive long · momentum · +incert. · expo 0.1 · stop sin stop · reentrada 2% ×1.0 · venta 1.0–2.4% · plano · 5 monedas · graceful-stop 0.03;0,9;0,47;0,47;-5,02;0,23;2,72;-4,06;3,1;8,9
recursive;True;recursive recursive long · lag_long · +incert. · expo 0.1 · stop sin stop · reentrada 3% ×1.0 · venta 1.0–2.4% · plano · 5 monedas · graceful-stop 0.03;0,34;0,43;0,34;-3,38;-0,07;-0,98;-5,85;0,0;4,94
recursive;True;recursive recursive long · momentum ·  · expo 0.1 · stop sin stop · reentrada 3% ×1.0 · venta 1.0–2.4% · plano · 5 monedas · graceful-stop 0.03;0,65;0,48;0,48;-4,04;0,19;2,23;-3,7;3,1;7,35
recursive;True;recursive recursive long · momentum · +incert. · expo 0.1 · stop sin stop · reentrada 3% ×1.0 · venta 1.0–2.4% · plano · 5 monedas · graceful-stop 0.03;0,77;0,53;0,53;-3,78;0,22;2,63;-3,57;3,1;8,49
recursive;True;recursive recursive long · lag_long ·  · expo 0.1 · stop 15% · reentrada 1% ×1.0 · venta 1.0–2.4% · plano · 5 monedas · graceful-stop 0.05;0,51;0,63;0,51;-7,03;-0,61;-7,25;-20,42;3,1;7,21
recursive;True;recursive recursive long · momentum ·  · expo 0.1 · stop 15% · reentrada 1% ×1.0 · venta 1.0–2.4% · plano · 5 monedas · graceful-stop 0.05;-0,13;0,15;-0,13;-16,43;-0,37;-4,78;-14,92;6,2;-0,3
recursive;True;recursive recursive long · lag_long · +incert. · expo 0.1 · stop 15% · reentrada 1% ×1.0 · venta 1.0–2.4% · plano · 5 monedas · graceful-stop 0.05;0,72;0,54;0,54;-7,02;-0,38;-4,82;-20,49;3,1;8,13
recursive;True;recursive recursive long · lag_long ·  · expo 0.1 · stop 15% · reentrada 2% ×1.0 · venta 1.0–2.4% · plano · 5 monedas · graceful-stop 0.05;0,53;0,44;0,44;-4,83;-0,2;-2,6;-12,77;3,1;6,18
recursive;True;recursive recursive long · momentum · +incert. · expo 0.1 · stop 15% · reentrada 1% ×1.0 · venta 1.0–2.4% · plano · 5 monedas · graceful-stop 0.05;0,59;0,09;0,09;-10,19;-0,07;-1,17;-10,56;3,1;4,24
recursive;True;recursive recursive long · lag_long · +incert. · expo 0.1 · stop 15% · reentrada 2% ×1.0 · venta 1.0–2.4% · plano · 5 monedas · graceful-stop 0.05;0,62;0,49;0,49;-4,39;-0,02;-0,39;-9,23;3,1;7,18
recursive;True;recursive recursive long · momentum ·  · expo 0.1 · stop 15% · reentrada 2% ×1.0 · venta 1.0–2.4% · plano · 5 monedas · graceful-stop 0.05;0,81;0,46;0,46;-6,55;0,07;0,69;-4,39;3,1;8,16
recursive;True;recursive recursive long · lag_long ·  · expo 0.1 · stop 15% · reentrada 3% ×1.0 · venta 1.0–2.4% · plano · 5 monedas · graceful-stop 0.05;0,29;0,35;0,29;-3,65;-0,13;-1,62;-7,21;0,0;4,09
recursive;True;recursive recursive long · momentum ·  · expo 0.1 · stop 15% · reentrada 3% ×1.0 · venta 1.0–2.4% · plano · 5 monedas · graceful-stop 0.05;0,69;0,48;0,48;-4,21;0,14;1,63;-3,71;3,1;7,54
recursive;True;recursive recursive long · momentum · +incert. · expo 0.1 · stop 15% · reentrada 2% ×1.0 · venta 1.0–2.4% · plano · 5 monedas · graceful-stop 0.05;0,9;0,51;0,51;-4,99;0,15;1,69;-4,22;3,1;9,12
recursive;True;recursive recursive long · lag_long · +incert. · expo 0.1 · stop 15% · reentrada 3% ×1.0 · venta 1.0–2.4% · plano · 5 monedas · graceful-stop 0.05;0,41;0,41;0,41;-3,38;-0,08;-1,08;-6,51;0,0;5,23
recursive;True;recursive recursive long · lag_long ·  · expo 0.1 · stop sin stop · reentrada 1% ×1.0 · venta 1.0–2.4% · plano · 5 monedas · graceful-stop 0.05;0,51;0,63;0,51;-7,03;-0,61;-7,25;-20,42;3,1;7,21
recursive;True;recursive recursive long · momentum · +incert. · expo 0.1 · stop 15% · reentrada 3% ×1.0 · venta 1.0–2.4% · plano · 5 monedas · graceful-stop 0.05;0,8;0,52;0,52;-3,94;0,17;2,0;-3,59;3,1;8,61
recursive;True;recursive recursive long · momentum ·  · expo 0.1 · stop sin stop · reentrada 1% ×1.0 · venta 1.0–2.4% · plano · 5 monedas · graceful-stop 0.05;-0,13;0,15;-0,13;-16,43;-0,37;-4,78;-14,92;6,2;-0,3
recursive;True;recursive recursive long · lag_long · +incert. · expo 0.1 · stop sin stop · reentrada 1% ×1.0 · venta 1.0–2.4% · plano · 5 monedas · graceful-stop 0.05;0,72;0,54;0,54;-7,02;-0,38;-4,82;-20,49;3,1;8,13
recursive;True;recursive recursive long · lag_long ·  · expo 0.1 · stop sin stop · reentrada 2% ×1.0 · venta 1.0–2.4% · plano · 5 monedas · graceful-stop 0.05;0,53;0,44;0,44;-4,83;-0,2;-2,6;-12,77;3,1;6,18
recursive;True;recursive recursive long · momentum · +incert. · expo 0.1 · stop sin stop · reentrada 1% ×1.0 · venta 1.0–2.4% · plano · 5 monedas · graceful-stop 0.05;0,59;0,09;0,09;-10,19;-0,07;-1,17;-10,56;3,1;4,24
recursive;True;recursive recursive long · lag_long · +incert. · expo 0.1 · stop sin stop · reentrada 2% ×1.0 · venta 1.0–2.4% · plano · 5 monedas · graceful-stop 0.05;0,62;0,49;0,49;-4,39;-0,02;-0,39;-9,23;3,1;7,18
recursive;True;recursive recursive long · momentum ·  · expo 0.1 · stop sin stop · reentrada 2% ×1.0 · venta 1.0–2.4% · plano · 5 monedas · graceful-stop 0.05;0,81;0,46;0,46;-6,55;0,07;0,69;-4,39;3,1;8,16
recursive;True;recursive recursive long · lag_long ·  · expo 0.1 · stop sin stop · reentrada 3% ×1.0 · venta 1.0–2.4% · plano · 5 monedas · graceful-stop 0.05;0,29;0,35;0,29;-3,65;-0,13;-1,62;-7,21;0,0;4,09
recursive;True;recursive recursive long · momentum · +incert. · expo 0.1 · stop sin stop · reentrada 2% ×1.0 · venta 1.0–2.4% · plano · 5 monedas · graceful-stop 0.05;0,9;0,51;0,51;-4,99;0,15;1,69;-4,22;3,1;9,12
recursive;True;recursive recursive long · lag_long · +incert. · expo 0.1 · stop sin stop · reentrada 3% ×1.0 · venta 1.0–2.4% · plano · 5 monedas · graceful-stop 0.05;0,41;0,41;0,41;-3,38;-0,08;-1,08;-6,51;0,0;5,23
recursive;True;recursive recursive long · momentum ·  · expo 0.1 · stop sin stop · reentrada 3% ×1.0 · venta 1.0–2.4% · plano · 5 monedas · graceful-stop 0.05;0,69;0,48;0,48;-4,21;0,14;1,63;-3,71;3,1;7,54
recursive;True;recursive recursive long · momentum · +incert. · expo 0.1 · stop sin stop · reentrada 3% ×1.0 · venta 1.0–2.4% · plano · 5 monedas · graceful-stop 0.05;0,8;0,52;0,52;-3,94;0,17;2,0;-3,59;3,1;8,61
recursive;True;recursive recursive long · lag_long ·  · expo 0.1 · stop 15% · reentrada 1% ×1.0 · venta 1.0–2.4% · plano · 5 monedas · graceful-stop 0.08;0,63;0,62;0,62;-7,72;-0,31;-3,99;-13,07;3,1;7,99
recursive;True;recursive recursive long · momentum ·  · expo 0.1 · stop 15% · reentrada 1% ×1.0 · venta 1.0–2.4% · plano · 5 monedas · graceful-stop 0.08;-0,2;0,01;-0,2;-20,71;-0,22;-3,12;-14,18;9,4;-1,74
recursive;True;recursive recursive long · lag_long · +incert. · expo 0.1 · stop 15% · reentrada 1% ×1.0 · venta 1.0–2.4% · plano · 5 monedas · graceful-stop 0.08;0,82;0,56;0,56;-7,7;-0,14;-1,97;-13,47;3,1;8,91
recursive;True;recursive recursive long · lag_long ·  · expo 0.1 · stop 15% · reentrada 2% ×1.0 · venta 1.0–2.4% · plano · 5 monedas · graceful-stop 0.08;0,54;0,47;0,47;-5,35;-0,28;-3,54;-14,88;3,1;6,45
recursive;True;recursive recursive long · momentum · +incert. · expo 0.1 · stop 15% · reentrada 1% ×1.0 · venta 1.0–2.4% · plano · 5 monedas · graceful-stop 0.08;0,65;0,23;0,23;-9,76;0,03;0,02;-11,23;3,1;5,52
recursive;True;recursive recursive long · momentum ·  · expo 0.1 · stop 15% · reentrada 2% ×1.0 · venta 1.0–2.4% · plano · 5 monedas · graceful-stop 0.08;0,72;0,53;0,53;-9,31;0,11;1,1;-6,17;3,1;8,01
recursive;True;recursive recursive long · lag_long · +incert. · expo 0.1 · stop 15% · reentrada 2% ×1.0 · venta 1.0–2.4% · plano · 5 monedas · graceful-stop 0.08;0,64;0,51;0,51;-4,66;-0,01;-0,33;-9,49;3,1;7,38
recursive;True;recursive recursive long · momentum · +incert. · expo 0.1 · stop 15% · reentrada 2% ×1.0 · venta 1.0–2.4% · plano · 5 monedas · graceful-stop 0.08;0,81;0,57;0,57;-8,06;0,2;2,3;-5,85;3,1;8,92
recursive;True;recursive recursive long · lag_long ·  · expo 0.1 · stop 15% · reentrada 3% ×1.0 · venta 1.0–2.4% · plano · 5 monedas · graceful-stop 0.08;0,36;0,39;0,36;-3,86;-0,15;-1,93;-7,7;0,0;4,75
recursive;True;recursive recursive long · lag_long · +incert. · expo 0.1 · stop 15% · reentrada 3% ×1.0 · venta 1.0–2.4% · plano · 5 monedas · graceful-stop 0.08;0,51;0,43;0,43;-3,57;-0,09;-1,17;-6,93;0,0;5,99
recursive;True;recursive recursive long · momentum ·  · expo 0.1 · stop 15% · reentrada 3% ×1.0 · venta 1.0–2.4% · plano · 5 monedas · graceful-stop 0.08;0,72;0,54;0,54;-4,74;0,11;1,25;-3,79;3,1;8,17
recursive;True;recursive recursive long · lag_long ·  · expo 0.1 · stop sin stop · reentrada 1% ×1.0 · venta 1.0–2.4% · plano · 5 monedas · graceful-stop 0.08;0,63;0,62;0,62;-7,72;-0,31;-3,99;-13,07;3,1;7,99
recursive;True;recursive recursive long · momentum · +incert. · expo 0.1 · stop 15% · reentrada 3% ×1.0 · venta 1.0–2.4% · plano · 5 monedas · graceful-stop 0.08;0,86;0,57;0,57;-4,46;0,16;1,81;-3,67;3,1;9,32
recursive;True;recursive recursive long · momentum ·  · expo 0.1 · stop sin stop · reentrada 1% ×1.0 · venta 1.0–2.4% · plano · 5 monedas · graceful-stop 0.08;-0,2;0,01;-0,2;-20,71;-0,22;-3,12;-14,18;9,4;-1,74
recursive;True;recursive recursive long · lag_long · +incert. · expo 0.1 · stop sin stop · reentrada 1% ×1.0 · venta 1.0–2.4% · plano · 5 monedas · graceful-stop 0.08;0,82;0,56;0,56;-7,7;-0,14;-1,97;-13,47;3,1;8,91
recursive;True;recursive recursive long · momentum · +incert. · expo 0.1 · stop sin stop · reentrada 1% ×1.0 · venta 1.0–2.4% · plano · 5 monedas · graceful-stop 0.08;0,65;0,23;0,23;-9,76;0,03;0,02;-11,23;3,1;5,52
recursive;True;recursive recursive long · lag_long ·  · expo 0.1 · stop sin stop · reentrada 2% ×1.0 · venta 1.0–2.4% · plano · 5 monedas · graceful-stop 0.08;0,54;0,47;0,47;-5,35;-0,28;-3,54;-14,88;3,1;6,45
recursive;True;recursive recursive long · lag_long · +incert. · expo 0.1 · stop sin stop · reentrada 2% ×1.0 · venta 1.0–2.4% · plano · 5 monedas · graceful-stop 0.08;0,64;0,51;0,51;-4,66;-0,01;-0,33;-9,49;3,1;7,38
recursive;True;recursive recursive long · momentum ·  · expo 0.1 · stop sin stop · reentrada 2% ×1.0 · venta 1.0–2.4% · plano · 5 monedas · graceful-stop 0.08;0,72;0,53;0,53;-9,31;0,11;1,1;-6,17;3,1;8,01
recursive;True;recursive recursive long · lag_long ·  · expo 0.1 · stop sin stop · reentrada 3% ×1.0 · venta 1.0–2.4% · plano · 5 monedas · graceful-stop 0.08;0,36;0,39;0,36;-3,86;-0,15;-1,93;-7,7;0,0;4,75
recursive;True;recursive recursive long · momentum · +incert. · expo 0.1 · stop sin stop · reentrada 2% ×1.0 · venta 1.0–2.4% · plano · 5 monedas · graceful-stop 0.08;0,81;0,57;0,57;-8,06;0,2;2,3;-5,85;3,1;8,92
recursive;True;recursive recursive long · lag_long · +incert. · expo 0.1 · stop sin stop · reentrada 3% ×1.0 · venta 1.0–2.4% · plano · 5 monedas · graceful-stop 0.08;0,51;0,43;0,43;-3,57;-0,09;-1,17;-6,93;0,0;5,99
recursive;True;recursive recursive long · momentum ·  · expo 0.1 · stop sin stop · reentrada 3% ×1.0 · venta 1.0–2.4% · plano · 5 monedas · graceful-stop 0.08;0,72;0,54;0,54;-4,74;0,11;1,25;-3,79;3,1;8,17
recursive;True;recursive recursive long · momentum · +incert. · expo 0.1 · stop sin stop · reentrada 3% ×1.0 · venta 1.0–2.4% · plano · 5 monedas · graceful-stop 0.08;0,86;0,57;0,57;-4,46;0,16;1,81;-3,67;3,1;9,32
recursive;True;recursive recursive long · momentum ·  · expo 0.1 · stop 15% · reentrada 1% ×1.0 · venta 1.0–2.4% · plano · 5 monedas · graceful-stop None;-0,07;0,44;-0,07;-18,08;-0,26;-3,53;-14,28;9,4;1,74
recursive;True;recursive recursive long · lag_long ·  · expo 0.1 · stop 15% · reentrada 1% ×1.0 · venta 1.0–2.4% · plano · 5 monedas · graceful-stop None;0,61;0,74;0,61;-8,57;-0,27;-3,59;-13,26;3,1;8,58
recursive;True;recursive recursive long · lag_long · +incert. · expo 0.1 · stop 15% · reentrada 1% ×1.0 · venta 1.0–2.4% · plano · 5 monedas · graceful-stop None;0,8;0,67;0,67;-9,46;-0,08;-1,39;-13,17;3,1;9,42
recursive;True;recursive recursive long · lag_long ·  · expo 0.1 · stop 15% · reentrada 2% ×1.0 · venta 1.0–2.4% · plano · 5 monedas · graceful-stop None;0,32;0,66;0,32;-9,98;-0,52;-6,5;-17,36;3,1;6,03
recursive;True;recursive recursive long · lag_long · +incert. · expo 0.1 · stop 15% · reentrada 2% ×1.0 · venta 1.0–2.4% · plano · 5 monedas · graceful-stop None;0,43;0,7;0,43;-9,36;-0,31;-4,04;-13,77;3,1;7,03
recursive;True;recursive recursive long · momentum ·  · expo 0.1 · stop 15% · reentrada 2% ×1.0 · venta 1.0–2.4% · plano · 5 monedas · graceful-stop None;0,65;0,62;0,62;-12,91;0,01;-0,12;-6,97;6,2;8,01
recursive;True;recursive recursive long · momentum · +incert. · expo 0.1 · stop 15% · reentrada 1% ×1.0 · venta 1.0–2.4% · plano · 5 monedas · graceful-stop None;0,39;0,36;0,36;-18,39;-0,07;-1,23;-14,57;9,4;4,33
recursive;True;recursive recursive long · lag_long ·  · expo 0.1 · stop 15% · reentrada 3% ×1.0 · venta 1.0–2.4% · plano · 5 monedas · graceful-stop None;0,36;0,48;0,36;-6,11;-0,44;-5,51;-14,01;6,2;5,31
recursive;True;recursive recursive long · momentum · +incert. · expo 0.1 · stop 15% · reentrada 2% ×1.0 · venta 1.0–2.4% · plano · 5 monedas · graceful-stop None;0,75;0,67;0,67;-12,14;0,13;1,29;-6,59;6,2;9,02
recursive;True;recursive recursive long · lag_long · +incert. · expo 0.1 · stop 15% · reentrada 3% ×1.0 · venta 1.0–2.4% · plano · 5 monedas · graceful-stop None;0,44;0,52;0,44;-5,76;-0,22;-2,93;-9,67;3,1;6,13
recursive;True;recursive recursive long · momentum ·  · expo 0.1 · stop 15% · reentrada 3% ×1.0 · venta 1.0–2.4% · plano · 5 monedas · graceful-stop None;0,65;0,71;0,65;-6,43;0,09;0,91;-4,22;3,1;8,78
recursive;True;recursive recursive long · lag_long ·  · expo 0.1 · stop sin stop · reentrada 1% ×1.0 · venta 1.0–2.4% · plano · 5 monedas · graceful-stop None;0,61;0,74;0,61;-8,57;-0,27;-3,59;-13,26;3,1;8,58
recursive;True;recursive recursive long · momentum · +incert. · expo 0.1 · stop 15% · reentrada 3% ×1.0 · venta 1.0–2.4% · plano · 5 monedas · graceful-stop None;0,73;0,74;0,73;-6,11;0,15;1,63;-4,12;3,1;9,55
recursive;True;recursive recursive long · lag_long · +incert. · expo 0.1 · stop sin stop · reentrada 1% ×1.0 · venta 1.0–2.4% · plano · 5 monedas · graceful-stop None;0,8;0,67;0,67;-9,46;-0,08;-1,39;-13,17;3,1;9,42
recursive;True;recursive recursive long · momentum ·  · expo 0.1 · stop sin stop · reentrada 1% ×1.0 · venta 1.0–2.4% · plano · 5 monedas · graceful-stop None;-0,07;0,44;-0,07;-18,08;-0,26;-3,53;-14,28;9,4;1,74
recursive;True;recursive recursive long · lag_long ·  · expo 0.1 · stop sin stop · reentrada 2% ×1.0 · venta 1.0–2.4% · plano · 5 monedas · graceful-stop None;0,32;0,66;0,32;-9,98;-0,52;-6,5;-17,36;3,1;6,03
recursive;True;recursive recursive long · momentum · +incert. · expo 0.1 · stop sin stop · reentrada 1% ×1.0 · venta 1.0–2.4% · plano · 5 monedas · graceful-stop None;0,39;0,36;0,36;-18,39;-0,07;-1,23;-14,57;9,4;4,33
recursive;True;recursive recursive long · lag_long · +incert. · expo 0.1 · stop sin stop · reentrada 2% ×1.0 · venta 1.0–2.4% · plano · 5 monedas · graceful-stop None;0,43;0,7;0,43;-9,36;-0,31;-4,04;-13,77;3,1;7,03
recursive;True;recursive recursive long · momentum ·  · expo 0.1 · stop sin stop · reentrada 2% ×1.0 · venta 1.0–2.4% · plano · 5 monedas · graceful-stop None;0,65;0,62;0,62;-12,91;0,01;-0,12;-6,97;6,2;8,01
recursive;True;recursive recursive long · lag_long ·  · expo 0.1 · stop sin stop · reentrada 3% ×1.0 · venta 1.0–2.4% · plano · 5 monedas · graceful-stop None;0,36;0,48;0,36;-6,11;-0,44;-5,51;-14,01;6,2;5,31
recursive;True;recursive recursive long · momentum · +incert. · expo 0.1 · stop sin stop · reentrada 2% ×1.0 · venta 1.0–2.4% · plano · 5 monedas · graceful-stop None;0,75;0,67;0,67;-12,14;0,13;1,29;-6,59;6,2;9,02
recursive;True;recursive recursive long · momentum ·  · expo 0.1 · stop sin stop · reentrada 3% ×1.0 · venta 1.0–2.4% · plano · 5 monedas · graceful-stop None;0,65;0,71;0,65;-6,43;0,09;0,91;-4,22;3,1;8,78
recursive;True;recursive recursive long · lag_long · +incert. · expo 0.1 · stop sin stop · reentrada 3% ×1.0 · venta 1.0–2.4% · plano · 5 monedas · graceful-stop None;0,44;0,52;0,44;-5,76;-0,22;-2,93;-9,67;3,1;6,13
recursive;True;recursive recursive long · momentum · +incert. · expo 0.1 · stop sin stop · reentrada 3% ×1.0 · venta 1.0–2.4% · plano · 5 monedas · graceful-stop None;0,73;0,74;0,73;-6,11;0,15;1,63;-4,12;3,1;9,55
recursive;True;recursive recursive long · lag_long ·  · expo 0.1 · stop 15% · reentrada 1% ×1.0 · venta 1.0–2.4% · plano · 8 monedas · graceful-stop 0.03;0,8;1,1;0,8;-9,25;-0,46;-5,73;-17,47;6,2;12,28
recursive;True;recursive recursive long · lag_long · +incert. · expo 0.1 · stop 15% · reentrada 1% ×1.0 · venta 1.0–2.4% · plano · 8 monedas · graceful-stop 0.03;0,99;0,98;0,98;-8,17;-0,4;-5,11;-18,4;6,2;12,86
recursive;True;recursive recursive long · momentum ·  · expo 0.1 · stop 15% · reentrada 1% ×1.0 · venta 1.0–2.4% · plano · 8 monedas · graceful-stop 0.03;-0,27;0,58;-0,27;-18,32;-0,76;-9,25;-22,78;6,2;1,39
recursive;True;recursive recursive long · lag_long ·  · expo 0.1 · stop 15% · reentrada 2% ×1.0 · venta 1.0–2.4% · plano · 8 monedas · graceful-stop 0.03;0,6;0,69;0,6;-7,4;-0,33;-4,24;-15,53;6,2;8,28
recursive;True;recursive recursive long · momentum · +incert. · expo 0.1 · stop 15% · reentrada 1% ×1.0 · venta 1.0–2.4% · plano · 8 monedas · graceful-stop 0.03;-0,09;0,58;-0,09;-18,16;-0,56;-7,05;-20,21;6,2;2,57
recursive;True;recursive recursive long · lag_long · +incert. · expo 0.1 · stop 15% · reentrada 2% ×1.0 · venta 1.0–2.4% · plano · 8 monedas · graceful-stop 0.03;0,71;0,73;0,71;-6,96;-0,34;-4,23;-17,25;3,1;9,35
recursive;True;recursive recursive long · momentum ·  · expo 0.1 · stop 15% · reentrada 2% ×1.0 · venta 1.0–2.4% · plano · 8 monedas · graceful-stop 0.03;1,23;0,56;0,56;-7,55;0,13;1,44;-5,87;3,1;11,7
recursive;True;recursive recursive long · lag_long ·  · expo 0.1 · stop 15% · reentrada 3% ×1.0 · venta 1.0–2.4% · plano · 8 monedas · graceful-stop 0.03;0,25;0,54;0,25;-6,29;-0,38;-4,65;-12,35;3,1;4,95
recursive;True;recursive recursive long · momentum · +incert. · expo 0.1 · stop 15% · reentrada 2% ×1.0 · venta 1.0–2.4% · plano · 8 monedas · graceful-stop 0.03;1,33;0,6;0,6;-5,77;0,21;2,34;-5,62;3,1;12,69
recursive;True;recursive recursive long · momentum ·  · expo 0.1 · stop 15% · reentrada 3% ×1.0 · venta 1.0–2.4% · plano · 8 monedas · graceful-stop 0.03;0,96;0,63;0,63;-6,35;0,16;1,83;-4,65;3,1;10,36
recursive;True;recursive recursive long · lag_long · +incert. · expo 0.1 · stop 15% · reentrada 3% ×1.0 · venta 1.0–2.4% · plano · 8 monedas · graceful-stop 0.03;0,37;0,6;0,37;-5,97;-0,31;-3,91;-11,4;3,1;6,15
recursive;True;recursive recursive long · lag_long ·  · expo 0.1 · stop sin stop · reentrada 1% ×1.0 · venta 1.0–2.4% · plano · 8 monedas · graceful-stop 0.03;0,8;1,1;0,8;-9,25;-0,46;-5,73;-17,47;6,2;12,28
recursive;True;recursive recursive long · momentum · +incert. · expo 0.1 · stop 15% · reentrada 3% ×1.0 · venta 1.0–2.4% · plano · 8 monedas · graceful-stop 0.03;1,07;0,67;0,67;-6,06;0,19;2,21;-4,51;3,1;11,44
recursive;True;recursive recursive long · lag_long · +incert. · expo 0.1 · stop sin stop · reentrada 1% ×1.0 · venta 1.0–2.4% · plano · 8 monedas · graceful-stop 0.03;0,99;0,98;0,98;-8,17;-0,4;-5,11;-18,4;6,2;12,86
recursive;True;recursive recursive long · momentum ·  · expo 0.1 · stop sin stop · reentrada 1% ×1.0 · venta 1.0–2.4% · plano · 8 monedas · graceful-stop 0.03;-0,27;0,58;-0,27;-18,32;-0,76;-9,25;-22,78;6,2;1,39
recursive;True;recursive recursive long · lag_long ·  · expo 0.1 · stop sin stop · reentrada 2% ×1.0 · venta 1.0–2.4% · plano · 8 monedas · graceful-stop 0.03;0,6;0,69;0,6;-7,4;-0,33;-4,24;-15,53;6,2;8,28
recursive;True;recursive recursive long · momentum · +incert. · expo 0.1 · stop sin stop · reentrada 1% ×1.0 · venta 1.0–2.4% · plano · 8 monedas · graceful-stop 0.03;-0,09;0,58;-0,09;-18,16;-0,56;-7,05;-20,21;6,2;2,57
recursive;True;recursive recursive long · momentum ·  · expo 0.1 · stop sin stop · reentrada 2% ×1.0 · venta 1.0–2.4% · plano · 8 monedas · graceful-stop 0.03;1,23;0,56;0,56;-7,55;0,13;1,44;-5,87;3,1;11,7
recursive;True;recursive recursive long · lag_long · +incert. · expo 0.1 · stop sin stop · reentrada 2% ×1.0 · venta 1.0–2.4% · plano · 8 monedas · graceful-stop 0.03;0,71;0,73;0,71;-6,96;-0,34;-4,23;-17,25;3,1;9,35
recursive;True;recursive recursive long · lag_long ·  · expo 0.1 · stop sin stop · reentrada 3% ×1.0 · venta 1.0–2.4% · plano · 8 monedas · graceful-stop 0.03;0,25;0,54;0,25;-6,29;-0,38;-4,65;-12,35;3,1;4,95
recursive;True;recursive recursive long · momentum · +incert. · expo 0.1 · stop sin stop · reentrada 2% ×1.0 · venta 1.0–2.4% · plano · 8 monedas · graceful-stop 0.03;1,33;0,6;0,6;-5,77;0,21;2,34;-5,62;3,1;12,69
recursive;True;recursive recursive long · lag_long · +incert. · expo 0.1 · stop sin stop · reentrada 3% ×1.0 · venta 1.0–2.4% · plano · 8 monedas · graceful-stop 0.03;0,37;0,6;0,37;-5,97;-0,31;-3,91;-11,4;3,1;6,15
recursive;True;recursive recursive long · momentum ·  · expo 0.1 · stop sin stop · reentrada 3% ×1.0 · venta 1.0–2.4% · plano · 8 monedas · graceful-stop 0.03;0,96;0,63;0,63;-6,35;0,16;1,83;-4,65;3,1;10,36
recursive;True;recursive recursive long · momentum · +incert. · expo 0.1 · stop sin stop · reentrada 3% ×1.0 · venta 1.0–2.4% · plano · 8 monedas · graceful-stop 0.03;1,07;0,67;0,67;-6,06;0,19;2,21;-4,51;3,1;11,44
recursive;True;recursive recursive long · lag_long ·  · expo 0.1 · stop 15% · reentrada 1% ×1.0 · venta 1.0–2.4% · plano · 8 monedas · graceful-stop 0.05;0,84;1,01;0,84;-8,66;-0,37;-4,82;-17,48;6,2;11,88
recursive;True;recursive recursive long · lag_long · +incert. · expo 0.1 · stop 15% · reentrada 1% ×1.0 · venta 1.0–2.4% · plano · 8 monedas · graceful-stop 0.05;1,04;0,92;0,92;-8,64;-0,29;-3,96;-17,61;6,2;12,72
recursive;True;recursive recursive long · momentum ·  · expo 0.1 · stop 15% · reentrada 1% ×1.0 · venta 1.0–2.4% · plano · 8 monedas · graceful-stop 0.05;0,04;0,61;0,04;-18,38;-0,71;-8,75;-21,65;9,4;3,56
recursive;True;recursive recursive long · lag_long ·  · expo 0.1 · stop 15% · reentrada 2% ×1.0 · venta 1.0–2.4% · plano · 8 monedas · graceful-stop 0.05;0,65;0,67;0,65;-7,37;-0,33;-4,21;-16,13;6,2;8,4
recursive;True;recursive recursive long · momentum · +incert. · expo 0.1 · stop 15% · reentrada 1% ×1.0 · venta 1.0–2.4% · plano · 8 monedas · graceful-stop 0.05;-0,1;0,65;-0,1;-18,96;-0,51;-6,48;-19,64;9,4;2,82
recursive;True;recursive recursive long · lag_long · +incert. · expo 0.1 · stop 15% · reentrada 2% ×1.0 · venta 1.0–2.4% · plano · 8 monedas · graceful-stop 0.05;0,74;0,71;0,71;-6,91;-0,3;-3,92;-17,1;6,2;9,36
recursive;True;recursive recursive long · momentum ·  · expo 0.1 · stop 15% · reentrada 2% ×1.0 · venta 1.0–2.4% · plano · 8 monedas · graceful-stop 0.05;1,28;0,56;0,56;-8,2;0,07;0,69;-5,77;9,4;12,0
recursive;True;recursive recursive long · lag_long ·  · expo 0.1 · stop 15% · reentrada 3% ×1.0 · venta 1.0–2.4% · plano · 8 monedas · graceful-stop 0.05;0,33;0,52;0,33;-6,22;-0,37;-4,62;-14,2;3,1;5,34
recursive;True;recursive recursive long · momentum · +incert. · expo 0.1 · stop 15% · reentrada 2% ×1.0 · venta 1.0–2.4% · plano · 8 monedas · graceful-stop 0.05;1,36;0,6;0,6;-6,68;0,15;1,59;-5,54;6,2;12,89
recursive;True;recursive recursive long · lag_long · +incert. · expo 0.1 · stop 15% · reentrada 3% ×1.0 · venta 1.0–2.4% · plano · 8 monedas · graceful-stop 0.05;0,45;0,57;0,45;-5,91;-0,31;-3,96;-13,26;3,1;6,45
recursive;True;recursive recursive long · momentum ·  · expo 0.1 · stop 15% · reentrada 3% ×1.0 · venta 1.0–2.4% · plano · 8 monedas · graceful-stop 0.05;1,0;0,59;0,59;-6,34;0,11;1,26;-4,74;6,2;10,34
recursive;True;recursive recursive long · lag_long ·  · expo 0.1 · stop sin stop · reentrada 1% ×1.0 · venta 1.0–2.4% · plano · 8 monedas · graceful-stop 0.05;0,84;1,01;0,84;-8,66;-0,37;-4,82;-17,48;6,2;11,88
recursive;True;recursive recursive long · momentum · +incert. · expo 0.1 · stop 15% · reentrada 3% ×1.0 · venta 1.0–2.4% · plano · 8 monedas · graceful-stop 0.05;1,1;0,63;0,63;-6,07;0,14;1,61;-4,6;3,1;11,34
recursive;True;recursive recursive long · lag_long ·  · expo 0.1 · stop sin stop · reentrada 2% ×1.0 · venta 1.0–2.4% · plano · 8 monedas · graceful-stop 0.05;0,65;0,67;0,65;-7,37;-0,33;-4,21;-16,13;6,2;8,4
recursive;True;recursive recursive long · momentum ·  · expo 0.1 · stop sin stop · reentrada 1% ×1.0 · venta 1.0–2.4% · plano · 8 monedas · graceful-stop 0.05;0,04;0,61;0,04;-18,38;-0,71;-8,75;-21,65;9,4;3,56
recursive;True;recursive recursive long · lag_long · +incert. · expo 0.1 · stop sin stop · reentrada 1% ×1.0 · venta 1.0–2.4% · plano · 8 monedas · graceful-stop 0.05;1,04;0,92;0,92;-8,64;-0,29;-3,96;-17,61;6,2;12,72
recursive;True;recursive recursive long · momentum · +incert. · expo 0.1 · stop sin stop · reentrada 1% ×1.0 · venta 1.0–2.4% · plano · 8 monedas · graceful-stop 0.05;-0,1;0,65;-0,1;-18,96;-0,51;-6,48;-19,64;9,4;2,82
recursive;True;recursive recursive long · lag_long · +incert. · expo 0.1 · stop sin stop · reentrada 2% ×1.0 · venta 1.0–2.4% · plano · 8 monedas · graceful-stop 0.05;0,74;0,71;0,71;-6,91;-0,3;-3,92;-17,1;6,2;9,36
recursive;True;recursive recursive long · momentum ·  · expo 0.1 · stop sin stop · reentrada 2% ×1.0 · venta 1.0–2.4% · plano · 8 monedas · graceful-stop 0.05;1,28;0,56;0,56;-8,2;0,07;0,69;-5,77;9,4;12,0
recursive;True;recursive recursive long · lag_long ·  · expo 0.1 · stop sin stop · reentrada 3% ×1.0 · venta 1.0–2.4% · plano · 8 monedas · graceful-stop 0.05;0,33;0,52;0,33;-6,22;-0,37;-4,62;-14,2;3,1;5,34
recursive;True;recursive recursive long · momentum · +incert. · expo 0.1 · stop sin stop · reentrada 2% ×1.0 · venta 1.0–2.4% · plano · 8 monedas · graceful-stop 0.05;1,36;0,6;0,6;-6,68;0,15;1,59;-5,54;6,2;12,89
recursive;True;recursive recursive long · lag_long · +incert. · expo 0.1 · stop sin stop · reentrada 3% ×1.0 · venta 1.0–2.4% · plano · 8 monedas · graceful-stop 0.05;0,45;0,57;0,45;-5,91;-0,31;-3,96;-13,26;3,1;6,45
recursive;True;recursive recursive long · momentum ·  · expo 0.1 · stop sin stop · reentrada 3% ×1.0 · venta 1.0–2.4% · plano · 8 monedas · graceful-stop 0.05;1,0;0,59;0,59;-6,34;0,11;1,26;-4,74;6,2;10,34
recursive;True;recursive recursive long · momentum · +incert. · expo 0.1 · stop sin stop · reentrada 3% ×1.0 · venta 1.0–2.4% · plano · 8 monedas · graceful-stop 0.05;1,1;0,63;0,63;-6,07;0,14;1,61;-4,6;3,1;11,34
recursive;True;recursive recursive long · lag_long ·  · expo 0.1 · stop 15% · reentrada 1% ×1.0 · venta 1.0–2.4% · plano · 8 monedas · graceful-stop 0.08;0,52;1,0;0,52;-17,07;-0,12;-1,87;-12,71;3,1;9,49
recursive;True;recursive recursive long · momentum ·  · expo 0.1 · stop 15% · reentrada 1% ×1.0 · venta 1.0–2.4% · plano · 8 monedas · graceful-stop 0.08;0,2;0,7;0,2;-18,14;-0,38;-5,04;-18,55;12,5;5,08
recursive;True;recursive recursive long · lag_long · +incert. · expo 0.1 · stop 15% · reentrada 1% ×1.0 · venta 1.0–2.4% · plano · 8 monedas · graceful-stop 0.08;1,05;0,9;0,9;-9,96;-0,05;-1,05;-14,14;6,2;12,64
recursive;True;recursive recursive long · lag_long ·  · expo 0.1 · stop 15% · reentrada 2% ×1.0 · venta 1.0–2.4% · plano · 8 monedas · graceful-stop 0.08;0,54;0,71;0,54;-9,74;-0,29;-3,9;-14,73;9,4;7,84
recursive;True;recursive recursive long · momentum · +incert. · expo 0.1 · stop 15% · reentrada 1% ×1.0 · venta 1.0–2.4% · plano · 8 monedas · graceful-stop 0.08;0,18;0,71;0,18;-18,53;-0,21;-3,11;-19,1;12,5;5,09
recursive;True;recursive recursive long · momentum ·  · expo 0.1 · stop 15% · reentrada 2% ×1.0 · venta 1.0–2.4% · plano · 8 monedas · graceful-stop 0.08;1,19;0,65;0,65;-9,66;0,02;-0,05;-7,25;9,4;11,96
recursive;True;recursive recursive long · lag_long · +incert. · expo 0.1 · stop 15% · reentrada 2% ×1.0 · venta 1.0–2.4% · plano · 8 monedas · graceful-stop 0.08;0,63;0,84;0,63;-8,45;-0,31;-4,08;-17,21;6,2;9,4
recursive;True;recursive recursive long · momentum · +incert. · expo 0.1 · stop 15% · reentrada 2% ×1.0 · venta 1.0–2.4% · plano · 8 monedas · graceful-stop 0.08;1,27;0,67;0,67;-9,18;0,11;1,07;-7,09;9,4;12,67
recursive;True;recursive recursive long · lag_long ·  · expo 0.1 · stop 15% · reentrada 3% ×1.0 · venta 1.0–2.4% · plano · 8 monedas · graceful-stop 0.08;0,39;0,61;0,39;-6,46;-0,35;-4,42;-13,53;3,1;6,33
recursive;True;recursive recursive long · lag_long · +incert. · expo 0.1 · stop 15% · reentrada 3% ×1.0 · venta 1.0–2.4% · plano · 8 monedas · graceful-stop 0.08;0,53;0,64;0,53;-6,13;-0,28;-3,59;-12,59;3,1;7,53
recursive;True;recursive recursive long · momentum ·  · expo 0.1 · stop 15% · reentrada 3% ×1.0 · venta 1.0–2.4% · plano · 8 monedas · graceful-stop 0.08;1,02;0,68;0,68;-6,71;0,02;0,11;-4,83;6,2;11,15
recursive;True;recursive recursive long · momentum · +incert. · expo 0.1 · stop 15% · reentrada 3% ×1.0 · venta 1.0–2.4% · plano · 8 monedas · graceful-stop 0.08;1,15;0,71;0,71;-6,41;0,07;0,66;-4,68;6,2;12,24
recursive;True;recursive recursive long · lag_long ·  · expo 0.1 · stop sin stop · reentrada 1% ×1.0 · venta 1.0–2.4% · plano · 8 monedas · graceful-stop 0.08;0,52;1,0;0,52;-17,07;-0,12;-1,87;-12,71;3,1;9,49
recursive;True;recursive recursive long · momentum ·  · expo 0.1 · stop sin stop · reentrada 1% ×1.0 · venta 1.0–2.4% · plano · 8 monedas · graceful-stop 0.08;0,2;0,7;0,2;-18,14;-0,38;-5,04;-18,55;12,5;5,08
recursive;True;recursive recursive long · lag_long ·  · expo 0.1 · stop sin stop · reentrada 2% ×1.0 · venta 1.0–2.4% · plano · 8 monedas · graceful-stop 0.08;0,54;0,71;0,54;-9,74;-0,29;-3,9;-14,73;9,4;7,84
recursive;True;recursive recursive long · momentum · +incert. · expo 0.1 · stop sin stop · reentrada 1% ×1.0 · venta 1.0–2.4% · plano · 8 monedas · graceful-stop 0.08;0,18;0,71;0,18;-18,53;-0,21;-3,11;-19,1;12,5;5,09
recursive;True;recursive recursive long · lag_long · +incert. · expo 0.1 · stop sin stop · reentrada 1% ×1.0 · venta 1.0–2.4% · plano · 8 monedas · graceful-stop 0.08;1,05;0,9;0,9;-9,96;-0,05;-1,05;-14,14;6,2;12,64
recursive;True;recursive recursive long · momentum ·  · expo 0.1 · stop sin stop · reentrada 2% ×1.0 · venta 1.0–2.4% · plano · 8 monedas · graceful-stop 0.08;1,19;0,65;0,65;-9,66;0,02;-0,05;-7,25;9,4;11,96
recursive;True;recursive recursive long · lag_long · +incert. · expo 0.1 · stop sin stop · reentrada 2% ×1.0 · venta 1.0–2.4% · plano · 8 monedas · graceful-stop 0.08;0,63;0,84;0,63;-8,45;-0,31;-4,08;-17,21;6,2;9,4
recursive;True;recursive recursive long · lag_long ·  · expo 0.1 · stop sin stop · reentrada 3% ×1.0 · venta 1.0–2.4% · plano · 8 monedas · graceful-stop 0.08;0,39;0,61;0,39;-6,46;-0,35;-4,42;-13,53;3,1;6,33
recursive;True;recursive recursive long · momentum · +incert. · expo 0.1 · stop sin stop · reentrada 2% ×1.0 · venta 1.0–2.4% · plano · 8 monedas · graceful-stop 0.08;1,27;0,67;0,67;-9,18;0,11;1,07;-7,09;9,4;12,67
recursive;True;recursive recursive long · lag_long · +incert. · expo 0.1 · stop sin stop · reentrada 3% ×1.0 · venta 1.0–2.4% · plano · 8 monedas · graceful-stop 0.08;0,53;0,64;0,53;-6,13;-0,28;-3,59;-12,59;3,1;7,53
recursive;True;recursive recursive long · momentum ·  · expo 0.1 · stop sin stop · reentrada 3% ×1.0 · venta 1.0–2.4% · plano · 8 monedas · graceful-stop 0.08;1,02;0,68;0,68;-6,71;0,02;0,11;-4,83;6,2;11,15
recursive;True;recursive recursive long · lag_long ·  · expo 0.1 · stop 15% · reentrada 1% ×1.0 · venta 1.0–2.4% · plano · 8 monedas · graceful-stop None;0,67;1,35;0,67;-11,27;-0,09;-1,61;-13,79;6,2;12,71
recursive;True;recursive recursive long · momentum · +incert. · expo 0.1 · stop sin stop · reentrada 3% ×1.0 · venta 1.0–2.4% · plano · 8 monedas · graceful-stop 0.08;1,15;0,71;0,71;-6,41;0,07;0,66;-4,68;6,2;12,24
recursive;True;recursive recursive long · lag_long · +incert. · expo 0.1 · stop 15% · reentrada 1% ×1.0 · venta 1.0–2.4% · plano · 8 monedas · graceful-stop None;0,45;1,24;0,45;-21,49;0,16;1,33;-12,47;6,2;10,4
recursive;True;recursive recursive long · momentum ·  · expo 0.1 · stop 15% · reentrada 1% ×1.0 · venta 1.0–2.4% · plano · 8 monedas · graceful-stop None;0,38;0,9;0,38;-14,32;-0,5;-6,31;-21,43;9,4;7,6
recursive;True;recursive recursive long · lag_long ·  · expo 0.1 · stop 15% · reentrada 2% ×1.0 · venta 1.0–2.4% · plano · 8 monedas · graceful-stop None;0,31;0,97;0,31;-13,93;-0,3;-4,09;-13,72;6,2;7,86
recursive;True;recursive recursive long · lag_long · +incert. · expo 0.1 · stop 15% · reentrada 2% ×1.0 · venta 1.0–2.4% · plano · 8 monedas · graceful-stop None;0,24;1,05;0,24;-16,3;-0,19;-2,84;-13,44;6,2;7,85
recursive;True;recursive recursive long · momentum ·  · expo 0.1 · stop 15% · reentrada 2% ×1.0 · venta 1.0–2.4% · plano · 8 monedas · graceful-stop None;0,96;0,72;0,72;-18,43;-0,23;-3,16;-12,49;9,4;10,56
recursive;True;recursive recursive long · momentum · +incert. · expo 0.1 · stop 15% · reentrada 1% ×1.0 · venta 1.0–2.4% · plano · 8 monedas · graceful-stop None;0,33;0,73;0,33;-19,01;-0,11;-1,9;-18,42;12,5;6,12
recursive;True;recursive recursive long · lag_long ·  · expo 0.1 · stop 15% · reentrada 3% ×1.0 · venta 1.0–2.4% · plano · 8 monedas · graceful-stop None;0,31;0,79;0,31;-8,75;-0,33;-4,38;-12,79;12,5;6,82
recursive;True;recursive recursive long · momentum ·  · expo 0.1 · stop 15% · reentrada 3% ×1.0 · venta 1.0–2.4% · plano · 8 monedas · graceful-stop None;1,05;0,74;0,74;-9,33;-0,18;-2,47;-9,76;6,2;11,62
recursive;True;recursive recursive long · momentum · +incert. · expo 0.1 · stop 15% · reentrada 2% ×1.0 · venta 1.0–2.4% · plano · 8 monedas · graceful-stop None;1,07;0,76;0,76;-17,38;0,07;0,42;-9,48;12,5;11,59
recursive;True;recursive recursive long · lag_long · +incert. · expo 0.1 · stop 15% · reentrada 3% ×1.0 · venta 1.0–2.4% · plano · 8 monedas · graceful-stop None;0,34;0,83;0,34;-9,43;-0,36;-4,8;-13,26;12,5;7,29
recursive;True;recursive recursive long · lag_long ·  · expo 0.1 · stop sin stop · reentrada 1% ×1.0 · venta 1.0–2.4% · plano · 8 monedas · graceful-stop None;0,67;1,35;0,67;-11,27;-0,09;-1,61;-13,79;6,2;12,71
recursive;True;recursive recursive long · momentum · +incert. · expo 0.1 · stop 15% · reentrada 3% ×1.0 · venta 1.0–2.4% · plano · 8 monedas · graceful-stop None;1,12;0,77;0,77;-8,98;-0,11;-1,69;-9,46;6,2;12,34
recursive;True;recursive recursive long · lag_long · +incert. · expo 0.1 · stop sin stop · reentrada 1% ×1.0 · venta 1.0–2.4% · plano · 8 monedas · graceful-stop None;0,45;1,24;0,45;-21,49;0,16;1,33;-12,47;6,2;10,4
recursive;True;recursive recursive long · momentum ·  · expo 0.1 · stop sin stop · reentrada 1% ×1.0 · venta 1.0–2.4% · plano · 8 monedas · graceful-stop None;0,38;0,9;0,38;-14,32;-0,5;-6,31;-21,43;9,4;7,6
recursive;True;recursive recursive long · momentum · +incert. · expo 0.1 · stop sin stop · reentrada 1% ×1.0 · venta 1.0–2.4% · plano · 8 monedas · graceful-stop None;0,33;0,73;0,33;-19,01;-0,11;-1,9;-18,42;12,5;6,12
recursive;True;recursive recursive long · lag_long ·  · expo 0.1 · stop sin stop · reentrada 2% ×1.0 · venta 1.0–2.4% · plano · 8 monedas · graceful-stop None;0,31;0,97;0,31;-13,93;-0,3;-4,09;-13,72;6,2;7,86
recursive;True;recursive recursive long · lag_long · +incert. · expo 0.1 · stop sin stop · reentrada 2% ×1.0 · venta 1.0–2.4% · plano · 8 monedas · graceful-stop None;0,24;1,05;0,24;-16,3;-0,19;-2,84;-13,44;6,2;7,85
recursive;True;recursive recursive long · momentum ·  · expo 0.1 · stop sin stop · reentrada 2% ×1.0 · venta 1.0–2.4% · plano · 8 monedas · graceful-stop None;0,96;0,72;0,72;-18,43;-0,23;-3,16;-12,49;9,4;10,56
recursive;True;recursive recursive long · lag_long ·  · expo 0.1 · stop sin stop · reentrada 3% ×1.0 · venta 1.0–2.4% · plano · 8 monedas · graceful-stop None;0,31;0,79;0,31;-8,75;-0,33;-4,38;-12,79;12,5;6,82
short;True;short neat short · weak · bajista · expo 0.1 · stop 15% · span 3.0% · venta 1.0–2.4% ·  · 3 monedas · graceful-stop 0.03;-0,62;-0,08;-0,62;-21,6;0,28;3,17;-8,16;12,5;-4,8
recursive;True;recursive recursive long · momentum · +incert. · expo 0.1 · stop sin stop · reentrada 2% ×1.0 · venta 1.0–2.4% · plano · 8 monedas · graceful-stop None;1,07;0,76;0,76;-17,38;0,07;0,42;-9,48;12,5;11,59
recursive;True;recursive recursive long · momentum ·  · expo 0.1 · stop sin stop · reentrada 3% ×1.0 · venta 1.0–2.4% · plano · 8 monedas · graceful-stop None;1,05;0,74;0,74;-9,33;-0,18;-2,47;-9,76;6,2;11,62
recursive;True;recursive recursive long · lag_long · +incert. · expo 0.1 · stop sin stop · reentrada 3% ×1.0 · venta 1.0–2.4% · plano · 8 monedas · graceful-stop None;0,34;0,83;0,34;-9,43;-0,36;-4,8;-13,26;12,5;7,29
recursive;True;recursive recursive long · momentum · +incert. · expo 0.1 · stop sin stop · reentrada 3% ×1.0 · venta 1.0–2.4% · plano · 8 monedas · graceful-stop None;1,12;0,77;0,77;-8,98;-0,11;-1,69;-9,46;6,2;12,34
short;True;short neat short · lag_short · bajista · expo 0.1 · stop 15% · span 3.0% · venta 1.0–2.4% ·  · 3 monedas · graceful-stop 0.03;0,17;-0,16;-0,16;-11,79;0,63;7,56;-6,27;9,4;-0,24
short;True;short neat short · weak · bajista+incertidumbre · expo 0.1 · stop 15% · span 3.0% · venta 1.0–2.4% ·  · 3 monedas · graceful-stop 0.03;-0,4;-0,33;-0,4;-19,41;0,26;2,85;-8,39;12,5;-4,89
short;True;short recursive short · weak · bajista · expo 0.1 · stop 15% · reentrada 2% ×0.8 · venta 1.0–2.4% ·  · 3 monedas · graceful-stop 0.03;-0,13;-0,05;-0,13;-11,27;0,14;1,61;-6,35;3,1;-1,33
short;True;short neat short · lag_short · bajista+incertidumbre · expo 0.1 · stop 15% · span 3.0% · venta 1.0–2.4% ·  · 3 monedas · graceful-stop 0.03;0,13;-0,27;-0,27;-12,61;0,59;6,9;-8,38;6,2;-1,29
short;True;short recursive short · lag_short · bajista · expo 0.1 · stop 15% · reentrada 2% ×0.8 · venta 1.0–2.4% ·  · 3 monedas · graceful-stop 0.03;-0,1;-0,48;-0,48;-14,55;0,09;0,76;-14,07;6,2;-3,9
short;True;short recursive short · weak · bajista+incertidumbre · expo 0.1 · stop 15% · reentrada 2% ×0.8 · venta 1.0–2.4% ·  · 3 monedas · graceful-stop 0.03;-0,44;-0,29;-0,44;-19,03;0,16;1,85;-11,76;6,2;-4,78
short;True;short neat short · weak · bajista · expo 0.1 · stop 15% · span 5.0% · venta 1.0–2.4% ·  · 3 monedas · graceful-stop 0.03;-0,42;-0,01;-0,42;-17,9;0,05;0,58;-6,94;0,0;-3,07
short;True;short neat short · weak · bajista+incertidumbre · expo 0.1 · stop 15% · span 5.0% · venta 1.0–2.4% ·  · 3 monedas · graceful-stop 0.03;-0,92;-0,34;-0,92;-24,93;0,0;0,0;0,0;0,0;-8,02
short;True;short recursive short · lag_short · bajista+incertidumbre · expo 0.1 · stop 15% · reentrada 2% ×0.8 · venta 1.0–2.4% ·  · 3 monedas · graceful-stop 0.03;-0,15;-0,49;-0,49;-14,41;-0,43;-5,17;-14,11;0,0;-4,31
short;True;short neat short · lag_short · bajista · expo 0.1 · stop 15% · span 5.0% · venta 1.0–2.4% ·  · 3 monedas · graceful-stop 0.03;-0,02;-0,27;-0,27;-12,41;-0,1;-1,48;-13,78;3,1;-2,1
short;True;short neat short · lag_short · bajista+incertidumbre · expo 0.1 · stop 15% · span 5.0% · venta 1.0–2.4% ·  · 3 monedas · graceful-stop 0.03;-0,13;-0,82;-0,82;-21,75;-0,13;-1,59;-5,62;0,0;-6,2
short;True;short recursive short · weak · bajista · expo 0.1 · stop 15% · reentrada 2% ×0.8 · venta 1.0–2.4% ·  · 3 monedas · graceful-stop 0.03;-0,09;0,18;-0,09;-7,85;0,06;0,67;-5,83;0,0;0,42
short;True;short recursive short · lag_short · bajista · expo 0.1 · stop 15% · reentrada 2% ×0.8 · venta 1.0–2.4% ·  · 3 monedas · graceful-stop 0.03;-0,18;-0,38;-0,38;-12,52;-0,24;-3,03;-15,28;3,1;-3,76
short;True;short neat short · weak · bajista · expo 0.1 · stop sin stop · span 3.0% · venta 1.0–2.4% ·  · 3 monedas · graceful-stop 0.03;-0,62;-0,08;-0,62;-21,6;0,28;3,17;-8,16;12,5;-4,8
short;True;short recursive short · weak · bajista+incertidumbre · expo 0.1 · stop 15% · reentrada 2% ×0.8 · venta 1.0–2.4% ·  · 3 monedas · graceful-stop 0.03;-0,23;0,01;-0,23;-9,73;0,12;1,45;-6,77;0,0;-1,48
short;True;short recursive short · lag_short · bajista+incertidumbre · expo 0.1 · stop 15% · reentrada 2% ×0.8 · venta 1.0–2.4% ·  · 3 monedas · graceful-stop 0.03;-0,27;-0,6;-0,6;-18,22;-0,29;-3,63;-10,96;3,1;-5,64
short;True;short neat short · weak · bajista+incertidumbre · expo 0.1 · stop sin stop · span 3.0% · venta 1.0–2.4% ·  · 3 monedas · graceful-stop 0.03;-0,4;-0,33;-0,4;-19,41;0,26;2,85;-8,39;12,5;-4,89
short;True;short neat short · lag_short · bajista · expo 0.1 · stop sin stop · span 3.0% · venta 1.0–2.4% ·  · 3 monedas · graceful-stop 0.03;0,17;-0,16;-0,16;-11,79;0,63;7,56;-6,27;9,4;-0,24
short;True;short recursive short · weak · bajista · expo 0.1 · stop sin stop · reentrada 2% ×0.8 · venta 1.0–2.4% ·  · 3 monedas · graceful-stop 0.03;-0,13;-0,05;-0,13;-11,27;0,14;1,61;-6,35;3,1;-1,33
short;True;short neat short · lag_short · bajista+incertidumbre · expo 0.1 · stop sin stop · span 3.0% · venta 1.0–2.4% ·  · 3 monedas · graceful-stop 0.03;0,13;-0,27;-0,27;-12,61;0,59;6,9;-8,38;6,2;-1,29
short;True;short recursive short · lag_short · bajista · expo 0.1 · stop sin stop · reentrada 2% ×0.8 · venta 1.0–2.4% ·  · 3 monedas · graceful-stop 0.03;-0,1;-0,48;-0,48;-14,55;0,09;0,76;-14,07;6,2;-3,9
short;True;short recursive short · weak · bajista+incertidumbre · expo 0.1 · stop sin stop · reentrada 2% ×0.8 · venta 1.0–2.4% ·  · 3 monedas · graceful-stop 0.03;-0,44;-0,29;-0,44;-19,03;0,16;1,85;-11,76;6,2;-4,78
short;True;short neat short · weak · bajista · expo 0.1 · stop sin stop · span 5.0% · venta 1.0–2.4% ·  · 3 monedas · graceful-stop 0.03;-0,42;-0,01;-0,42;-17,9;0,05;0,58;-6,94;0,0;-3,07
short;True;short neat short · weak · bajista+incertidumbre · expo 0.1 · stop sin stop · span 5.0% · venta 1.0–2.4% ·  · 3 monedas · graceful-stop 0.03;-0,92;-0,34;-0,92;-24,93;0,0;0,0;0,0;0,0;-8,02
short;True;short recursive short · lag_short · bajista+incertidumbre · expo 0.1 · stop sin stop · reentrada 2% ×0.8 · venta 1.0–2.4% ·  · 3 monedas · graceful-stop 0.03;-0,15;-0,49;-0,49;-14,41;-0,43;-5,17;-14,11;0,0;-4,31
short;True;short neat short · lag_short · bajista · expo 0.1 · stop sin stop · span 5.0% · venta 1.0–2.4% ·  · 3 monedas · graceful-stop 0.03;-0,02;-0,27;-0,27;-12,41;-0,1;-1,48;-13,78;3,1;-2,1
short;True;short recursive short · weak · bajista · expo 0.1 · stop sin stop · reentrada 2% ×0.8 · venta 1.0–2.4% ·  · 3 monedas · graceful-stop 0.03;-0,09;0,18;-0,09;-7,85;0,06;0,67;-5,83;0,0;0,42
short;True;short neat short · lag_short · bajista+incertidumbre · expo 0.1 · stop sin stop · span 5.0% · venta 1.0–2.4% ·  · 3 monedas · graceful-stop 0.03;-0,13;-0,82;-0,82;-21,75;-0,13;-1,59;-5,62;0,0;-6,2
short;True;short recursive short · lag_short · bajista · expo 0.1 · stop sin stop · reentrada 2% ×0.8 · venta 1.0–2.4% ·  · 3 monedas · graceful-stop 0.03;-0,18;-0,38;-0,38;-12,52;-0,24;-3,03;-15,28;3,1;-3,76
short;True;short recursive short · weak · bajista+incertidumbre · expo 0.1 · stop sin stop · reentrada 2% ×0.8 · venta 1.0–2.4% ·  · 3 monedas · graceful-stop 0.03;-0,23;0,01;-0,23;-9,73;0,12;1,45;-6,77;0,0;-1,48
short;True;short neat short · weak · bajista · expo 0.1 · stop 15% · span 3.0% · venta 1.0–2.4% ·  · 3 monedas · graceful-stop 0.05;-0,68;-0,13;-0,68;-22,36;0,13;1,2;-10,21;12,5;-5,46
short;True;short recursive short · lag_short · bajista+incertidumbre · expo 0.1 · stop sin stop · reentrada 2% ×0.8 · venta 1.0–2.4% ·  · 3 monedas · graceful-stop 0.03;-0,27;-0,6;-0,6;-18,22;-0,29;-3,63;-10,96;3,1;-5,64
short;True;short neat short · weak · bajista+incertidumbre · expo 0.1 · stop 15% · span 3.0% · venta 1.0–2.4% ·  · 3 monedas · graceful-stop 0.05;-0,32;-0,43;-0,43;-18,6;-0,35;-4,23;-12,98;0,0;-4,96
short;True;short recursive short · weak · bajista · expo 0.1 · stop 15% · reentrada 2% ×0.8 · venta 1.0–2.4% ·  · 3 monedas · graceful-stop 0.05;-0,19;-0,01;-0,19;-12,98;0,0;-0,09;-10,72;3,1;-1,43
short;True;short neat short · lag_short · bajista · expo 0.1 · stop 15% · span 3.0% · venta 1.0–2.4% ·  · 3 monedas · graceful-stop 0.05;0,2;-0,15;-0,15;-12,29;0,62;7,4;-6,78;12,5;-0,08
short;True;short recursive short · lag_short · bajista · expo 0.1 · stop 15% · reentrada 2% ×0.8 · venta 1.0–2.4% ·  · 3 monedas · graceful-stop 0.05;-0,14;-0,46;-0,46;-15,82;0,15;1,61;-12,86;6,2;-4,17
short;True;short recursive short · lag_short · bajista+incertidumbre · expo 0.1 · stop 15% · reentrada 2% ×0.8 · venta 1.0–2.4% ·  · 3 monedas · graceful-stop 0.05;-0,32;-0,52;-0,52;-18,17;-0,27;-3,31;-9,62;0,0;-5,59
short;True;short neat short · lag_short · bajista+incertidumbre · expo 0.1 · stop 15% · span 3.0% · venta 1.0–2.4% ·  · 3 monedas · graceful-stop 0.05;0,05;-0,19;-0,19;-12,68;0,6;7,06;-7,81;12,5;-1,34
short;True;short recursive short · weak · bajista+incertidumbre · expo 0.1 · stop 15% · reentrada 2% ×0.8 · venta 1.0–2.4% ·  · 3 monedas · graceful-stop 0.05;-0,34;-0,1;-0,34;-13,05;-0,0;-0,2;-15,27;6,2;-3,01
short;True;short neat short · weak · bajista · expo 0.1 · stop 15% · span 5.0% · venta 1.0–2.4% ·  · 3 monedas · graceful-stop 0.05;-0,42;0,08;-0,42;-18,65;-0,02;-0,35;-7,54;3,1;-2,48
short;True;short neat short · lag_short · bajista · expo 0.1 · stop 15% · span 5.0% · venta 1.0–2.4% ·  · 3 monedas · graceful-stop 0.05;-0,06;-0,27;-0,27;-12,56;-0,09;-1,46;-13,97;9,4;-2,4
short;True;short neat short · weak · bajista+incertidumbre · expo 0.1 · stop 15% · span 5.0% · venta 1.0–2.4% ·  · 3 monedas · graceful-stop 0.05;-0,41;-0,07;-0,41;-15,85;0,07;0,72;-9,72;6,2;-3,28
short;True;short neat short · lag_short · bajista+incertidumbre · expo 0.1 · stop 15% · span 5.0% · venta 1.0–2.4% ·  · 3 monedas · graceful-stop 0.05;-0,2;-0,31;-0,31;-13,14;-0,11;-1,66;-13,8;12,5;-3,46
short;True;short recursive short · weak · bajista · expo 0.1 · stop 15% · reentrada 2% ×0.8 · venta 1.0–2.4% ·  · 3 monedas · graceful-stop 0.05;-0,12;0,21;-0,12;-8,53;0,02;0,21;-7,01;0,0;0,41
short;True;short recursive short · lag_short · bajista · expo 0.1 · stop 15% · reentrada 2% ×0.8 · venta 1.0–2.4% ·  · 3 monedas · graceful-stop 0.05;-0,17;-0,4;-0,4;-12,96;-0,22;-2,82;-15,43;3,1;-3,8
short;True;short recursive short · weak · bajista+incertidumbre · expo 0.1 · stop 15% · reentrada 2% ×0.8 · venta 1.0–2.4% ·  · 3 monedas · graceful-stop 0.05;-0,17;0,07;-0,17;-9,05;0,09;1,05;-7,39;0,0;-0,8
short;True;short neat short · weak · bajista · expo 0.1 · stop sin stop · span 3.0% · venta 1.0–2.4% ·  · 3 monedas · graceful-stop 0.05;-0,68;-0,13;-0,68;-22,36;0,13;1,2;-10,21;12,5;-5,46
short;True;short neat short · weak · bajista+incertidumbre · expo 0.1 · stop sin stop · span 3.0% · venta 1.0–2.4% ·  · 3 monedas · graceful-stop 0.05;-0,32;-0,43;-0,43;-18,6;-0,35;-4,23;-12,98;0,0;-4,96
short;True;short recursive short · lag_short · bajista+incertidumbre · expo 0.1 · stop 15% · reentrada 2% ×0.8 · venta 1.0–2.4% ·  · 3 monedas · graceful-stop 0.05;-0,3;-0,57;-0,57;-18,24;-0,28;-3,51;-11,04;3,1;-5,65
short;True;short neat short · lag_short · bajista · expo 0.1 · stop sin stop · span 3.0% · venta 1.0–2.4% ·  · 3 monedas · graceful-stop 0.05;0,2;-0,15;-0,15;-12,29;0,62;7,4;-6,78;12,5;-0,08
short;True;short recursive short · weak · bajista · expo 0.1 · stop sin stop · reentrada 2% ×0.8 · venta 1.0–2.4% ·  · 3 monedas · graceful-stop 0.05;-0,19;-0,01;-0,19;-12,98;0,0;-0,09;-10,72;3,1;-1,43
short;True;short recursive short · weak · bajista+incertidumbre · expo 0.1 · stop sin stop · reentrada 2% ×0.8 · venta 1.0–2.4% ·  · 3 monedas · graceful-stop 0.05;-0,34;-0,1;-0,34;-13,05;-0,0;-0,2;-15,27;6,2;-3,01
short;True;short neat short · lag_short · bajista+incertidumbre · expo 0.1 · stop sin stop · span 3.0% · venta 1.0–2.4% ·  · 3 monedas · graceful-stop 0.05;0,05;-0,19;-0,19;-12,68;0,6;7,06;-7,81;12,5;-1,34
short;True;short recursive short · lag_short · bajista · expo 0.1 · stop sin stop · reentrada 2% ×0.8 · venta 1.0–2.4% ·  · 3 monedas · graceful-stop 0.05;-0,14;-0,46;-0,46;-15,82;0,15;1,61;-12,86;6,2;-4,17
short;True;short recursive short · lag_short · bajista+incertidumbre · expo 0.1 · stop sin stop · reentrada 2% ×0.8 · venta 1.0–2.4% ·  · 3 monedas · graceful-stop 0.05;-0,32;-0,52;-0,52;-18,17;-0,27;-3,31;-9,62;0,0;-5,59
short;True;short neat short · weak · bajista · expo 0.1 · stop sin stop · span 5.0% · venta 1.0–2.4% ·  · 3 monedas · graceful-stop 0.05;-0,42;0,08;-0,42;-18,65;-0,02;-0,35;-7,54;3,1;-2,48
short;True;short neat short · weak · bajista+incertidumbre · expo 0.1 · stop sin stop · span 5.0% · venta 1.0–2.4% ·  · 3 monedas · graceful-stop 0.05;-0,41;-0,07;-0,41;-15,85;0,07;0,72;-9,72;6,2;-3,28
short;True;short neat short · lag_short · bajista · expo 0.1 · stop sin stop · span 5.0% · venta 1.0–2.4% ·  · 3 monedas · graceful-stop 0.05;-0,06;-0,27;-0,27;-12,56;-0,09;-1,46;-13,97;9,4;-2,4
short;True;short recursive short · weak · bajista · expo 0.1 · stop sin stop · reentrada 2% ×0.8 · venta 1.0–2.4% ·  · 3 monedas · graceful-stop 0.05;-0,12;0,21;-0,12;-8,53;0,02;0,21;-7,01;0,0;0,41
short;True;short neat short · lag_short · bajista+incertidumbre · expo 0.1 · stop sin stop · span 5.0% · venta 1.0–2.4% ·  · 3 monedas · graceful-stop 0.05;-0,2;-0,31;-0,31;-13,14;-0,11;-1,66;-13,8;12,5;-3,46
short;True;short recursive short · lag_short · bajista · expo 0.1 · stop sin stop · reentrada 2% ×0.8 · venta 1.0–2.4% ·  · 3 monedas · graceful-stop 0.05;-0,17;-0,4;-0,4;-12,96;-0,22;-2,82;-15,43;3,1;-3,8
short;True;short recursive short · weak · bajista+incertidumbre · expo 0.1 · stop sin stop · reentrada 2% ×0.8 · venta 1.0–2.4% ·  · 3 monedas · graceful-stop 0.05;-0,17;0,07;-0,17;-9,05;0,09;1,05;-7,39;0,0;-0,8
short;True;short recursive short · lag_short · bajista+incertidumbre · expo 0.1 · stop sin stop · reentrada 2% ×0.8 · venta 1.0–2.4% ·  · 3 monedas · graceful-stop 0.05;-0,3;-0,57;-0,57;-18,24;-0,28;-3,51;-11,04;3,1;-5,65
short;True;short neat short · weak · bajista · expo 0.1 · stop 15% · span 3.0% · venta 1.0–2.4% ·  · 3 monedas · graceful-stop 0.08;-0,58;-0,2;-0,58;-21,57;0,11;1,07;-9,93;6,2;-5,24
short;True;short neat short · weak · bajista+incertidumbre · expo 0.1 · stop 15% · span 3.0% · venta 1.0–2.4% ·  · 3 monedas · graceful-stop 0.08;-0,47;-0,85;-0,85;-24,66;0,0;0,0;0,0;0,0;-8,34
short;True;short neat short · lag_short · bajista · expo 0.1 · stop 15% · span 3.0% · venta 1.0–2.4% ·  · 3 monedas · graceful-stop 0.08;0,23;-0,05;-0,05;-12,12;0,6;7,15;-7,15;12,5;0,73
short;True;short recursive short · weak · bajista · expo 0.1 · stop 15% · reentrada 2% ×0.8 · venta 1.0–2.4% ·  · 3 monedas · graceful-stop 0.08;-0,32;-0,17;-0,32;-15,25;0,07;0,74;-10,06;3,1;-3,3
short;True;short neat short · lag_short · bajista+incertidumbre · expo 0.1 · stop 15% · span 3.0% · venta 1.0–2.4% ·  · 3 monedas · graceful-stop 0.08;0,14;-0,13;-0,13;-12,78;0,51;5,85;-9,46;9,4;-0,49
short;True;short recursive short · lag_short · bajista · expo 0.1 · stop 15% · reentrada 2% ×0.8 · venta 1.0–2.4% ·  · 3 monedas · graceful-stop 0.08;-0,19;-0,46;-0,46;-16,38;0,11;1,05;-12,15;6,2;-4,48
short;True;short recursive short · weak · bajista+incertidumbre · expo 0.1 · stop 15% · reentrada 2% ×0.8 · venta 1.0–2.4% ·  · 3 monedas · graceful-stop 0.08;-0,35;-0,39;-0,39;-18,52;-0,37;-4,4;-14,12;0,0;-4,88
short;True;short neat short · weak · bajista · expo 0.1 · stop 15% · span 5.0% · venta 1.0–2.4% ·  · 3 monedas · graceful-stop 0.08;-0,43;-0,06;-0,43;-19,24;-0,04;-0,54;-9,33;3,1;-3,45
short;True;short recursive short · lag_short · bajista+incertidumbre · expo 0.1 · stop 15% · reentrada 2% ×0.8 · venta 1.0–2.4% ·  · 3 monedas · graceful-stop 0.08;-0,33;-0,54;-0,54;-18,27;-0,25;-3,06;-9,5;0,0;-5,68
short;True;short neat short · weak · bajista+incertidumbre · expo 0.1 · stop 15% · span 5.0% · venta 1.0–2.4% ·  · 3 monedas · graceful-stop 0.08;-0,86;-0,04;-0,86;-23,19;0,14;1,5;-9,78;6,2;-5,84
short;True;short neat short · lag_short · bajista · expo 0.1 · stop 15% · span 5.0% · venta 1.0–2.4% ·  · 3 monedas · graceful-stop 0.08;-0,13;-0,21;-0,21;-13,57;-0,17;-2,39;-13,62;9,4;-2,57
short;True;short recursive short · weak · bajista · expo 0.1 · stop 15% · reentrada 2% ×0.8 · venta 1.0–2.4% ·  · 3 monedas · graceful-stop 0.08;-0,11;0,1;-0,11;-7,89;0,05;0,57;-5,91;0,0;-0,2
short;True;short neat short · lag_short · bajista+incertidumbre · expo 0.1 · stop 15% · span 5.0% · venta 1.0–2.4% ·  · 3 monedas · graceful-stop 0.08;-0,39;-0,4;-0,4;-17,85;-0,3;-3,67;-10,69;0,0;-5,4
short;True;short recursive short · lag_short · bajista · expo 0.1 · stop 15% · reentrada 2% ×0.8 · venta 1.0–2.4% ·  · 3 monedas · graceful-stop 0.08;-0,17;-0,37;-0,37;-12,62;-0,17;-2,2;-14,02;3,1;-3,62
short;True;short recursive short · weak · bajista+incertidumbre · expo 0.1 · stop 15% · reentrada 2% ×0.8 · venta 1.0–2.4% ·  · 3 monedas · graceful-stop 0.08;-0,17;-0,05;-0,17;-8,76;0,1;1,16;-7,24;0,0;-1,48
short;True;short neat short · weak · bajista · expo 0.1 · stop sin stop · span 3.0% · venta 1.0–2.4% ·  · 3 monedas · graceful-stop 0.08;-0,58;-0,2;-0,58;-21,57;0,11;1,07;-9,93;6,2;-5,24
short;True;short neat short · weak · bajista+incertidumbre · expo 0.1 · stop sin stop · span 3.0% · venta 1.0–2.4% ·  · 3 monedas · graceful-stop 0.08;-0,47;-0,85;-0,85;-24,66;0,0;0,0;0,0;0,0;-8,34
short;True;short recursive short · lag_short · bajista+incertidumbre · expo 0.1 · stop 15% · reentrada 2% ×0.8 · venta 1.0–2.4% ·  · 3 monedas · graceful-stop 0.08;-0,21;-0,56;-0,56;-16,23;-0,35;-4,24;-11,82;0,0;-4,96
short;True;short recursive short · weak · bajista · expo 0.1 · stop sin stop · reentrada 2% ×0.8 · venta 1.0–2.4% ·  · 3 monedas · graceful-stop 0.08;-0,32;-0,17;-0,32;-15,25;0,07;0,74;-10,06;3,1;-3,3
short;True;short neat short · lag_short · bajista · expo 0.1 · stop sin stop · span 3.0% · venta 1.0–2.4% ·  · 3 monedas · graceful-stop 0.08;0,23;-0,05;-0,05;-12,12;0,6;7,15;-7,15;12,5;0,73
short;True;short neat short · lag_short · bajista+incertidumbre · expo 0.1 · stop sin stop · span 3.0% · venta 1.0–2.4% ·  · 3 monedas · graceful-stop 0.08;0,14;-0,13;-0,13;-12,78;0,51;5,85;-9,46;9,4;-0,49
short;True;short recursive short · lag_short · bajista · expo 0.1 · stop sin stop · reentrada 2% ×0.8 · venta 1.0–2.4% ·  · 3 monedas · graceful-stop 0.08;-0,19;-0,46;-0,46;-16,38;0,11;1,05;-12,15;6,2;-4,48
short;True;short recursive short · weak · bajista+incertidumbre · expo 0.1 · stop sin stop · reentrada 2% ×0.8 · venta 1.0–2.4% ·  · 3 monedas · graceful-stop 0.08;-0,35;-0,39;-0,39;-18,52;-0,37;-4,4;-14,12;0,0;-4,88
short;True;short neat short · weak · bajista · expo 0.1 · stop sin stop · span 5.0% · venta 1.0–2.4% ·  · 3 monedas · graceful-stop 0.08;-0,43;-0,06;-0,43;-19,24;-0,04;-0,54;-9,33;3,1;-3,45
short;True;short recursive short · lag_short · bajista+incertidumbre · expo 0.1 · stop sin stop · reentrada 2% ×0.8 · venta 1.0–2.4% ·  · 3 monedas · graceful-stop 0.08;-0,33;-0,54;-0,54;-18,27;-0,25;-3,06;-9,5;0,0;-5,68
short;True;short neat short · weak · bajista+incertidumbre · expo 0.1 · stop sin stop · span 5.0% · venta 1.0–2.4% ·  · 3 monedas · graceful-stop 0.08;-0,86;-0,04;-0,86;-23,19;0,14;1,5;-9,78;6,2;-5,84
short;True;short neat short · lag_short · bajista · expo 0.1 · stop sin stop · span 5.0% · venta 1.0–2.4% ·  · 3 monedas · graceful-stop 0.08;-0,13;-0,21;-0,21;-13,57;-0,17;-2,39;-13,62;9,4;-2,57
short;True;short recursive short · weak · bajista · expo 0.1 · stop sin stop · reentrada 2% ×0.8 · venta 1.0–2.4% ·  · 3 monedas · graceful-stop 0.08;-0,11;0,1;-0,11;-7,89;0,05;0,57;-5,91;0,0;-0,2
short;True;short neat short · lag_short · bajista+incertidumbre · expo 0.1 · stop sin stop · span 5.0% · venta 1.0–2.4% ·  · 3 monedas · graceful-stop 0.08;-0,39;-0,4;-0,4;-17,85;-0,3;-3,67;-10,69;0,0;-5,4
short;True;short recursive short · lag_short · bajista · expo 0.1 · stop sin stop · reentrada 2% ×0.8 · venta 1.0–2.4% ·  · 3 monedas · graceful-stop 0.08;-0,17;-0,37;-0,37;-12,62;-0,17;-2,2;-14,02;3,1;-3,62
short;True;short recursive short · weak · bajista+incertidumbre · expo 0.1 · stop sin stop · reentrada 2% ×0.8 · venta 1.0–2.4% ·  · 3 monedas · graceful-stop 0.08;-0,17;-0,05;-0,17;-8,76;0,1;1,16;-7,24;0,0;-1,48
short;True;short recursive short · lag_short · bajista+incertidumbre · expo 0.1 · stop sin stop · reentrada 2% ×0.8 · venta 1.0–2.4% ·  · 3 monedas · graceful-stop 0.08;-0,21;-0,56;-0,56;-16,23;-0,35;-4,24;-11,82;0,0;-4,96
short;True;short neat short · weak · bajista+incertidumbre · expo 0.1 · stop 15% · span 3.0% · venta 1.0–2.4% ·  · 5 monedas · graceful-stop 0.03;-0,77;-0,38;-0,77;-24,49;0,0;0,0;0,0;0,0;-7,47
short;True;short neat short · weak · bajista · expo 0.1 · stop 15% · span 3.0% · venta 1.0–2.4% ·  · 5 monedas · graceful-stop 0.03;-0,18;-0,16;-0,18;-23,11;0,32;3,68;-9,97;15,6;-2,84
short;True;short neat short · lag_short · bajista · expo 0.1 · stop 15% · span 3.0% · venta 1.0–2.4% ·  · 5 monedas · graceful-stop 0.03;0,38;-0,29;-0,29;-16,95;0,32;3,69;-8,46;6,2;-0,06
short;True;short recursive short · weak · bajista+incertidumbre · expo 0.1 · stop 15% · reentrada 2% ×0.8 · venta 1.0–2.4% ·  · 5 monedas · graceful-stop 0.03;-1,26;0,0;-1,26;-24,56;0,0;0,0;0,0;0,0;-7,98
short;True;short neat short · lag_short · bajista+incertidumbre · expo 0.1 · stop 15% · span 3.0% · venta 1.0–2.4% ·  · 5 monedas · graceful-stop 0.03;0,28;-0,55;-0,55;-19,78;-0,2;-2,52;-9,53;3,1;-2,38
short;True;short recursive short · weak · bajista · expo 0.1 · stop 15% · reentrada 2% ×0.8 · venta 1.0–2.4% ·  · 5 monedas · graceful-stop 0.03;-0,21;0,16;-0,21;-16,37;0,15;1,62;-14,57;6,2;-0,67
short;True;short recursive short · lag_short · bajista · expo 0.1 · stop 15% · reentrada 2% ×0.8 · venta 1.0–2.4% ·  · 5 monedas · graceful-stop 0.03;-0,37;-0,73;-0,73;-24,09;0,05;0,65;0,0;0,0;-7,23
short;True;short recursive short · lag_short · bajista+incertidumbre · expo 0.1 · stop 15% · reentrada 2% ×0.8 · venta 1.0–2.4% ·  · 5 monedas · graceful-stop 0.03;-0,41;-0,74;-0,74;-24,04;-0,05;-0,65;-3,05;0,0;-7,52
short;True;short neat short · weak · bajista+incertidumbre · expo 0.1 · stop 15% · span 5.0% · venta 1.0–2.4% ·  · 5 monedas · graceful-stop 0.03;-1,25;0,0;-1,25;-24,77;0,0;0,0;0,0;0,0;-7,92
short;True;short neat short · weak · bajista · expo 0.1 · stop 15% · span 5.0% · venta 1.0–2.4% ·  · 5 monedas · graceful-stop 0.03;-0,2;0,2;-0,2;-21,47;0,14;1,6;-9,57;3,1;-0,45
short;True;short neat short · lag_short · bajista · expo 0.1 · stop 15% · span 5.0% · venta 1.0–2.4% ·  · 5 monedas · graceful-stop 0.03;0,18;-0,47;-0,47;-17,75;-0,25;-3,16;-15,06;3,1;-2,34
short;True;short neat short · lag_short · bajista+incertidumbre · expo 0.1 · stop 15% · span 5.0% · venta 1.0–2.4% ·  · 5 monedas · graceful-stop 0.03;-0,02;-0,51;-0,51;-18,57;-0,26;-3,12;-9,11;0,0;-3,93
short;True;short recursive short · weak · bajista · expo 0.1 · stop 15% · reentrada 2% ×0.8 · venta 1.0–2.4% ·  · 5 monedas · graceful-stop 0.03;-0,22;0,35;-0,22;-9,89;0,03;0,33;-9,36;0,0;0,67
short;True;short recursive short · lag_short · bajista · expo 0.1 · stop 15% · reentrada 2% ×0.8 · venta 1.0–2.4% ·  · 5 monedas · graceful-stop 0.03;0,04;-0,64;-0,64;-15,51;-0,37;-4,51;-11,84;0,0;-4,04
short;True;short recursive short · weak · bajista+incertidumbre · expo 0.1 · stop 15% · reentrada 2% ×0.8 · venta 1.0–2.4% ·  · 5 monedas · graceful-stop 0.03;-0,51;0,26;-0,51;-14,63;0,14;1,65;-9,6;3,1;-1,78
short;True;short recursive short · lag_short · bajista+incertidumbre · expo 0.1 · stop 15% · reentrada 2% ×0.8 · venta 1.0–2.4% ·  · 5 monedas · graceful-stop 0.03;-0,0;-0,6;-0,6;-16,89;-0,32;-3,83;-11,42;0,0;-4,0
short;True;short neat short · weak · bajista+incertidumbre · expo 0.1 · stop sin stop · span 3.0% · venta 1.0–2.4% ·  · 5 monedas · graceful-stop 0.03;-0,77;-0,38;-0,77;-24,49;0,0;0,0;0,0;0,0;-7,47
short;True;short neat short · weak · bajista · expo 0.1 · stop sin stop · span 3.0% · venta 1.0–2.4% ·  · 5 monedas · graceful-stop 0.03;-0,18;-0,16;-0,18;-23,11;0,32;3,68;-9,97;15,6;-2,84
short;True;short recursive short · weak · bajista+incertidumbre · expo 0.1 · stop sin stop · reentrada 2% ×0.8 · venta 1.0–2.4% ·  · 5 monedas · graceful-stop 0.03;-1,26;0,0;-1,26;-24,56;0,0;0,0;0,0;0,0;-7,98
short;True;short neat short · lag_short · bajista · expo 0.1 · stop sin stop · span 3.0% · venta 1.0–2.4% ·  · 5 monedas · graceful-stop 0.03;0,38;-0,29;-0,29;-16,95;0,32;3,69;-8,46;6,2;-0,06
short;True;short neat short · lag_short · bajista+incertidumbre · expo 0.1 · stop sin stop · span 3.0% · venta 1.0–2.4% ·  · 5 monedas · graceful-stop 0.03;0,28;-0,55;-0,55;-19,78;-0,2;-2,52;-9,53;3,1;-2,38
short;True;short recursive short · lag_short · bajista · expo 0.1 · stop sin stop · reentrada 2% ×0.8 · venta 1.0–2.4% ·  · 5 monedas · graceful-stop 0.03;-0,37;-0,73;-0,73;-24,09;0,05;0,65;0,0;0,0;-7,23
short;True;short recursive short · weak · bajista · expo 0.1 · stop sin stop · reentrada 2% ×0.8 · venta 1.0–2.4% ·  · 5 monedas · graceful-stop 0.03;-0,21;0,16;-0,21;-16,37;0,15;1,62;-14,57;6,2;-0,67
short;True;short recursive short · lag_short · bajista+incertidumbre · expo 0.1 · stop sin stop · reentrada 2% ×0.8 · venta 1.0–2.4% ·  · 5 monedas · graceful-stop 0.03;-0,41;-0,74;-0,74;-24,04;-0,05;-0,65;-3,05;0,0;-7,52
short;True;short neat short · weak · bajista+incertidumbre · expo 0.1 · stop sin stop · span 5.0% · venta 1.0–2.4% ·  · 5 monedas · graceful-stop 0.03;-1,25;0,0;-1,25;-24,77;0,0;0,0;0,0;0,0;-7,92
short;True;short neat short · weak · bajista · expo 0.1 · stop sin stop · span 5.0% · venta 1.0–2.4% ·  · 5 monedas · graceful-stop 0.03;-0,2;0,2;-0,2;-21,47;0,14;1,6;-9,57;3,1;-0,45
short;True;short neat short · lag_short · bajista · expo 0.1 · stop sin stop · span 5.0% · venta 1.0–2.4% ·  · 5 monedas · graceful-stop 0.03;0,18;-0,47;-0,47;-17,75;-0,25;-3,16;-15,06;3,1;-2,34
short;True;short neat short · lag_short · bajista+incertidumbre · expo 0.1 · stop sin stop · span 5.0% · venta 1.0–2.4% ·  · 5 monedas · graceful-stop 0.03;-0,02;-0,51;-0,51;-18,57;-0,26;-3,12;-9,11;0,0;-3,93
short;True;short recursive short · weak · bajista · expo 0.1 · stop sin stop · reentrada 2% ×0.8 · venta 1.0–2.4% ·  · 5 monedas · graceful-stop 0.03;-0,22;0,35;-0,22;-9,89;0,03;0,33;-9,36;0,0;0,67
short;True;short recursive short · lag_short · bajista · expo 0.1 · stop sin stop · reentrada 2% ×0.8 · venta 1.0–2.4% ·  · 5 monedas · graceful-stop 0.03;0,04;-0,64;-0,64;-15,51;-0,37;-4,51;-11,84;0,0;-4,04
short;True;short neat short · weak · bajista · expo 0.1 · stop 15% · span 3.0% · venta 1.0–2.4% ·  · 5 monedas · graceful-stop 0.05;-0,09;-0,33;-0,33;-23,75;-0,16;-1,86;-5,4;0,0;-3,3
short;True;short recursive short · weak · bajista+incertidumbre · expo 0.1 · stop sin stop · reentrada 2% ×0.8 · venta 1.0–2.4% ·  · 5 monedas · graceful-stop 0.03;-0,51;0,26;-0,51;-14,63;0,14;1,65;-9,6;3,1;-1,78
short;True;short neat short · weak · bajista+incertidumbre · expo 0.1 · stop 15% · span 3.0% · venta 1.0–2.4% ·  · 5 monedas · graceful-stop 0.05;-0,67;-0,53;-0,67;-24,44;0,0;0,0;0,0;0,0;-7,68
short;True;short recursive short · lag_short · bajista+incertidumbre · expo 0.1 · stop sin stop · reentrada 2% ×0.8 · venta 1.0–2.4% ·  · 5 monedas · graceful-stop 0.03;-0,0;-0,6;-0,6;-16,89;-0,32;-3,83;-11,42;0,0;-4,0
short;True;short recursive short · weak · bajista+incertidumbre · expo 0.1 · stop 15% · reentrada 2% ×0.8 · venta 1.0–2.4% ·  · 5 monedas · graceful-stop 0.05;-1,26;0,0;-1,26;-24,59;0,0;0,0;0,0;0,0;-8,02
short;True;short neat short · lag_short · bajista · expo 0.1 · stop 15% · span 3.0% · venta 1.0–2.4% ·  · 5 monedas · graceful-stop 0.05;0,49;-0,25;-0,25;-16,85;0,58;6,87;-7,62;9,4;0,94
short;True;short neat short · lag_short · bajista+incertidumbre · expo 0.1 · stop 15% · span 3.0% · venta 1.0–2.4% ·  · 5 monedas · graceful-stop 0.05;0,05;-0,38;-0,38;-18,21;-0,27;-3,39;-11,7;6,2;-2,85
short;True;short recursive short · weak · bajista · expo 0.1 · stop 15% · reentrada 2% ×0.8 · venta 1.0–2.4% ·  · 5 monedas · graceful-stop 0.05;-0,34;0,28;-0,34;-20,06;0,27;3,17;-9,07;6,2;-0,84
short;True;short recursive short · lag_short · bajista · expo 0.1 · stop 15% · reentrada 2% ×0.8 · venta 1.0–2.4% ·  · 5 monedas · graceful-stop 0.05;-0,21;-0,65;-0,65;-21,17;-0,19;-2,26;-7,58;0,0;-5,82
short;True;short recursive short · lag_short · bajista+incertidumbre · expo 0.1 · stop 15% · reentrada 2% ×0.8 · venta 1.0–2.4% ·  · 5 monedas · graceful-stop 0.05;-0,33;-0,63;-0,63;-21,13;-0,18;-2,24;-7,08;0,0;-6,5
short;True;short neat short · weak · bajista · expo 0.1 · stop 15% · span 5.0% · venta 1.0–2.4% ·  · 5 monedas · graceful-stop 0.05;-0,92;0,0;-0,92;-24,42;0,0;0,0;0,0;0,0;-5,97
short;True;short neat short · weak · bajista+incertidumbre · expo 0.1 · stop 15% · span 5.0% · venta 1.0–2.4% ·  · 5 monedas · graceful-stop 0.05;-1,27;0,0;-1,27;-24,52;0,0;0,0;0,0;0,0;-8,14
short;True;short neat short · lag_short · bajista · expo 0.1 · stop 15% · span 5.0% · venta 1.0–2.4% ·  · 5 monedas · graceful-stop 0.05;-0,14;-0,35;-0,35;-17,19;-0,27;-3,46;-14,76;6,2;-3,67
short;True;short neat short · lag_short · bajista+incertidumbre · expo 0.1 · stop 15% · span 5.0% · venta 1.0–2.4% ·  · 5 monedas · graceful-stop 0.05;-0,59;-0,52;-0,59;-23,98;-0,06;-0,74;-3,23;0,0;-7,67
short;True;short recursive short · lag_short · bajista · expo 0.1 · stop 15% · reentrada 2% ×0.8 · venta 1.0–2.4% ·  · 5 monedas · graceful-stop 0.05;0,04;-0,54;-0,54;-14,49;-0,39;-4,74;-12,76;0,0;-3,42
short;True;short recursive short · weak · bajista · expo 0.1 · stop 15% · reentrada 2% ×0.8 · venta 1.0–2.4% ·  · 5 monedas · graceful-stop 0.05;-0,14;0,35;-0,14;-9,72;-0,04;-0,61;-9,15;0,0;1,15
short;True;short neat short · weak · bajista · expo 0.1 · stop sin stop · span 3.0% · venta 1.0–2.4% ·  · 5 monedas · graceful-stop 0.05;-0,09;-0,33;-0,33;-23,75;-0,16;-1,86;-5,4;0,0;-3,3
short;True;short recursive short · weak · bajista+incertidumbre · expo 0.1 · stop 15% · reentrada 2% ×0.8 · venta 1.0–2.4% ·  · 5 monedas · graceful-stop 0.05;-0,35;0,26;-0,35;-11,94;0,05;0,51;-9,98;3,1;-0,77
short;True;short neat short · weak · bajista+incertidumbre · expo 0.1 · stop sin stop · span 3.0% · venta 1.0–2.4% ·  · 5 monedas · graceful-stop 0.05;-0,67;-0,53;-0,67;-24,44;0,0;0,0;0,0;0,0;-7,68
short;True;short recursive short · lag_short · bajista+incertidumbre · expo 0.1 · stop 15% · reentrada 2% ×0.8 · venta 1.0–2.4% ·  · 5 monedas · graceful-stop 0.05;-0,11;-0,53;-0,53;-16,54;-0,34;-4,09;-12,09;0,0;-4,33
short;True;short neat short · lag_short · bajista · expo 0.1 · stop sin stop · span 3.0% · venta 1.0–2.4% ·  · 5 monedas · graceful-stop 0.05;0,49;-0,25;-0,25;-16,85;0,58;6,87;-7,62;9,4;0,94
short;True;short recursive short · weak · bajista+incertidumbre · expo 0.1 · stop sin stop · reentrada 2% ×0.8 · venta 1.0–2.4% ·  · 5 monedas · graceful-stop 0.05;-1,26;0,0;-1,26;-24,59;0,0;0,0;0,0;0,0;-8,02
short;True;short neat short · lag_short · bajista+incertidumbre · expo 0.1 · stop sin stop · span 3.0% · venta 1.0–2.4% ·  · 5 monedas · graceful-stop 0.05;0,05;-0,38;-0,38;-18,21;-0,27;-3,39;-11,7;6,2;-2,85
short;True;short recursive short · weak · bajista · expo 0.1 · stop sin stop · reentrada 2% ×0.8 · venta 1.0–2.4% ·  · 5 monedas · graceful-stop 0.05;-0,34;0,28;-0,34;-20,06;0,27;3,17;-9,07;6,2;-0,84
short;True;short recursive short · lag_short · bajista · expo 0.1 · stop sin stop · reentrada 2% ×0.8 · venta 1.0–2.4% ·  · 5 monedas · graceful-stop 0.05;-0,21;-0,65;-0,65;-21,17;-0,19;-2,26;-7,58;0,0;-5,82
short;True;short recursive short · lag_short · bajista+incertidumbre · expo 0.1 · stop sin stop · reentrada 2% ×0.8 · venta 1.0–2.4% ·  · 5 monedas · graceful-stop 0.05;-0,33;-0,63;-0,63;-21,13;-0,18;-2,24;-7,08;0,0;-6,5
short;True;short neat short · weak · bajista · expo 0.1 · stop sin stop · span 5.0% · venta 1.0–2.4% ·  · 5 monedas · graceful-stop 0.05;-0,92;0,0;-0,92;-24,42;0,0;0,0;0,0;0,0;-5,97
short;True;short neat short · weak · bajista+incertidumbre · expo 0.1 · stop sin stop · span 5.0% · venta 1.0–2.4% ·  · 5 monedas · graceful-stop 0.05;-1,27;0,0;-1,27;-24,52;0,0;0,0;0,0;0,0;-8,14
short;True;short neat short · lag_short · bajista · expo 0.1 · stop sin stop · span 5.0% · venta 1.0–2.4% ·  · 5 monedas · graceful-stop 0.05;-0,14;-0,35;-0,35;-17,19;-0,27;-3,46;-14,76;6,2;-3,67
short;True;short neat short · lag_short · bajista+incertidumbre · expo 0.1 · stop sin stop · span 5.0% · venta 1.0–2.4% ·  · 5 monedas · graceful-stop 0.05;-0,59;-0,52;-0,59;-23,98;-0,06;-0,74;-3,23;0,0;-7,67
short;True;short recursive short · weak · bajista · expo 0.1 · stop sin stop · reentrada 2% ×0.8 · venta 1.0–2.4% ·  · 5 monedas · graceful-stop 0.05;-0,14;0,35;-0,14;-9,72;-0,04;-0,61;-9,15;0,0;1,15
short;True;short neat short · weak · bajista · expo 0.1 · stop 15% · span 3.0% · venta 1.0–2.4% ·  · 5 monedas · graceful-stop 0.08;-0,73;0,0;-0,73;-24,56;0,0;0,0;0,0;0,0;-4,77
short;True;short recursive short · lag_short · bajista · expo 0.1 · stop sin stop · reentrada 2% ×0.8 · venta 1.0–2.4% ·  · 5 monedas · graceful-stop 0.05;0,04;-0,54;-0,54;-14,49;-0,39;-4,74;-12,76;0,0;-3,42
short;True;short recursive short · weak · bajista+incertidumbre · expo 0.1 · stop sin stop · reentrada 2% ×0.8 · venta 1.0–2.4% ·  · 5 monedas · graceful-stop 0.05;-0,35;0,26;-0,35;-11,94;0,05;0,51;-9,98;3,1;-0,77
short;True;short neat short · weak · bajista+incertidumbre · expo 0.1 · stop 15% · span 3.0% · venta 1.0–2.4% ·  · 5 monedas · graceful-stop 0.08;-0,49;-0,67;-0,67;-24,18;0,0;0,0;0,0;0,0;-7,39
short;True;short recursive short · lag_short · bajista+incertidumbre · expo 0.1 · stop sin stop · reentrada 2% ×0.8 · venta 1.0–2.4% ·  · 5 monedas · graceful-stop 0.05;-0,11;-0,53;-0,53;-16,54;-0,34;-4,09;-12,09;0,0;-4,33
short;True;short neat short · lag_short · bajista · expo 0.1 · stop 15% · span 3.0% · venta 1.0–2.4% ·  · 5 monedas · graceful-stop 0.08;0,57;0,05;0,05;-13,3;0,53;6,2;-7,67;9,4;3,39
short;True;short recursive short · weak · bajista · expo 0.1 · stop 15% · reentrada 2% ×0.8 · venta 1.0–2.4% ·  · 5 monedas · graceful-stop 0.08;-0,31;0,15;-0,31;-19,39;0,17;1,87;-9,77;9,4;-1,45
short;True;short recursive short · weak · bajista+incertidumbre · expo 0.1 · stop 15% · reentrada 2% ×0.8 · venta 1.0–2.4% ·  · 5 monedas · graceful-stop 0.08;-1,26;0,0;-1,26;-24,68;0,0;0,0;0,0;0,0;-7,94
short;True;short neat short · lag_short · bajista+incertidumbre · expo 0.1 · stop 15% · span 3.0% · venta 1.0–2.4% ·  · 5 monedas · graceful-stop 0.08;0,37;-0,08;-0,08;-15,82;0,42;4,61;-10,13;12,5;1,13
short;True;short recursive short · lag_short · bajista · expo 0.1 · stop 15% · reentrada 2% ×0.8 · venta 1.0–2.4% ·  · 5 monedas · graceful-stop 0.08;-0,27;-0,63;-0,63;-21,15;-0,11;-1,29;-4,35;0,0;-6,11
short;True;short neat short · weak · bajista · expo 0.1 · stop 15% · span 5.0% · venta 1.0–2.4% ·  · 5 monedas · graceful-stop 0.08;-0,93;0,0;-0,93;-24,72;0,0;0,0;0,0;0,0;-6,0
short;True;short recursive short · lag_short · bajista+incertidumbre · expo 0.1 · stop 15% · reentrada 2% ×0.8 · venta 1.0–2.4% ·  · 5 monedas · graceful-stop 0.08;-0,4;-0,29;-0,4;-21,04;-0,32;-3,97;-11,31;0,0;-4,9
short;True;short neat short · weak · bajista+incertidumbre · expo 0.1 · stop 15% · span 5.0% · venta 1.0–2.4% ·  · 5 monedas · graceful-stop 0.08;-1,23;0,0;-1,23;-24,64;0,0;0,0;0,0;0,0;-7,84
short;True;short neat short · lag_short · bajista+incertidumbre · expo 0.1 · stop 15% · span 5.0% · venta 1.0–2.4% ·  · 5 monedas · graceful-stop 0.08;-0,64;-0,4;-0,64;-23,6;-0,09;-1,12;-4,16;0,0;-7,3
short;True;short neat short · lag_short · bajista · expo 0.1 · stop 15% · span 5.0% · venta 1.0–2.4% ·  · 5 monedas · graceful-stop 0.08;-0,1;-0,26;-0,26;-15,53;-0,06;-1,17;-14,54;9,4;-2,91
short;True;short neat short · weak · bajista · expo 0.1 · stop sin stop · span 3.0% · venta 1.0–2.4% ·  · 5 monedas · graceful-stop 0.08;-0,73;0,0;-0,73;-24,56;0,0;0,0;0,0;0,0;-4,77
short;True;short recursive short · weak · bajista · expo 0.1 · stop 15% · reentrada 2% ×0.8 · venta 1.0–2.4% ·  · 5 monedas · graceful-stop 0.08;-0,36;0,3;-0,36;-13,48;-0,02;-0,36;-8,91;0,0;-0,62
short;True;short recursive short · lag_short · bajista · expo 0.1 · stop 15% · reentrada 2% ×0.8 · venta 1.0–2.4% ·  · 5 monedas · graceful-stop 0.08;0,05;-0,56;-0,56;-15,05;-0,38;-4,6;-12,13;0,0;-3,48
short;True;short recursive short · weak · bajista+incertidumbre · expo 0.1 · stop 15% · reentrada 2% ×0.8 · venta 1.0–2.4% ·  · 5 monedas · graceful-stop 0.08;-0,27;0,19;-0,27;-11,94;0,06;0,67;-10,28;3,1;-0,74
short;True;short neat short · weak · bajista+incertidumbre · expo 0.1 · stop sin stop · span 3.0% · venta 1.0–2.4% ·  · 5 monedas · graceful-stop 0.08;-0,49;-0,67;-0,67;-24,18;0,0;0,0;0,0;0,0;-7,39
short;True;short recursive short · lag_short · bajista+incertidumbre · expo 0.1 · stop 15% · reentrada 2% ×0.8 · venta 1.0–2.4% ·  · 5 monedas · graceful-stop 0.08;-0,09;-0,52;-0,52;-16,48;-0,33;-3,97;-11,78;0,0;-4,16
short;True;short neat short · lag_short · bajista · expo 0.1 · stop sin stop · span 3.0% · venta 1.0–2.4% ·  · 5 monedas · graceful-stop 0.08;0,57;0,05;0,05;-13,3;0,53;6,2;-7,67;9,4;3,39
short;True;short recursive short · weak · bajista · expo 0.1 · stop sin stop · reentrada 2% ×0.8 · venta 1.0–2.4% ·  · 5 monedas · graceful-stop 0.08;-0,31;0,15;-0,31;-19,39;0,17;1,87;-9,77;9,4;-1,45
short;True;short recursive short · weak · bajista+incertidumbre · expo 0.1 · stop sin stop · reentrada 2% ×0.8 · venta 1.0–2.4% ·  · 5 monedas · graceful-stop 0.08;-1,26;0,0;-1,26;-24,68;0,0;0,0;0,0;0,0;-7,94
short;True;short neat short · lag_short · bajista+incertidumbre · expo 0.1 · stop sin stop · span 3.0% · venta 1.0–2.4% ·  · 5 monedas · graceful-stop 0.08;0,37;-0,08;-0,08;-15,82;0,42;4,61;-10,13;12,5;1,13
short;True;short recursive short · lag_short · bajista · expo 0.1 · stop sin stop · reentrada 2% ×0.8 · venta 1.0–2.4% ·  · 5 monedas · graceful-stop 0.08;-0,27;-0,63;-0,63;-21,15;-0,11;-1,29;-4,35;0,0;-6,11
short;True;short neat short · weak · bajista · expo 0.1 · stop sin stop · span 5.0% · venta 1.0–2.4% ·  · 5 monedas · graceful-stop 0.08;-0,93;0,0;-0,93;-24,72;0,0;0,0;0,0;0,0;-6,0
short;True;short recursive short · lag_short · bajista+incertidumbre · expo 0.1 · stop sin stop · reentrada 2% ×0.8 · venta 1.0–2.4% ·  · 5 monedas · graceful-stop 0.08;-0,4;-0,29;-0,4;-21,04;-0,32;-3,97;-11,31;0,0;-4,9
short;True;short neat short · weak · bajista+incertidumbre · expo 0.1 · stop sin stop · span 5.0% · venta 1.0–2.4% ·  · 5 monedas · graceful-stop 0.08;-1,23;0,0;-1,23;-24,64;0,0;0,0;0,0;0,0;-7,84
short;True;short neat short · lag_short · bajista · expo 0.1 · stop sin stop · span 5.0% · venta 1.0–2.4% ·  · 5 monedas · graceful-stop 0.08;-0,1;-0,26;-0,26;-15,53;-0,06;-1,17;-14,54;9,4;-2,91
short;True;short neat short · weak · bajista · expo 0.1 · stop 15% · span 3.0% · venta 1.0–2.4% ·  · 8 monedas · graceful-stop 0.03;-0,77;0,0;-0,77;-24,1;0,0;0,0;0,0;0,0;-5,01
short;True;short neat short · lag_short · bajista+incertidumbre · expo 0.1 · stop sin stop · span 5.0% · venta 1.0–2.4% ·  · 5 monedas · graceful-stop 0.08;-0,64;-0,4;-0,64;-23,6;-0,09;-1,12;-4,16;0,0;-7,3
short;True;short recursive short · weak · bajista · expo 0.1 · stop sin stop · reentrada 2% ×0.8 · venta 1.0–2.4% ·  · 5 monedas · graceful-stop 0.08;-0,36;0,3;-0,36;-13,48;-0,02;-0,36;-8,91;0,0;-0,62
short;True;short recursive short · lag_short · bajista · expo 0.1 · stop sin stop · reentrada 2% ×0.8 · venta 1.0–2.4% ·  · 5 monedas · graceful-stop 0.08;0,05;-0,56;-0,56;-15,05;-0,38;-4,6;-12,13;0,0;-3,48
short;True;short recursive short · weak · bajista+incertidumbre · expo 0.1 · stop sin stop · reentrada 2% ×0.8 · venta 1.0–2.4% ·  · 5 monedas · graceful-stop 0.08;-0,27;0,19;-0,27;-11,94;0,06;0,67;-10,28;3,1;-0,74
short;True;short neat short · weak · bajista+incertidumbre · expo 0.1 · stop 15% · span 3.0% · venta 1.0–2.4% ·  · 8 monedas · graceful-stop 0.03;-1,3;0,0;-1,3;-24,61;0,0;0,0;0,0;0,0;-8,23
short;True;short recursive short · lag_short · bajista+incertidumbre · expo 0.1 · stop sin stop · reentrada 2% ×0.8 · venta 1.0–2.4% ·  · 5 monedas · graceful-stop 0.08;-0,09;-0,52;-0,52;-16,48;-0,33;-3,97;-11,78;0,0;-4,16
short;True;short recursive short · weak · bajista · expo 0.1 · stop 15% · reentrada 2% ×0.8 · venta 1.0–2.4% ·  · 8 monedas · graceful-stop 0.03;-0,98;0,0;-0,98;-24,73;0,0;0,0;0,0;0,0;-6,28
short;True;short neat short · lag_short · bajista+incertidumbre · expo 0.1 · stop 15% · span 3.0% · venta 1.0–2.4% ·  · 8 monedas · graceful-stop 0.03;-1,08;0,0;-1,08;-23,88;0,0;0,0;0,0;0,0;-7,52
short;True;short neat short · lag_short · bajista · expo 0.1 · stop 15% · span 3.0% · venta 1.0–2.4% ·  · 8 monedas · graceful-stop 0.03;0,38;-0,51;-0,51;-23,61;-0,02;-0,28;-0,74;0,0;-1,75
short;True;short recursive short · weak · bajista+incertidumbre · expo 0.1 · stop 15% · reentrada 2% ×0.8 · venta 1.0–2.4% ·  · 8 monedas · graceful-stop 0.03;-1,28;0,0;-1,28;-24,69;0,0;0,0;0,0;0,0;-8,21
short;True;short recursive short · lag_short · bajista+incertidumbre · expo 0.1 · stop 15% · reentrada 2% ×0.8 · venta 1.0–2.4% ·  · 8 monedas · graceful-stop 0.03;-1,23;0,0;-1,23;-24,31;0,0;0,0;0,0;0,0;-8,13
short;True;short recursive short · lag_short · bajista · expo 0.1 · stop 15% · reentrada 2% ×0.8 · venta 1.0–2.4% ·  · 8 monedas · graceful-stop 0.03;-0,55;-0,38;-0,55;-24,26;0,0;0,0;0,0;0,0;-6,29
short;True;short neat short · weak · bajista · expo 0.1 · stop 15% · span 5.0% · venta 1.0–2.4% ·  · 8 monedas · graceful-stop 0.03;-0,76;0,0;-0,76;-24,09;0,0;0,0;0,0;0,0;-4,97
short;True;short neat short · weak · bajista+incertidumbre · expo 0.1 · stop 15% · span 5.0% · venta 1.0–2.4% ·  · 8 monedas · graceful-stop 0.03;-1,28;0,0;-1,28;-24,65;0,0;0,0;0,0;0,0;-8,14
short;True;short neat short · lag_short · bajista+incertidumbre · expo 0.1 · stop 15% · span 5.0% · venta 1.0–2.4% ·  · 8 monedas · graceful-stop 0.03;-1,24;0,0;-1,24;-23,74;0,0;0,0;0,0;0,0;-7,99
short;True;short neat short · lag_short · bajista · expo 0.1 · stop 15% · span 5.0% · venta 1.0–2.4% ·  · 8 monedas · graceful-stop 0.03;-0,26;-0,41;-0,41;-22,73;-0,06;-0,72;-4,7;0,0;-4,92
short;True;short neat short · weak · bajista · expo 0.1 · stop sin stop · span 3.0% · venta 1.0–2.4% ·  · 8 monedas · graceful-stop 0.03;-0,77;0,0;-0,77;-24,1;0,0;0,0;0,0;0,0;-5,01
short;True;short neat short · weak · bajista+incertidumbre · expo 0.1 · stop sin stop · span 3.0% · venta 1.0–2.4% ·  · 8 monedas · graceful-stop 0.03;-1,3;0,0;-1,3;-24,61;0,0;0,0;0,0;0,0;-8,23
short;True;short recursive short · lag_short · bajista · expo 0.1 · stop 15% · reentrada 2% ×0.8 · venta 1.0–2.4% ·  · 8 monedas · graceful-stop 0.03;-0,1;-0,57;-0,57;-18,04;-0,26;-3,2;-8,82;0,0;-4,52
short;True;short recursive short · weak · bajista · expo 0.1 · stop 15% · reentrada 2% ×0.8 · venta 1.0–2.4% ·  · 8 monedas · graceful-stop 0.03;-0,35;0,39;-0,35;-14,95;-0,09;-1,2;-10,12;3,1;0,03
short;True;short neat short · lag_short · bajista+incertidumbre · expo 0.1 · stop sin stop · span 3.0% · venta 1.0–2.4% ·  · 8 monedas · graceful-stop 0.03;-1,08;0,0;-1,08;-23,88;0,0;0,0;0,0;0,0;-7,52
short;True;short neat short · lag_short · bajista · expo 0.1 · stop sin stop · span 3.0% · venta 1.0–2.4% ·  · 8 monedas · graceful-stop 0.03;0,38;-0,51;-0,51;-23,61;-0,02;-0,28;-0,74;0,0;-1,75
short;True;short recursive short · weak · bajista · expo 0.1 · stop sin stop · reentrada 2% ×0.8 · venta 1.0–2.4% ·  · 8 monedas · graceful-stop 0.03;-0,98;0,0;-0,98;-24,73;0,0;0,0;0,0;0,0;-6,28
short;True;short recursive short · weak · bajista+incertidumbre · expo 0.1 · stop sin stop · reentrada 2% ×0.8 · venta 1.0–2.4% ·  · 8 monedas · graceful-stop 0.03;-1,28;0,0;-1,28;-24,69;0,0;0,0;0,0;0,0;-8,21
short;True;short recursive short · weak · bajista+incertidumbre · expo 0.1 · stop 15% · reentrada 2% ×0.8 · venta 1.0–2.4% ·  · 8 monedas · graceful-stop 0.03;-0,92;0,37;-0,92;-23,26;0,04;0,36;-9,7;6,2;-3,91
short;True;short recursive short · lag_short · bajista+incertidumbre · expo 0.1 · stop 15% · reentrada 2% ×0.8 · venta 1.0–2.4% ·  · 8 monedas · graceful-stop 0.03;-0,35;-0,38;-0,38;-16,67;-0,32;-3,89;-12,0;3,1;-4,95
short;True;short neat short · weak · bajista · expo 0.1 · stop sin stop · span 5.0% · venta 1.0–2.4% ·  · 8 monedas · graceful-stop 0.03;-0,76;0,0;-0,76;-24,09;0,0;0,0;0,0;0,0;-4,97
short;True;short recursive short · lag_short · bajista · expo 0.1 · stop sin stop · reentrada 2% ×0.8 · venta 1.0–2.4% ·  · 8 monedas · graceful-stop 0.03;-0,55;-0,38;-0,55;-24,26;0,0;0,0;0,0;0,0;-6,29
short;True;short recursive short · lag_short · bajista+incertidumbre · expo 0.1 · stop sin stop · reentrada 2% ×0.8 · venta 1.0–2.4% ·  · 8 monedas · graceful-stop 0.03;-1,23;0,0;-1,23;-24,31;0,0;0,0;0,0;0,0;-8,13
short;True;short neat short · weak · bajista+incertidumbre · expo 0.1 · stop sin stop · span 5.0% · venta 1.0–2.4% ·  · 8 monedas · graceful-stop 0.03;-1,28;0,0;-1,28;-24,65;0,0;0,0;0,0;0,0;-8,14
short;True;short neat short · lag_short · bajista+incertidumbre · expo 0.1 · stop sin stop · span 5.0% · venta 1.0–2.4% ·  · 8 monedas · graceful-stop 0.03;-1,24;0,0;-1,24;-23,74;0,0;0,0;0,0;0,0;-7,99
short;True;short neat short · lag_short · bajista · expo 0.1 · stop sin stop · span 5.0% · venta 1.0–2.4% ·  · 8 monedas · graceful-stop 0.03;-0,26;-0,41;-0,41;-22,73;-0,06;-0,72;-4,7;0,0;-4,92
short;True;short neat short · weak · bajista · expo 0.1 · stop 15% · span 3.0% · venta 1.0–2.4% ·  · 8 monedas · graceful-stop 0.05;-0,67;0,0;-0,67;-24,14;0,0;0,0;0,0;0,0;-4,46
short;True;short neat short · weak · bajista+incertidumbre · expo 0.1 · stop 15% · span 3.0% · venta 1.0–2.4% ·  · 8 monedas · graceful-stop 0.05;-1,32;0,0;-1,32;-24,89;0,0;0,0;0,0;0,0;-8,34
short;True;short recursive short · lag_short · bajista · expo 0.1 · stop sin stop · reentrada 2% ×0.8 · venta 1.0–2.4% ·  · 8 monedas · graceful-stop 0.03;-0,1;-0,57;-0,57;-18,04;-0,26;-3,2;-8,82;0,0;-4,52
short;True;short neat short · lag_short · bajista · expo 0.1 · stop 15% · span 3.0% · venta 1.0–2.4% ·  · 8 monedas · graceful-stop 0.05;-0,41;0,0;-0,41;-24,26;0,0;0,0;0,0;0,0;-3,2
short;True;short recursive short · weak · bajista · expo 0.1 · stop sin stop · reentrada 2% ×0.8 · venta 1.0–2.4% ·  · 8 monedas · graceful-stop 0.03;-0,35;0,39;-0,35;-14,95;-0,09;-1,2;-10,12;3,1;0,03
short;True;short neat short · lag_short · bajista+incertidumbre · expo 0.1 · stop 15% · span 3.0% · venta 1.0–2.4% ·  · 8 monedas · graceful-stop 0.05;-0,98;0,0;-0,98;-22,56;0,0;0,0;0,0;0,0;-6,74
short;True;short recursive short · weak · bajista+incertidumbre · expo 0.1 · stop sin stop · reentrada 2% ×0.8 · venta 1.0–2.4% ·  · 8 monedas · graceful-stop 0.03;-0,92;0,37;-0,92;-23,26;0,04;0,36;-9,7;6,2;-3,91
short;True;short recursive short · weak · bajista · expo 0.1 · stop 15% · reentrada 2% ×0.8 · venta 1.0–2.4% ·  · 8 monedas · graceful-stop 0.05;-0,99;0,0;-0,99;-24,67;0,0;0,0;0,0;0,0;-6,32
short;True;short recursive short · weak · bajista+incertidumbre · expo 0.1 · stop 15% · reentrada 2% ×0.8 · venta 1.0–2.4% ·  · 8 monedas · graceful-stop 0.05;-1,28;0,0;-1,28;-24,57;0,0;0,0;0,0;0,0;-8,17
short;True;short recursive short · lag_short · bajista+incertidumbre · expo 0.1 · stop sin stop · reentrada 2% ×0.8 · venta 1.0–2.4% ·  · 8 monedas · graceful-stop 0.03;-0,35;-0,38;-0,38;-16,67;-0,32;-3,89;-12,0;3,1;-4,95
short;True;short recursive short · lag_short · bajista · expo 0.1 · stop 15% · reentrada 2% ×0.8 · venta 1.0–2.4% ·  · 8 monedas · graceful-stop 0.05;-0,47;-0,47;-0,47;-24,36;0,0;0,0;0,0;0,0;-6,4
short;True;short recursive short · lag_short · bajista+incertidumbre · expo 0.1 · stop 15% · reentrada 2% ×0.8 · venta 1.0–2.4% ·  · 8 monedas · graceful-stop 0.05;-1,25;0,0;-1,25;-24,48;0,0;0,0;0,0;0,0;-8,22
short;True;short neat short · weak · bajista · expo 0.1 · stop 15% · span 5.0% · venta 1.0–2.4% ·  · 8 monedas · graceful-stop 0.05;-0,75;0,0;-0,75;-24,61;0,0;0,0;0,0;0,0;-4,97
short;True;short neat short · weak · bajista+incertidumbre · expo 0.1 · stop 15% · span 5.0% · venta 1.0–2.4% ·  · 8 monedas · graceful-stop 0.05;-1,3;0,0;-1,3;-24,83;0,0;0,0;0,0;0,0;-8,21
short;True;short neat short · lag_short · bajista+incertidumbre · expo 0.1 · stop 15% · span 5.0% · venta 1.0–2.4% ·  · 8 monedas · graceful-stop 0.05;-1,27;0,0;-1,27;-24,87;0,0;0,0;0,0;0,0;-8,42
short;True;short neat short · lag_short · bajista · expo 0.1 · stop 15% · span 5.0% · venta 1.0–2.4% ·  · 8 monedas · graceful-stop 0.05;-0,4;-0,3;-0,4;-24,59;0,0;0,0;0,0;0,0;-5,29
short;True;short neat short · weak · bajista · expo 0.1 · stop sin stop · span 3.0% · venta 1.0–2.4% ·  · 8 monedas · graceful-stop 0.05;-0,67;0,0;-0,67;-24,14;0,0;0,0;0,0;0,0;-4,46
short;True;short neat short · lag_short · bajista · expo 0.1 · stop sin stop · span 3.0% · venta 1.0–2.4% ·  · 8 monedas · graceful-stop 0.05;-0,41;0,0;-0,41;-24,26;0,0;0,0;0,0;0,0;-3,2
short;True;short recursive short · weak · bajista · expo 0.1 · stop 15% · reentrada 2% ×0.8 · venta 1.0–2.4% ·  · 8 monedas · graceful-stop 0.05;-0,12;0,37;-0,12;-12,74;-0,08;-1,07;-8,89;0,0;1,38
short;True;short neat short · weak · bajista+incertidumbre · expo 0.1 · stop sin stop · span 3.0% · venta 1.0–2.4% ·  · 8 monedas · graceful-stop 0.05;-1,32;0,0;-1,32;-24,89;0,0;0,0;0,0;0,0;-8,34
short;True;short neat short · lag_short · bajista+incertidumbre · expo 0.1 · stop sin stop · span 3.0% · venta 1.0–2.4% ·  · 8 monedas · graceful-stop 0.05;-0,98;0,0;-0,98;-22,56;0,0;0,0;0,0;0,0;-6,74
short;True;short recursive short · lag_short · bajista · expo 0.1 · stop 15% · reentrada 2% ×0.8 · venta 1.0–2.4% ·  · 8 monedas · graceful-stop 0.05;-0,03;-0,51;-0,51;-16,03;-0,34;-4,07;-10,98;0,0;-3,74
short;True;short recursive short · weak · bajista+incertidumbre · expo 0.1 · stop 15% · reentrada 2% ×0.8 · venta 1.0–2.4% ·  · 8 monedas · graceful-stop 0.05;-0,77;0,35;-0,77;-21,23;-0,16;-2,15;-17,53;6,2;-3,08
short;True;short recursive short · weak · bajista · expo 0.1 · stop sin stop · reentrada 2% ×0.8 · venta 1.0–2.4% ·  · 8 monedas · graceful-stop 0.05;-0,99;0,0;-0,99;-24,67;0,0;0,0;0,0;0,0;-6,32
short;True;short recursive short · lag_short · bajista+incertidumbre · expo 0.1 · stop 15% · reentrada 2% ×0.8 · venta 1.0–2.4% ·  · 8 monedas · graceful-stop 0.05;-0,33;-0,3;-0,33;-16,08;-0,35;-4,16;-12,59;0,0;-4,39
short;True;short recursive short · weak · bajista+incertidumbre · expo 0.1 · stop sin stop · reentrada 2% ×0.8 · venta 1.0–2.4% ·  · 8 monedas · graceful-stop 0.05;-1,28;0,0;-1,28;-24,57;0,0;0,0;0,0;0,0;-8,17
short;True;short recursive short · lag_short · bajista+incertidumbre · expo 0.1 · stop sin stop · reentrada 2% ×0.8 · venta 1.0–2.4% ·  · 8 monedas · graceful-stop 0.05;-1,25;0,0;-1,25;-24,48;0,0;0,0;0,0;0,0;-8,22
short;True;short recursive short · lag_short · bajista · expo 0.1 · stop sin stop · reentrada 2% ×0.8 · venta 1.0–2.4% ·  · 8 monedas · graceful-stop 0.05;-0,47;-0,47;-0,47;-24,36;0,0;0,0;0,0;0,0;-6,4
short;True;short neat short · weak · bajista · expo 0.1 · stop sin stop · span 5.0% · venta 1.0–2.4% ·  · 8 monedas · graceful-stop 0.05;-0,75;0,0;-0,75;-24,61;0,0;0,0;0,0;0,0;-4,97
short;True;short neat short · weak · bajista+incertidumbre · expo 0.1 · stop sin stop · span 5.0% · venta 1.0–2.4% ·  · 8 monedas · graceful-stop 0.05;-1,3;0,0;-1,3;-24,83;0,0;0,0;0,0;0,0;-8,21
short;True;short neat short · lag_short · bajista · expo 0.1 · stop sin stop · span 5.0% · venta 1.0–2.4% ·  · 8 monedas · graceful-stop 0.05;-0,4;-0,3;-0,4;-24,59;0,0;0,0;0,0;0,0;-5,29
short;True;short neat short · weak · bajista · expo 0.1 · stop 15% · span 3.0% · venta 1.0–2.4% ·  · 8 monedas · graceful-stop 0.08;-0,66;0,0;-0,66;-24,01;0,0;0,0;0,0;0,0;-4,34
short;True;short neat short · lag_short · bajista+incertidumbre · expo 0.1 · stop sin stop · span 5.0% · venta 1.0–2.4% ·  · 8 monedas · graceful-stop 0.05;-1,27;0,0;-1,27;-24,87;0,0;0,0;0,0;0,0;-8,42
short;True;short neat short · weak · bajista+incertidumbre · expo 0.1 · stop 15% · span 3.0% · venta 1.0–2.4% ·  · 8 monedas · graceful-stop 0.08;-1,28;0,0;-1,28;-24,44;0,0;0,0;0,0;0,0;-8,17
short;True;short recursive short · lag_short · bajista · expo 0.1 · stop sin stop · reentrada 2% ×0.8 · venta 1.0–2.4% ·  · 8 monedas · graceful-stop 0.05;-0,03;-0,51;-0,51;-16,03;-0,34;-4,07;-10,98;0,0;-3,74
short;True;short neat short · lag_short · bajista · expo 0.1 · stop 15% · span 3.0% · venta 1.0–2.4% ·  · 8 monedas · graceful-stop 0.08;-0,29;0,0;-0,29;-23,75;0,0;0,0;0,0;0,0;-2,31
short;True;short recursive short · weak · bajista · expo 0.1 · stop sin stop · reentrada 2% ×0.8 · venta 1.0–2.4% ·  · 8 monedas · graceful-stop 0.05;-0,12;0,37;-0,12;-12,74;-0,08;-1,07;-8,89;0,0;1,38
short;True;short recursive short · lag_short · bajista+incertidumbre · expo 0.1 · stop sin stop · reentrada 2% ×0.8 · venta 1.0–2.4% ·  · 8 monedas · graceful-stop 0.05;-0,33;-0,3;-0,33;-16,08;-0,35;-4,16;-12,59;0,0;-4,39
short;True;short recursive short · weak · bajista · expo 0.1 · stop 15% · reentrada 2% ×0.8 · venta 1.0–2.4% ·  · 8 monedas · graceful-stop 0.08;-0,97;0,0;-0,97;-24,7;0,0;0,0;0,0;0,0;-6,22
short;True;short neat short · lag_short · bajista+incertidumbre · expo 0.1 · stop 15% · span 3.0% · venta 1.0–2.4% ·  · 8 monedas · graceful-stop 0.08;-0,95;0,0;-0,95;-24,04;0,0;0,0;0,0;0,0;-6,62
short;True;short recursive short · weak · bajista+incertidumbre · expo 0.1 · stop sin stop · reentrada 2% ×0.8 · venta 1.0–2.4% ·  · 8 monedas · graceful-stop 0.05;-0,77;0,35;-0,77;-21,23;-0,16;-2,15;-17,53;6,2;-3,08
short;True;short recursive short · weak · bajista+incertidumbre · expo 0.1 · stop 15% · reentrada 2% ×0.8 · venta 1.0–2.4% ·  · 8 monedas · graceful-stop 0.08;-1,29;0,0;-1,29;-24,91;0,0;0,0;0,0;0,0;-8,29
short;True;short recursive short · lag_short · bajista+incertidumbre · expo 0.1 · stop 15% · reentrada 2% ×0.8 · venta 1.0–2.4% ·  · 8 monedas · graceful-stop 0.08;-1,27;0,0;-1,27;-24,85;0,0;0,0;0,0;0,0;-8,4
short;True;short recursive short · lag_short · bajista · expo 0.1 · stop 15% · reentrada 2% ×0.8 · venta 1.0–2.4% ·  · 8 monedas · graceful-stop 0.08;-0,3;-0,59;-0,59;-24,65;0,0;0,0;0,0;0,0;-6,29
short;True;short neat short · weak · bajista · expo 0.1 · stop 15% · span 5.0% · venta 1.0–2.4% ·  · 8 monedas · graceful-stop 0.08;-0,86;0,0;-0,86;-24,48;0,0;0,0;0,0;0,0;-5,56
short;True;short neat short · weak · bajista+incertidumbre · expo 0.1 · stop 15% · span 5.0% · venta 1.0–2.4% ·  · 8 monedas · graceful-stop 0.08;-1,27;0,0;-1,27;-24,43;0,0;0,0;0,0;0,0;-8,06
short;True;short neat short · lag_short · bajista+incertidumbre · expo 0.1 · stop 15% · span 5.0% · venta 1.0–2.4% ·  · 8 monedas · graceful-stop 0.08;-1,3;0,0;-1,3;-24,64;0,0;0,0;0,0;0,0;-8,34
short;True;short neat short · lag_short · bajista · expo 0.1 · stop 15% · span 5.0% · venta 1.0–2.4% ·  · 8 monedas · graceful-stop 0.08;-0,41;-0,3;-0,41;-24,77;0,0;0,0;0,0;0,0;-5,36
short;True;short neat short · weak · bajista · expo 0.1 · stop sin stop · span 3.0% · venta 1.0–2.4% ·  · 8 monedas · graceful-stop 0.08;-0,66;0,0;-0,66;-24,01;0,0;0,0;0,0;0,0;-4,34
short;True;short neat short · lag_short · bajista · expo 0.1 · stop sin stop · span 3.0% · venta 1.0–2.4% ·  · 8 monedas · graceful-stop 0.08;-0,29;0,0;-0,29;-23,75;0,0;0,0;0,0;0,0;-2,31
short;True;short neat short · lag_short · bajista+incertidumbre · expo 0.1 · stop sin stop · span 3.0% · venta 1.0–2.4% ·  · 8 monedas · graceful-stop 0.08;-0,95;0,0;-0,95;-24,04;0,0;0,0;0,0;0,0;-6,62
short;True;short recursive short · lag_short · bajista · expo 0.1 · stop 15% · reentrada 2% ×0.8 · venta 1.0–2.4% ·  · 8 monedas · graceful-stop 0.08;-0,04;-0,48;-0,48;-15,75;-0,35;-4,22;-11,33;0,0;-3,64
short;True;short neat short · weak · bajista+incertidumbre · expo 0.1 · stop sin stop · span 3.0% · venta 1.0–2.4% ·  · 8 monedas · graceful-stop 0.08;-1,28;0,0;-1,28;-24,44;0,0;0,0;0,0;0,0;-8,17
short;True;short recursive short · weak · bajista · expo 0.1 · stop 15% · reentrada 2% ×0.8 · venta 1.0–2.4% ·  · 8 monedas · graceful-stop 0.08;0,02;0,21;0,02;-13,19;-0,27;-3,35;-13,95;0,0;1,3
short;True;short recursive short · weak · bajista+incertidumbre · expo 0.1 · stop 15% · reentrada 2% ×0.8 · venta 1.0–2.4% ·  · 8 monedas · graceful-stop 0.08;-0,7;0,17;-0,7;-22,96;-0,47;-5,62;-16,38;0,0;-3,75
short;True;short recursive short · weak · bajista · expo 0.1 · stop sin stop · reentrada 2% ×0.8 · venta 1.0–2.4% ·  · 8 monedas · graceful-stop 0.08;-0,97;0,0;-0,97;-24,7;0,0;0,0;0,0;0,0;-6,22
short;True;short recursive short · weak · bajista+incertidumbre · expo 0.1 · stop sin stop · reentrada 2% ×0.8 · venta 1.0–2.4% ·  · 8 monedas · graceful-stop 0.08;-1,29;0,0;-1,29;-24,91;0,0;0,0;0,0;0,0;-8,29
dca;False;DCA BTC/ETH 100k$/año;0,05;0,86;0,05;-24,13;1,02;7,37;-44,52;40,6;5,12
short;True;short recursive short · lag_short · bajista+incertidumbre · expo 0.1 · stop 15% · reentrada 2% ×0.8 · venta 1.0–2.4% ·  · 8 monedas · graceful-stop 0.08;-0,29;-0,47;-0,47;-19,43;-0,24;-2,87;-9,58;0,0;-5,21
short;True;short recursive short · lag_short · bajista+incertidumbre · expo 0.1 · stop sin stop · reentrada 2% ×0.8 · venta 1.0–2.4% ·  · 8 monedas · graceful-stop 0.08;-1,27;0,0;-1,27;-24,85;0,0;0,0;0,0;0,0;-8,4
short;True;short neat short · weak · bajista · expo 0.1 · stop sin stop · span 5.0% · venta 1.0–2.4% ·  · 8 monedas · graceful-stop 0.08;-0,86;0,0;-0,86;-24,48;0,0;0,0;0,0;0,0;-5,56
short;True;short recursive short · lag_short · bajista · expo 0.1 · stop sin stop · reentrada 2% ×0.8 · venta 1.0–2.4% ·  · 8 monedas · graceful-stop 0.08;-0,3;-0,59;-0,59;-24,65;0,0;0,0;0,0;0,0;-6,29
short;True;short neat short · weak · bajista+incertidumbre · expo 0.1 · stop sin stop · span 5.0% · venta 1.0–2.4% ·  · 8 monedas · graceful-stop 0.08;-1,27;0,0;-1,27;-24,43;0,0;0,0;0,0;0,0;-8,06
short;True;short neat short · lag_short · bajista+incertidumbre · expo 0.1 · stop sin stop · span 5.0% · venta 1.0–2.4% ·  · 8 monedas · graceful-stop 0.08;-1,3;0,0;-1,3;-24,64;0,0;0,0;0,0;0,0;-8,34
short;True;short neat short · lag_short · bajista · expo 0.1 · stop sin stop · span 5.0% · venta 1.0–2.4% ·  · 8 monedas · graceful-stop 0.08;-0,41;-0,3;-0,41;-24,77;0,0;0,0;0,0;0,0;-5,36
short;True;short recursive short · lag_short · bajista · expo 0.1 · stop sin stop · reentrada 2% ×0.8 · venta 1.0–2.4% ·  · 8 monedas · graceful-stop 0.08;-0,04;-0,48;-0,48;-15,75;-0,35;-4,22;-11,33;0,0;-3,64
short;True;short recursive short · weak · bajista · expo 0.1 · stop sin stop · reentrada 2% ×0.8 · venta 1.0–2.4% ·  · 8 monedas · graceful-stop 0.08;0,02;0,21;0,02;-13,19;-0,27;-3,35;-13,95;0,0;1,3
short;True;short recursive short · weak · bajista+incertidumbre · expo 0.1 · stop sin stop · reentrada 2% ×0.8 · venta 1.0–2.4% ·  · 8 monedas · graceful-stop 0.08;-0,7;0,17;-0,7;-22,96;-0,47;-5,62;-16,38;0,0;-3,75
short;True;short recursive short · lag_short · bajista+incertidumbre · expo 0.1 · stop sin stop · reentrada 2% ×0.8 · venta 1.0–2.4% ·  · 8 monedas · graceful-stop 0.08;-0,29;-0,47;-0,47;-19,43;-0,24;-2,87;-9,58;0,0;-5,21
macro_short;False;SUB5 macro-corto SUB5_m20_x3_s20;0,46;0,27;0,27;-7,46;0,0;0,0;0,0;0,0;4,48
macro_short;False;SUB5 macro-corto SUB5_m20_x3_s35;0,46;0,27;0,27;-7,46;0,0;0,0;0,0;0,0;4,48
macro_short;False;SUB5 macro-corto SUB5_m20_x7_s20;1,11;0,08;0,08;-17,84;0,0;0,0;0,0;0,0;7,2
macro_short;False;SUB5 macro-corto SUB5_m20_x7_s35;1,11;0,08;0,08;-17,84;0,0;0,0;0,0;0,0;7,2
macro_short;False;SUB5 macro-corto SUB5_m30_x3_s20;0,6;0,32;0,32;-6,8;0,0;0,0;0,0;0,0;5,79
macro_short;False;SUB5 macro-corto SUB5_m30_x3_s35;0,6;0,32;0,32;-6,8;0,0;0,0;0,0;0,0;5,79
macro_short;False;SUB5 macro-corto SUB5_m30_x7_s20;1,41;0,25;0,25;-17,49;0,0;0,0;0,0;0,0;10,32
macro_short;False;SUB5 macro-corto SUB5_m40_x3_s20;0,69;0,38;0,38;-6,08;0,0;0,0;0,0;0,0;6,71
macro_short;False;SUB5 macro-corto SUB5_m40_x3_s35;0,69;0,38;0,38;-6,08;0,0;0,0;0,0;0,0;6,71
macro_short;False;SUB5 macro-corto SUB5_m40_x7_s20;1,6;-0,04;-0,04;-20,25;0,0;0,0;0,0;0,0;9,3
macro_short;False;SUB5 macro-corto SUB5_m40_x7_s35;1,6;-0,04;-0,04;-20,25;0,0;0,0;0,0;0,0;9,3
scalper;False;scalper neat long · scalper · lateral · expo 0.1 · stop 3% · span 1.5% · venta 1.0–2.4%;-0,13;-0,4;-0,4;-12,3;-0,52;-6,12;-15,97;0,0;-3,3
scalper;False;scalper neat long · scalper · lateral · expo 0.1 · stop 3% · span 1.5% · venta 0.5–1.5%;-0,29;-0,25;-0,29;-11,61;-0,44;-5,18;-14,27;0,0;-3,39
scalper;False;scalper neat long · scalper · lateral · expo 0.1 · stop 3% · span 1.5% · venta 2.0–4.0%;-0,1;-0,33;-0,33;-12,7;-0,16;-1,96;-11,59;0,0;-2,71
scalper;False;scalper neat long · scalper · lateral · expo 0.1 · stop 3% · span 2.5% · venta 0.5–1.5%;-0,39;-0,46;-0,46;-16,61;-0,34;-4,08;-10,62;0,0;-5,25
scalper;False;scalper neat long · scalper · lateral · expo 0.1 · stop 3% · span 2.5% · venta 1.0–2.4%;-0,29;-0,46;-0,46;-15,23;-0,39;-4,68;-12,1;0,0;-4,65
scalper;False;scalper neat long · scalper · lateral · expo 0.1 · stop 3% · span 2.5% · venta 2.0–4.0%;-0,12;-0,43;-0,43;-13,06;-0,2;-2,54;-8,28;0,0;-3,47
scalper;False;scalper neat long · scalper · lateral · expo 0.1 · stop 5% · span 1.5% · venta 0.5–1.5%;-0,56;-0,53;-0,56;-21,39;-0,17;-2,06;-6,05;0,0;-6,79
scalper;False;scalper neat long · scalper · lateral · expo 0.1 · stop 3% · span 5.0% · venta 0.5–1.5%;-0,21;-0,33;-0,33;-11,04;-0,39;-4,58;-12,76;0,0;-3,4
scalper;False;scalper neat long · scalper · lateral · expo 0.1 · stop 3% · span 5.0% · venta 1.0–2.4%;-0,28;-0,36;-0,36;-12,97;-0,35;-4,2;-11,71;0,0;-3,99
scalper;False;scalper neat long · scalper · lateral · expo 0.1 · stop 3% · span 5.0% · venta 2.0–4.0%;-0,2;-0,42;-0,42;-12,56;-0,36;-4,28;-12,26;0,0;-3,89
scalper;False;scalper neat long · scalper · lateral · expo 0.1 · stop 5% · span 1.5% · venta 1.0–2.4%;-0,41;-0,74;-0,74;-22,07;-0,13;-1,67;-7,33;3,1;-7,19
scalper;False;scalper neat long · scalper · lateral · expo 0.1 · stop 5% · span 1.5% · venta 2.0–4.0%;-0,33;-0,64;-0,64;-22,65;-0,14;-1,74;-9,12;3,1;-6,1
scalper;False;scalper neat long · scalper · lateral · expo 0.1 · stop 5% · span 2.5% · venta 0.5–1.5%;-0,43;-0,61;-0,61;-20,07;-0,21;-2,52;-6,7;0,0;-6,48
scalper;False;scalper neat long · scalper · lateral · expo 0.1 · stop 5% · span 2.5% · venta 2.0–4.0%;-0,34;-0,63;-0,63;-20,01;-0,2;-2,52;-9,05;0,0;-6,05
scalper;False;scalper neat long · scalper · lateral · expo 0.1 · stop 5% · span 2.5% · venta 1.0–2.4%;-0,32;-0,67;-0,67;-19,77;-0,23;-2,78;-8,27;0,0;-6,13
scalper;False;scalper neat long · scalper · lateral · expo 0.1 · stop 5% · span 5.0% · venta 1.0–2.4%;-0,32;-0,61;-0,61;-18,54;-0,28;-3,44;-11,03;0,0;-5,76
scalper;False;scalper neat long · scalper · lateral · expo 0.1 · stop 5% · span 5.0% · venta 0.5–1.5%;-0,26;-0,35;-0,35;-12,32;-0,47;-5,6;-16,61;0,0;-3,85
scalper;False;scalper neat long · scalper · lateral · expo 0.1 · stop 5% · span 5.0% · venta 2.0–4.0%;-0,15;-0,75;-0,75;-19,23;-0,23;-2,83;-7,6;0,0;-5,63
scalper;False;scalper neat long · scalper · lateral · expo 0.1 · stop 8% · span 1.5% · venta 1.0–2.4%;-0,33;-0,98;-0,98;-24,97;0,0;0,0;0,0;0,0;-8,24
scalper;False;scalper neat long · scalper · lateral · expo 0.1 · stop 8% · span 1.5% · venta 2.0–4.0%;-0,24;-0,76;-0,76;-22,94;-0,15;-1,79;-5,02;0,0;-6,37
scalper;False;scalper neat long · scalper · lateral · expo 0.1 · stop 8% · span 2.5% · venta 1.0–2.4%;-0,31;-0,8;-0,8;-21,58;-0,14;-1,69;-6,33;0,0;-6,9
scalper;False;scalper neat long · scalper · lateral · expo 0.1 · stop 8% · span 2.5% · venta 0.5–1.5%;-0,27;-0,82;-0,82;-20,88;-0,17;-2,12;-6,84;0,0;-6,72
scalper;False;scalper neat long · scalper · lateral · expo 0.1 · stop 12% · span 1.5% · venta 0.5–1.5%;-0,7;-0,62;-0,7;-24,75;0,0;0,0;0,0;0,0;-8,3
scalper;False;scalper neat long · scalper · lateral · expo 0.1 · stop 8% · span 5.0% · venta 0.5–1.5%;-0,2;-0,57;-0,57;-15,94;-0,37;-4,44;-13,89;0,0;-4,83
scalper;False;scalper neat long · scalper · lateral · expo 0.1 · stop 8% · span 5.0% · venta 2.0–4.0%;-0,21;-0,71;-0,71;-20,15;-0,18;-2,22;-7,83;0,0;-5,83
scalper;False;scalper neat long · scalper · lateral · expo 0.1 · stop 8% · span 5.0% · venta 1.0–2.4%;-0,24;-0,7;-0,7;-19,88;-0,23;-2,85;-10,5;0,0;-5,86
scalper;False;scalper neat long · scalper · lateral · expo 0.1 · stop 12% · span 1.5% · venta 2.0–4.0%;-0,58;-0,66;-0,66;-24,7;0,0;0,0;0,0;0,0;-8,14
scalper;False;scalper neat long · scalper · lateral · expo 0.1 · stop 12% · span 2.5% · venta 1.0–2.4%;-0,41;-0,87;-0,87;-24,12;0,0;0,0;0,0;0,0;-7,96
scalper;False;scalper neat long · scalper · lateral · expo 0.1 · stop 12% · span 2.5% · venta 2.0–4.0%;-0,52;-0,72;-0,72;-24,28;0,0;0,0;0,0;0,0;-7,92
scalper;False;scalper neat long · scalper · lateral · expo 0.1 · stop 12% · span 5.0% · venta 1.0–2.4%;-0,33;-0,9;-0,9;-24,96;0,0;0,0;0,0;0,0;-7,62
scalper;False;scalper neat long · scalper · lateral · expo 0.1 · stop 12% · span 5.0% · venta 0.5–1.5%;-0,25;-0,63;-0,63;-20,2;-0,24;-2,93;-10,17;0,0;-5,45
scalper;False;scalper neat long · scalper · lateral · expo 0.1 · stop 12% · span 5.0% · venta 2.0–4.0%;-0,3;-0,78;-0,78;-24,24;0,0;0,0;0,0;0,0;-6,86
scalper;False;scalper neat long · scalper · lateral · expo 0.1 · stop sin stop · span 1.5% · venta 0.5–1.5%;-0,54;-0,78;-0,78;-24,79;0,0;0,0;0,0;0,0;-8,32
scalper;False;scalper neat long · scalper · lateral · expo 0.1 · stop sin stop · span 1.5% · venta 2.0–4.0%;-1,07;-0,01;-1,07;-23,53;0,0;0,0;0,0;0,0;-7,16
scalper;False;scalper neat long · scalper · lateral · expo 0.1 · stop sin stop · span 2.5% · venta 0.5–1.5%;-0,32;-0,92;-0,92;-24,82;0,0;0,0;0,0;0,0;-7,72
scalper;False;scalper neat long · scalper · lateral · expo 0.1 · stop sin stop · span 5.0% · venta 2.0–4.0%;-0,24;-0,77;-0,77;-24,55;0,0;0,0;0,0;0,0;-6,43
scalper;False;scalper neat long · scalper · lateral · expo 0.1 · stop sin stop · span 2.5% · venta 2.0–4.0%;-0,48;-0,71;-0,71;-24,31;0,0;0,0;0,0;0,0;-7,69
scalper;False;scalper neat long · scalper · lateral · expo 0.1 · stop sin stop · span 2.5% · venta 1.0–2.4%;-0,29;-0,87;-0,87;-24,84;0,0;0,0;0,0;0,0;-7,25
scalper;False;scalper neat long · scalper · lateral · expo 0.1 · stop sin stop · span 5.0% · venta 0.5–1.5%;-0,23;-1,07;-1,07;-24,94;0,0;0,0;0,0;0,0;-8,06
scalper;False;scalper neat long · scalper · lateral · expo 0.1 · stop sin stop · span 5.0% · venta 1.0–2.4%;-0,37;-0,88;-0,88;-24,77;0,0;0,0;0,0;0,0;-7,87
scalper;False;scalper neat long · scalper · lateral · expo 0.2 · stop 3% · span 1.5% · venta 1.0–2.4%;-0,26;-0,73;-0,73;-22,56;-0,19;-2,34;-7,32;0,0;-6,2
scalper;False;scalper neat long · scalper · lateral · expo 0.2 · stop 3% · span 1.5% · venta 2.0–4.0%;-0,18;-0,58;-0,58;-22,9;-0,23;-2,83;-7,96;0,0;-4,93
scalper;False;scalper neat long · scalper · lateral · expo 0.2 · stop 3% · span 2.5% · venta 0.5–1.5%;-0,91;-0,44;-0,91;-24,96;0,0;0,0;0,0;0,0;-8,39
scalper;False;scalper neat long · scalper · lateral · expo 0.2 · stop 3% · span 2.5% · venta 1.0–2.4%;-0,52;-0,81;-0,81;-24,64;0,0;0,0;0,0;0,0;-8,19
scalper;False;scalper neat long · scalper · lateral · expo 0.2 · stop 3% · span 2.5% · venta 2.0–4.0%;-0,3;-0,93;-0,93;-24,77;0,0;0,0;0,0;0,0;-7,76
scalper;False;scalper neat long · scalper · lateral · expo 0.2 · stop 3% · span 5.0% · venta 0.5–1.5%;-0,43;-0,55;-0,55;-19,24;-0,27;-3,27;-10,1;0,0;-6,07
scalper;False;scalper neat long · scalper · lateral · expo 0.2 · stop 3% · span 5.0% · venta 1.0–2.4%;-0,5;-0,77;-0,77;-24,57;-0,05;-0,66;-3,78;0,0;-7,87
scalper;False;scalper neat long · scalper · lateral · expo 0.2 · stop 3% · span 5.0% · venta 2.0–4.0%;-0,44;-0,79;-0,79;-23,81;-0,06;-0,74;-4,73;0,0;-7,7
scalper;False;scalper neat long · scalper · lateral · expo 0.2 · stop 5% · span 1.5% · venta 1.0–2.4%;-0,76;-0,52;-0,76;-24,93;0,0;0,0;0,0;0,0;-8,22
scalper;False;scalper neat long · scalper · lateral · expo 0.2 · stop 5% · span 1.5% · venta 2.0–4.0%;-0,5;-0,49;-0,5;-24,4;0,0;0,0;0,0;0,0;-6,5
scalper;False;scalper neat long · scalper · lateral · expo 0.2 · stop 5% · span 2.5% · venta 0.5–1.5%;-1,17;-0,13;-1,17;-24,77;0,0;0,0;0,0;0,0;-8,32
scalper;False;scalper neat long · scalper · lateral · expo 0.2 · stop 5% · span 2.5% · venta 2.0–4.0%;-0,75;-0,47;-0,75;-24,38;0,0;0,0;0,0;0,0;-7,96
scalper;False;scalper neat long · scalper · lateral · expo 0.2 · stop 5% · span 5.0% · venta 2.0–4.0%;-0,26;-0,85;-0,85;-24,69;0,0;0,0;0,0;0,0;-7,09
scalper;False;scalper neat long · scalper · lateral · expo 0.2 · stop 8% · span 1.5% · venta 1.0–2.4%;-0,96;-0,19;-0,96;-24,25;0,0;0,0;0,0;0,0;-7,75
scalper;False;scalper neat long · scalper · lateral · expo 0.2 · stop 8% · span 1.5% · venta 2.0–4.0%;-0,77;-0,33;-0,77;-24,55;0,0;0,0;0,0;0,0;-7,47
scalper;False;scalper neat long · scalper · lateral · expo 0.2 · stop 8% · span 2.5% · venta 0.5–1.5%;-0,48;-0,76;-0,76;-23,81;0,0;0,0;0,0;0,0;-7,87
scalper;False;scalper neat long · scalper · lateral · expo 0.2 · stop 8% · span 2.5% · venta 2.0–4.0%;-1,21;-0,0;-1,21;-24,72;0,0;0,0;0,0;0,0;-8,17
scalper;False;scalper neat long · scalper · lateral · expo 0.2 · stop 8% · span 2.5% · venta 1.0–2.4%;-0,51;-0,72;-0,72;-24,15;0,0;0,0;0,0;0,0;-7,98
scalper;False;scalper neat long · scalper · lateral · expo 0.2 · stop 8% · span 5.0% · venta 1.0–2.4%;-0,27;-0,88;-0,88;-24,84;0,0;0,0;0,0;0,0;-7,35
scalper;False;scalper neat long · scalper · lateral · expo 0.2 · stop 8% · span 5.0% · venta 2.0–4.0%;-0,15;-0,87;-0,87;-24,66;0,0;0,0;0,0;0,0;-6,71
scalper;False;scalper neat long · scalper · lateral · expo 0.2 · stop 12% · span 1.5% · venta 2.0–4.0%;-0,46;-0,19;-0,46;-22,45;0,0;0,0;0,0;0,0;-4,91
scalper;False;scalper neat long · scalper · lateral · expo 0.2 · stop 12% · span 2.5% · venta 0.5–1.5%;-0,65;-0,46;-0,65;-24,95;0,0;0,0;0,0;0,0;-7,43
scalper;False;scalper neat long · scalper · lateral · expo 0.2 · stop 12% · span 2.5% · venta 2.0–4.0%;-1,02;0,0;-1,02;-22,95;0,0;0,0;0,0;0,0;-6,83
scalper;False;scalper neat long · scalper · lateral · expo 0.2 · stop 12% · span 2.5% · venta 1.0–2.4%;-0,82;-0,2;-0,82;-24,43;0,0;0,0;0,0;0,0;-7,09
scalper;False;scalper neat long · scalper · lateral · expo 0.2 · stop 12% · span 5.0% · venta 0.5–1.5%;-0,26;-0,88;-0,88;-24,83;0,0;0,0;0,0;0,0;-7,17
scalper;False;scalper neat long · scalper · lateral · expo 0.2 · stop 12% · span 5.0% · venta 1.0–2.4%;-0,7;-0,3;-0,7;-24,72;0,0;0,0;0,0;0,0;-6,71
scalper;False;scalper neat long · scalper · lateral · expo 0.2 · stop 12% · span 5.0% · venta 2.0–4.0%;-0,58;-0,2;-0,58;-24,01;0,0;0,0;0,0;0,0;-5,49
scalper;False;scalper neat long · scalper · lateral · expo 0.2 · stop sin stop · span 1.5% · venta 0.5–1.5%;-1,2;-0,01;-1,2;-24,28;0,0;0,0;0,0;0,0;-8,03
scalper;False;scalper neat long · scalper · lateral · expo 0.2 · stop sin stop · span 1.5% · venta 1.0–2.4%;-0,85;0,0;-0,85;-24,23;0,0;0,0;0,0;0,0;-5,85
scalper;False;scalper neat long · scalper · lateral · expo 0.2 · stop sin stop · span 2.5% · venta 1.0–2.4%;-0,46;-0,21;-0,46;-23,85;0,0;0,0;0,0;0,0;-4,91
scalper;False;scalper neat long · scalper · lateral · expo 0.2 · stop sin stop · span 2.5% · venta 0.5–1.5%;-0,61;-0,4;-0,61;-24,5;0,0;0,0;0,0;0,0;-6,92
scalper;False;scalper neat long · scalper · lateral · expo 0.2 · stop sin stop · span 1.5% · venta 2.0–4.0%;-0,34;-0,42;-0,42;-24,64;0,0;0,0;0,0;0,0;-5,6
scalper;False;scalper neat long · scalper · lateral · expo 0.2 · stop sin stop · span 5.0% · venta 1.0–2.4%;-0,76;-0,36;-0,76;-24,78;0,0;0,0;0,0;0,0;-7,37
scalper;False;scalper neat long · scalper · lateral · expo 0.2 · stop sin stop · span 5.0% · venta 0.5–1.5%;-0,38;-0,82;-0,82;-24,88;0,0;0,0;0,0;0,0;-7,66
scalper;False;scalper neat long · scalper · lateral · expo 0.2 · stop sin stop · span 2.5% · venta 2.0–4.0%;-0,58;-0,46;-0,58;-24,88;0,0;0,0;0,0;0,0;-7,2
scalper;False;scalper neat long · scalper · lateral · expo 0.2 · stop sin stop · span 5.0% · venta 2.0–4.0%;-0,45;0,09;-0,45;-23,78;0,0;0,0;0,0;0,0;-3,16
scalper;False;scalper neat long · scalper · lateral · expo 0.28 · stop 3% · span 2.5% · venta 2.0–4.0%;-0,23;-0,81;-0,81;-24,3;0,0;0,0;0,0;0,0;-6,87
scalper;False;scalper neat long · scalper · lateral · expo 0.28 · stop 3% · span 2.5% · venta 1.0–2.4%;-0,75;-0,55;-0,75;-24,53;0,0;0,0;0,0;0,0;-8,1
scalper;False;scalper neat long · scalper · lateral · expo 0.28 · stop 3% · span 2.5% · venta 0.5–1.5%;-0,99;-0,33;-0,99;-24,77;0,0;0,0;0,0;0,0;-8,29
scalper;False;scalper neat long · scalper · lateral · expo 0.28 · stop 3% · span 1.5% · venta 2.0–4.0%;-0,14;-0,82;-0,82;-24,61;0,0;0,0;0,0;0,0;-6,18
scalper;False;scalper neat long · scalper · lateral · expo 0.28 · stop 3% · span 5.0% · venta 0.5–1.5%;-0,56;-0,81;-0,81;-25,0;0,0;0,0;0,0;0,0;-8,45
scalper;False;scalper neat long · scalper · lateral · expo 0.28 · stop 3% · span 5.0% · venta 1.0–2.4%;-0,86;-0,48;-0,86;-24,91;0,0;0,0;0,0;0,0;-8,42
scalper;False;scalper neat long · scalper · lateral · expo 0.28 · stop 5% · span 1.5% · venta 2.0–4.0%;-0,58;-0,24;-0,58;-24,16;0,0;0,0;0,0;0,0;-5,73
scalper;False;scalper neat long · scalper · lateral · expo 0.28 · stop 5% · span 1.5% · venta 1.0–2.4%;-1,02;-0,18;-1,02;-24,84;0,0;0,0;0,0;0,0;-7,97
scalper;False;scalper neat long · scalper · lateral · expo 0.28 · stop 5% · span 2.5% · venta 0.5–1.5%;-1,12;-0,09;-1,12;-24,71;0,0;0,0;0,0;0,0;-7,99
scalper;False;scalper neat long · scalper · lateral · expo 0.28 · stop 5% · span 2.5% · venta 2.0–4.0%;-0,88;-0,26;-0,88;-24,09;0,0;0,0;0,0;0,0;-7,74
scalper;False;scalper neat long · scalper · lateral · expo 0.28 · stop 8% · span 1.5% · venta 0.5–1.5%;-1,25;0,0;-1,25;-24,54;0,0;0,0;0,0;0,0;-8,09
scalper;False;scalper neat long · scalper · lateral · expo 0.28 · stop 5% · span 5.0% · venta 2.0–4.0%;-0,3;-0,7;-0,7;-24,49;0,0;0,0;0,0;0,0;-6,52
scalper;False;scalper neat long · scalper · lateral · expo 0.28 · stop 5% · span 5.0% · venta 0.5–1.5%;-0,62;-0,73;-0,73;-24,94;0,0;0,0;0,0;0,0;-8,43
scalper;False;scalper neat long · scalper · lateral · expo 0.28 · stop 8% · span 2.5% · venta 1.0–2.4%;-0,79;-0,08;-0,79;-21,39;0,0;0,0;0,0;0,0;-6,22
scalper;False;scalper neat long · scalper · lateral · expo 0.28 · stop 8% · span 1.5% · venta 2.0–4.0%;-0,36;-0,26;-0,36;-24,92;0,0;0,0;0,0;0,0;-4,94
scalper;False;scalper neat long · scalper · lateral · expo 0.28 · stop 8% · span 2.5% · venta 0.5–1.5%;-0,93;-0,26;-0,93;-24,27;0,0;0,0;0,0;0,0;-7,98
scalper;False;scalper neat long · scalper · lateral · expo 0.28 · stop 8% · span 2.5% · venta 2.0–4.0%;-1,05;-0,13;-1,05;-24,9;0,0;0,0;0,0;0,0;-8,37
scalper;False;scalper neat long · scalper · lateral · expo 0.28 · stop 8% · span 5.0% · venta 0.5–1.5%;-0,37;-0,87;-0,87;-24,09;0,0;0,0;0,0;0,0;-7,87
scalper;False;scalper neat long · scalper · lateral · expo 0.28 · stop 8% · span 5.0% · venta 1.0–2.4%;-0,65;-0,38;-0,65;-24,7;0,0;0,0;0,0;0,0;-6,89
scalper;False;scalper neat long · scalper · lateral · expo 0.28 · stop 8% · span 5.0% · venta 2.0–4.0%;0,02;-0,71;-0,71;-24,6;0,0;0,0;0,0;0,0;-4,98
scalper;False;scalper neat long · scalper · lateral · expo 0.28 · stop 12% · span 1.5% · venta 1.0–2.4%;-0,86;0,0;-0,86;-23,98;0,0;0,0;0,0;0,0;-6,3
scalper;False;scalper neat long · scalper · lateral · expo 0.28 · stop 12% · span 2.5% · venta 1.0–2.4%;-0,45;-0,01;-0,45;-23,47;0,0;0,0;0,0;0,0;-3,97
scalper;False;scalper neat long · scalper · lateral · expo 0.28 · stop 12% · span 2.5% · venta 0.5–1.5%;-0,57;-0,43;-0,57;-24,79;0,0;0,0;0,0;0,0;-7,07
scalper;False;scalper neat long · scalper · lateral · expo 0.28 · stop 12% · span 1.5% · venta 2.0–4.0%;-0,32;0,27;-0,32;-23,96;0,0;0,0;0,0;0,0;-2,12
scalper;False;scalper neat long · scalper · lateral · expo 0.28 · stop 12% · span 2.5% · venta 2.0–4.0%;-0,46;0,01;-0,46;-22,98;0,0;0,0;0,0;0,0;-4,07
scalper;False;scalper neat long · scalper · lateral · expo 0.28 · stop sin stop · span 1.5% · venta 0.5–1.5%;-1,22;0,0;-1,22;-24,72;0,0;0,0;0,0;0,0;-8,03
scalper;False;scalper neat long · scalper · lateral · expo 0.28 · stop 12% · span 5.0% · venta 0.5–1.5%;-0,45;-0,48;-0,48;-23,4;0,0;0,0;0,0;0,0;-6,14
scalper;False;scalper neat long · scalper · lateral · expo 0.28 · stop sin stop · span 1.5% · venta 2.0–4.0%;-0,15;0,0;-0,15;-24,43;0,0;0,0;0,0;0,0;-2,11
scalper;False;scalper neat long · scalper · lateral · expo 0.28 · stop sin stop · span 2.5% · venta 0.5–1.5%;-0,63;-0,2;-0,63;-24,1;0,0;0,0;0,0;0,0;-6,24
scalper;False;scalper neat long · scalper · lateral · expo 0.28 · stop sin stop · span 2.5% · venta 2.0–4.0%;-0,63;0,0;-0,63;-23,99;0,0;0,0;0,0;0,0;-4,91
scalper;False;scalper neat long · scalper · lateral · expo 0.28 · stop sin stop · span 5.0% · venta 1.0–2.4%;-1,02;0,0;-1,02;-24,24;0,0;0,0;0,0;0,0;-6,76
scalper;False;scalper neat long · scalper · lateral · expo 0.28 · stop sin stop · span 5.0% · venta 0.5–1.5%;-0,66;-0,37;-0,66;-23,47;0,0;0,0;0,0;0,0;-6,82
scalper;False;scalper neat long · scalper · lateral · expo 0.28 · stop sin stop · span 5.0% · venta 2.0–4.0%;-0,4;-0,04;-0,4;-23,6;0,0;0,0;0,0;0,0;-3,76
scalper;False;scalper neat long · scalper · lateral · expo 0.4 · stop 3% · span 2.5% · venta 2.0–4.0%;-0,26;-0,6;-0,6;-24,5;0,0;0,0;0,0;0,0;-6,11
scalper;False;scalper neat long · scalper · lateral · expo 0.4 · stop 3% · span 2.5% · venta 1.0–2.4%;-0,97;-0,27;-0,97;-24,71;0,0;0,0;0,0;0,0;-8,07
scalper;False;scalper neat long · scalper · lateral · expo 0.4 · stop 3% · span 1.5% · venta 2.0–4.0%;-0,5;-0,43;-0,5;-24,62;0,0;0,0;0,0;0,0;-6,5
scalper;False;scalper neat long · scalper · lateral · expo 0.4 · stop 5% · span 1.5% · venta 1.0–2.4%;-1,21;0,0;-1,21;-24,7;0,0;0,0;0,0;0,0;-7,91
scalper;False;scalper neat long · scalper · lateral · expo 0.4 · stop 5% · span 1.5% · venta 0.5–1.5%;-1,21;0,0;-1,21;-24,4;0,0;0,0;0,0;0,0;-7,73
scalper;False;scalper neat long · scalper · lateral · expo 0.4 · stop 3% · span 5.0% · venta 2.0–4.0%;-0,79;-0,4;-0,79;-24,12;0,0;0,0;0,0;0,0;-7,83
scalper;False;scalper neat long · scalper · lateral · expo 0.4 · stop 5% · span 1.5% · venta 2.0–4.0%;-0,57;0,0;-0,57;-23,68;0,0;0,0;0,0;0,0;-4,19
scalper;False;scalper neat long · scalper · lateral · expo 0.4 · stop 5% · span 2.5% · venta 2.0–4.0%;-1,04;0,0;-1,04;-24,41;0,0;0,0;0,0;0,0;-7,07
scalper;False;scalper neat long · scalper · lateral · expo 0.4 · stop 5% · span 5.0% · venta 0.5–1.5%;-0,7;-0,51;-0,7;-23,97;0,0;0,0;0,0;0,0;-7,76
scalper;False;scalper neat long · scalper · lateral · expo 0.4 · stop 8% · span 1.5% · venta 1.0–2.4%;-0,01;-0,22;-0,22;-24,13;0,0;0,0;0,0;0,0;-2,84
scalper;False;scalper neat long · scalper · lateral · expo 0.4 · stop 5% · span 5.0% · venta 2.0–4.0%;-0,27;-0,51;-0,51;-22,76;0,0;0,0;0,0;0,0;-5,43
scalper;False;scalper neat long · scalper · lateral · expo 0.4 · stop 8% · span 2.5% · venta 0.5–1.5%;-0,86;0,0;-0,86;-23,32;0,0;0,0;0,0;0,0;-5,98
scalper;False;scalper neat long · scalper · lateral · expo 0.4 · stop 8% · span 5.0% · venta 1.0–2.4%;-0,44;0,0;-0,44;-23,57;0,0;0,0;0,0;0,0;-3,31
scalper;False;scalper neat long · scalper · lateral · expo 0.4 · stop 8% · span 2.5% · venta 1.0–2.4%;-0,86;0,0;-0,86;-24,78;0,0;0,0;0,0;0,0;-5,89
scalper;False;scalper neat long · scalper · lateral · expo 0.4 · stop 8% · span 5.0% · venta 0.5–1.5%;-0,93;-0,21;-0,93;-24,41;0,0;0,0;0,0;0,0;-7,42
scalper;False;scalper neat long · scalper · lateral · expo 0.4 · stop 8% · span 5.0% · venta 2.0–4.0%;-0,42;-0,2;-0,42;-24,14;0,0;0,0;0,0;0,0;-5,11
scalper;False;scalper neat long · scalper · lateral · expo 0.4 · stop 12% · span 1.5% · venta 0.5–1.5%;-1,14;0,0;-1,14;-24,53;0,0;0,0;0,0;0,0;-7,99
scalper;False;scalper neat long · scalper · lateral · expo 0.4 · stop 12% · span 1.5% · venta 1.0–2.4%;-0,2;0,0;-0,2;-24,45;0,0;0,0;0,0;0,0;-2,68
scalper;False;scalper neat long · scalper · lateral · expo 0.4 · stop 12% · span 1.5% · venta 2.0–4.0%;0,05;0,0;0,0;-23,65;0,0;0,0;0,0;0,0;-1,62
scalper;False;scalper neat long · scalper · lateral · expo 0.4 · stop 12% · span 2.5% · venta 0.5–1.5%;-0,63;0,0;-0,63;-24,37;0,0;0,0;0,0;0,0;-4,81
scalper;False;scalper neat long · scalper · lateral · expo 0.4 · stop 12% · span 2.5% · venta 1.0–2.4%;-0,62;0,0;-0,62;-23,94;0,0;0,0;0,0;0,0;-4,72
scalper;False;scalper neat long · scalper · lateral · expo 0.4 · stop 12% · span 2.5% · venta 2.0–4.0%;-0,16;0,0;-0,16;-24,96;0,0;0,0;0,0;0,0;-2,38
scalper;False;scalper neat long · scalper · lateral · expo 0.4 · stop 12% · span 5.0% · venta 1.0–2.4%;-0,87;0,0;-0,87;-22,18;0,0;0,0;0,0;0,0;-5,97
scalper;False;scalper neat long · scalper · lateral · expo 0.4 · stop 12% · span 5.0% · venta 2.0–4.0%;-0,61;0,0;-0,61;-23,75;0,0;0,0;0,0;0,0;-4,54
scalper;False;scalper neat long · scalper · lateral · expo 0.4 · stop 12% · span 5.0% · venta 0.5–1.5%;-0,65;0,28;-0,65;-23,61;0,0;0,0;0,0;0,0;-3,05
scalper;False;scalper neat long · scalper · lateral · expo 0.4 · stop sin stop · span 1.5% · venta 0.5–1.5%;-1,1;0,0;-1,1;-24,09;0,0;0,0;0,0;0,0;-7,62
scalper;False;scalper neat long · scalper · lateral · expo 0.4 · stop sin stop · span 1.5% · venta 2.0–4.0%;0,25;0,0;0,0;-23,75;0,0;0,0;0,0;0,0;-0,28
scalper;False;scalper neat long · scalper · lateral · expo 0.4 · stop sin stop · span 1.5% · venta 1.0–2.4%;0,12;0,0;0,0;-24,63;0,0;0,0;0,0;0,0;-0,41
scalper;False;scalper neat long · scalper · lateral · expo 0.4 · stop sin stop · span 2.5% · venta 2.0–4.0%;-0,25;0,0;-0,25;-24,23;0,0;0,0;0,0;0,0;-2,93
scalper;False;scalper neat long · scalper · lateral · expo 0.4 · stop sin stop · span 5.0% · venta 0.5–1.5%;-0,87;-0,2;-0,87;-23,53;0,0;0,0;0,0;0,0;-7,1
scalper;False;scalper neat long · scalper · lateral · expo 0.4 · stop sin stop · span 5.0% · venta 1.0–2.4%;-1,0;0,0;-1,0;-24,2;0,0;0,0;0,0;0,0;-6,74
scalper;False;scalper neat long · scalper · lateral · expo 0.4 · stop sin stop · span 5.0% · venta 2.0–4.0%;-0,12;0,0;-0,12;-22,88;0,0;0,0;0,0;0,0;-1,73
scalper;False;scalper neat long · scalper · lateral+alcista · expo 0.1 · stop 3% · span 1.5% · venta 0.5–1.5%;-0,68;-0,37;-0,68;-22,12;-0,19;-2,34;-6,32;0,0;-6,54
scalper;False;scalper neat long · scalper · lateral+alcista · expo 0.1 · stop 3% · span 1.5% · venta 1.0–2.4%;-0,09;-0,26;-0,26;-13,7;-0,59;-6,97;-17,58;0,0;-2,29
scalper;False;scalper neat long · scalper · lateral+alcista · expo 0.1 · stop 3% · span 1.5% · venta 2.0–4.0%;0,2;-0,22;-0,22;-13,13;-0,59;-7,05;-19,94;6,2;-0,15
scalper;False;scalper neat long · scalper · lateral+alcista · expo 0.1 · stop 3% · span 2.5% · venta 0.5–1.5%;-0,6;-0,36;-0,6;-19,76;-0,27;-3,21;-9,22;0,0;-5,97
scalper;False;scalper neat long · scalper · lateral+alcista · expo 0.1 · stop 3% · span 2.5% · venta 2.0–4.0%;-0,23;-0,31;-0,31;-18,37;-0,47;-5,75;-18,22;3,1;-3,49
scalper;False;scalper neat long · scalper · lateral+alcista · expo 0.1 · stop 3% · span 2.5% · venta 1.0–2.4%;-0,33;-0,43;-0,43;-19,38;-0,38;-4,56;-12,64;0,0;-4,78
scalper;False;scalper neat long · scalper · lateral+alcista · expo 0.1 · stop 5% · span 1.5% · venta 0.5–1.5%;-0,56;-0,81;-0,81;-24,82;0,0;0,0;0,0;0,0;-8,4
scalper;False;scalper neat long · scalper · lateral+alcista · expo 0.1 · stop 5% · span 1.5% · venta 2.0–4.0%;0,14;-0,34;-0,34;-18,44;-0,39;-5,01;-20,04;6,2;-1,37
scalper;False;scalper neat long · scalper · lateral+alcista · expo 0.1 · stop 3% · span 5.0% · venta 2.0–4.0%;0,0;-0,48;-0,48;-14,97;-0,44;-5,27;-15,15;0,0;-3,03
scalper;False;scalper neat long · scalper · lateral+alcista · expo 0.1 · stop 3% · span 5.0% · venta 0.5–1.5%;-0,21;-0,35;-0,35;-12,86;-0,39;-4,63;-13,93;0,0;-3,48
scalper;False;scalper neat long · scalper · lateral+alcista · expo 0.1 · stop 5% · span 2.5% · venta 0.5–1.5%;-0,33;-0,67;-0,67;-20,05;-0,2;-2,46;-7,47;0,0;-6,2
scalper;False;scalper neat long · scalper · lateral+alcista · expo 0.1 · stop 3% · span 5.0% · venta 1.0–2.4%;-0,15;-0,27;-0,27;-11,1;-0,37;-4,37;-12,65;0,0;-2,62
scalper;False;scalper neat long · scalper · lateral+alcista · expo 0.1 · stop 5% · span 2.5% · venta 1.0–2.4%;-0,12;-0,46;-0,46;-19,06;-0,37;-4,44;-14,19;3,1;-3,7
scalper;False;scalper neat long · scalper · lateral+alcista · expo 0.1 · stop 5% · span 1.5% · venta 1.0–2.4%;-0,02;-0,45;-0,45;-17,9;-0,39;-4,95;-18,99;3,1;-3,02
scalper;False;scalper neat long · scalper · lateral+alcista · expo 0.1 · stop 5% · span 2.5% · venta 2.0–4.0%;-0,23;-0,51;-0,51;-22,36;-0,21;-2,75;-12,37;6,2;-4,73
scalper;False;scalper neat long · scalper · lateral+alcista · expo 0.1 · stop 5% · span 5.0% · venta 0.5–1.5%;-0,23;-0,28;-0,28;-12,8;-0,46;-5,49;-16,85;0,0;-3,26
scalper;False;scalper neat long · scalper · lateral+alcista · expo 0.1 · stop 5% · span 5.0% · venta 1.0–2.4%;-0,24;-0,5;-0,5;-17,28;-0,34;-4,06;-13,02;0,0;-4,64
scalper;False;scalper neat long · scalper · lateral+alcista · expo 0.1 · stop 5% · span 5.0% · venta 2.0–4.0%;0,1;-0,16;-0,16;-13,73;-0,57;-6,78;-17,29;0,0;-0,47
scalper;False;scalper neat long · scalper · lateral+alcista · expo 0.1 · stop 8% · span 1.5% · venta 0.5–1.5%;-0,69;-0,65;-0,69;-24,6;0,0;0,0;0,0;0,0;-8,32
scalper;False;scalper neat long · scalper · lateral+alcista · expo 0.1 · stop 8% · span 1.5% · venta 1.0–2.4%;0,09;-0,68;-0,68;-23,98;-0,15;-1,85;-5,11;0,0;-3,85
scalper;False;scalper neat long · scalper · lateral+alcista · expo 0.1 · stop 8% · span 1.5% · venta 2.0–4.0%;0,54;-0,09;-0,09;-18,89;-0,49;-6,21;-19,1;9,4;2,48
scalper;False;scalper neat long · scalper · lateral+alcista · expo 0.1 · stop 8% · span 2.5% · venta 0.5–1.5%;-0,17;-0,67;-0,67;-19,74;-0,25;-3,11;-9,25;3,1;-5,27
scalper;False;scalper neat long · scalper · lateral+alcista · expo 0.1 · stop 8% · span 5.0% · venta 1.0–2.4%;-0,02;-0,32;-0,32;-14,81;-0,46;-5,49;-16,25;0,0;-2,26
scalper;False;scalper neat long · scalper · lateral+alcista · expo 0.1 · stop 8% · span 5.0% · venta 0.5–1.5%;-0,03;-0,51;-0,51;-16,2;-0,39;-4,73;-15,09;0,0;-3,41
scalper;False;scalper neat long · scalper · lateral+alcista · expo 0.1 · stop 8% · span 2.5% · venta 2.0–4.0%;0,1;-0,1;-0,1;-19,16;-0,46;-5,72;-18,11;3,1;-0,36
scalper;False;scalper neat long · scalper · lateral+alcista · expo 0.1 · stop 8% · span 5.0% · venta 2.0–4.0%;0,22;-0,52;-0,52;-20,89;-0,28;-3,47;-10,42;0,0;-2,07
scalper;False;scalper neat long · scalper · lateral+alcista · expo 0.1 · stop 12% · span 1.5% · venta 0.5–1.5%;-0,22;-0,51;-0,51;-23,42;-0,21;-2,64;-9,62;3,1;-4,84
scalper;False;scalper neat long · scalper · lateral+alcista · expo 0.1 · stop 8% · span 2.5% · venta 1.0–2.4%;0,04;-0,54;-0,54;-23,97;-0,26;-3,23;-10,16;3,1;-3,34
scalper;False;scalper neat long · scalper · lateral+alcista · expo 0.1 · stop 12% · span 1.5% · venta 1.0–2.4%;0,38;-0,21;-0,21;-22,63;-0,37;-4,61;-13,63;3,1;0,63
scalper;False;scalper neat long · scalper · lateral+alcista · expo 0.1 · stop 12% · span 2.5% · venta 0.5–1.5%;0,18;-0,34;-0,34;-19,84;-0,42;-5,1;-14,53;0,0;-1,19
scalper;False;scalper neat long · scalper · lateral+alcista · expo 0.1 · stop 12% · span 2.5% · venta 1.0–2.4%;0,1;-0,84;-0,84;-24,7;0,0;0,0;0,0;0,0;-4,73
scalper;False;scalper neat long · scalper · lateral+alcista · expo 0.1 · stop 12% · span 1.5% · venta 2.0–4.0%;0,51;0,2;0,2;-20,63;-0,5;-6,39;-20,06;9,4;3,99
scalper;False;scalper neat long · scalper · lateral+alcista · expo 0.1 · stop 12% · span 2.5% · venta 2.0–4.0%;0,33;0,05;0,05;-23,05;-0,46;-5,78;-17,95;3,1;1,82
scalper;False;scalper neat long · scalper · lateral+alcista · expo 0.1 · stop 12% · span 5.0% · venta 0.5–1.5%;-0,14;-0,89;-0,89;-24,76;0,0;0,0;0,0;0,0;-6,36
scalper;False;scalper neat long · scalper · lateral+alcista · expo 0.1 · stop 12% · span 5.0% · venta 2.0–4.0%;0,32;-0,22;-0,22;-24,13;-0,36;-4,38;-11,6;0,0;0,39
scalper;False;scalper neat long · scalper · lateral+alcista · expo 0.1 · stop sin stop · span 1.5% · venta 0.5–1.5%;-0,05;-0,83;-0,83;-24,78;0,0;0,0;0,0;0,0;-5,6
scalper;False;scalper neat long · scalper · lateral+alcista · expo 0.1 · stop sin stop · span 1.5% · venta 1.0–2.4%;0,59;-0,77;-0,77;-23,96;0,0;0,0;0,0;0,0;-1,39
scalper;False;scalper neat long · scalper · lateral+alcista · expo 0.1 · stop sin stop · span 1.5% · venta 2.0–4.0%;0,53;-0,63;-0,63;-24,29;0,0;0,0;0,0;0,0;-1,07
scalper;False;scalper neat long · scalper · lateral+alcista · expo 0.1 · stop sin stop · span 2.5% · venta 1.0–2.4%;0,35;-0,88;-0,88;-24,89;0,0;0,0;0,0;0,0;-3,45
scalper;False;scalper neat long · scalper · lateral+alcista · expo 0.1 · stop sin stop · span 2.5% · venta 2.0–4.0%;0,29;-0,74;-0,74;-24,88;0,0;0,0;0,0;0,0;-3,15
scalper;False;scalper neat long · scalper · lateral+alcista · expo 0.2 · stop 3% · span 1.5% · venta 0.5–1.5%;-1,26;0,0;-1,26;-24,36;0,0;0,0;0,0;0,0;-8,04
scalper;False;scalper neat long · scalper · lateral+alcista · expo 0.1 · stop sin stop · span 5.0% · venta 1.0–2.4%;0,06;-0,81;-0,81;-24,58;0,0;0,0;0,0;0,0;-4,88
scalper;False;scalper neat long · scalper · lateral+alcista · expo 0.1 · stop sin stop · span 2.5% · venta 0.5–1.5%;0,19;-0,37;-0,37;-23,33;-0,31;-3,82;-11,38;3,1;-1,38
scalper;False;scalper neat long · scalper · lateral+alcista · expo 0.1 · stop sin stop · span 5.0% · venta 0.5–1.5%;-0,13;-0,28;-0,28;-23,34;-0,39;-4,76;-13,67;0,0;-2,75
scalper;False;scalper neat long · scalper · lateral+alcista · expo 0.1 · stop sin stop · span 5.0% · venta 2.0–4.0%;0,49;-0,07;-0,07;-24,15;-0,46;-5,55;-14,43;0,0;2,2
scalper;False;scalper neat long · scalper · lateral+alcista · expo 0.2 · stop 3% · span 1.5% · venta 1.0–2.4%;-0,34;-0,88;-0,88;-24,99;0,0;0,0;0,0;0,0;-7,71
scalper;False;scalper neat long · scalper · lateral+alcista · expo 0.2 · stop 3% · span 1.5% · venta 2.0–4.0%;0,42;-0,39;-0,39;-23,83;-0,31;-4,27;-15,7;9,4;-0,14
scalper;False;scalper neat long · scalper · lateral+alcista · expo 0.2 · stop 3% · span 2.5% · venta 0.5–1.5%;-1,29;-0,04;-1,29;-24,95;0,0;0,0;0,0;0,0;-8,45
scalper;False;scalper neat long · scalper · lateral+alcista · expo 0.2 · stop 3% · span 2.5% · venta 2.0–4.0%;-0,43;-0,73;-0,73;-24,52;0,0;0,0;0,0;0,0;-7,31
scalper;False;scalper neat long · scalper · lateral+alcista · expo 0.2 · stop 3% · span 5.0% · venta 0.5–1.5%;-0,4;-0,85;-0,85;-24,75;0,0;0,0;0,0;0,0;-7,72
scalper;False;scalper neat long · scalper · lateral+alcista · expo 0.2 · stop 3% · span 5.0% · venta 1.0–2.4%;-0,3;-0,76;-0,76;-24,46;-0,06;-0,77;-5,12;3,1;-6,63
scalper;False;scalper neat long · scalper · lateral+alcista · expo 0.2 · stop 3% · span 5.0% · venta 2.0–4.0%;0,01;-0,71;-0,71;-24,19;-0,11;-1,43;-8,19;3,1;-4,57
scalper;False;scalper neat long · scalper · lateral+alcista · expo 0.2 · stop 5% · span 1.5% · venta 0.5–1.5%;-1,29;0,0;-1,29;-24,64;0,0;0,0;0,0;0,0;-8,3
scalper;False;scalper neat long · scalper · lateral+alcista · expo 0.2 · stop 5% · span 2.5% · venta 0.5–1.5%;-0,57;-0,62;-0,62;-24,19;0,0;0,0;0,0;0,0;-7,58
scalper;False;scalper neat long · scalper · lateral+alcista · expo 0.2 · stop 5% · span 2.5% · venta 1.0–2.4%;-0,32;-0,63;-0,63;-24,89;0,0;0,0;0,0;0,0;-6,09
scalper;False;scalper neat long · scalper · lateral+alcista · expo 0.2 · stop 5% · span 2.5% · venta 2.0–4.0%;-0,72;-0,12;-0,72;-23,8;0,0;0,0;0,0;0,0;-5,62
scalper;False;scalper neat long · scalper · lateral+alcista · expo 0.2 · stop 5% · span 1.5% · venta 2.0–4.0%;0,4;-0,74;-0,74;-24,19;0,0;0,0;0,0;0,0;-2,51
scalper;False;scalper neat long · scalper · lateral+alcista · expo 0.2 · stop 5% · span 5.0% · venta 0.5–1.5%;-0,6;-0,41;-0,6;-24,46;0,0;0,0;0,0;0,0;-6,33
scalper;False;scalper neat long · scalper · lateral+alcista · expo 0.2 · stop 5% · span 5.0% · venta 2.0–4.0%;0,28;-0,22;-0,22;-22,74;-0,36;-4,51;-12,03;0,0;0,03
scalper;False;scalper neat long · scalper · lateral+alcista · expo 0.2 · stop 8% · span 1.5% · venta 1.0–2.4%;-0,46;-0,1;-0,46;-23,9;0,0;0,0;0,0;0,0;-4,03
scalper;False;scalper neat long · scalper · lateral+alcista · expo 0.2 · stop 8% · span 1.5% · venta 2.0–4.0%;0,28;0,73;0,28;-21,74;-0,46;-6,55;-25,1;12,5;5,7
scalper;False;scalper neat long · scalper · lateral+alcista · expo 0.2 · stop 8% · span 2.5% · venta 2.0–4.0%;-0,29;0,0;-0,29;-24,87;0,0;0,0;0,0;0,0;-2,25
scalper;False;scalper neat long · scalper · lateral+alcista · expo 0.2 · stop 12% · span 1.5% · venta 0.5–1.5%;-0,93;0,0;-0,93;-24,6;0,0;0,0;0,0;0,0;-6,19
scalper;False;scalper neat long · scalper · lateral+alcista · expo 0.2 · stop 8% · span 5.0% · venta 0.5–1.5%;-0,02;-0,86;-0,86;-24,79;0,0;0,0;0,0;0,0;-5,71
scalper;False;scalper neat long · scalper · lateral+alcista · expo 0.2 · stop 8% · span 2.5% · venta 1.0–2.4%;0,24;0,1;0,1;-22,1;-0,47;-5,99;-17,94;6,2;1,59
scalper;False;scalper neat long · scalper · lateral+alcista · expo 0.2 · stop 8% · span 5.0% · venta 2.0–4.0%;0,7;-0,35;-0,35;-21,67;-0,27;-3,3;-11,09;0,0;1,75
scalper;False;scalper neat long · scalper · lateral+alcista · expo 0.2 · stop 12% · span 1.5% · venta 2.0–4.0%;0,46;-0,03;-0,03;-23,32;0,0;0,0;0,0;0,0;2,02
scalper;False;scalper neat long · scalper · lateral+alcista · expo 0.2 · stop 8% · span 5.0% · venta 1.0–2.4%;0,11;-0,31;-0,31;-20,0;-0,33;-4,17;-15,26;3,1;-1,66
scalper;False;scalper neat long · scalper · lateral+alcista · expo 0.2 · stop 12% · span 1.5% · venta 1.0–2.4%;0,0;-0,16;-0,16;-24,65;0,0;0,0;0,0;0,0;-1,71
scalper;False;scalper neat long · scalper · lateral+alcista · expo 0.2 · stop 12% · span 2.5% · venta 1.0–2.4%;-0,22;0,06;-0,22;-23,43;0,0;0,0;0,0;0,0;-1,78
scalper;False;scalper neat long · scalper · lateral+alcista · expo 0.2 · stop 12% · span 2.5% · venta 2.0–4.0%;0,58;-0,15;-0,15;-23,66;0,0;0,0;0,0;0,0;2,08
scalper;False;scalper neat long · scalper · lateral+alcista · expo 0.2 · stop 12% · span 5.0% · venta 0.5–1.5%;-0,26;-0,25;-0,26;-23,83;0,0;0,0;0,0;0,0;-3,45
scalper;False;scalper neat long · scalper · lateral+alcista · expo 0.2 · stop 12% · span 5.0% · venta 1.0–2.4%;-0,27;0,0;-0,27;-23,93;0,0;0,0;0,0;0,0;-2,03
scalper;False;scalper neat long · scalper · lateral+alcista · expo 0.2 · stop 12% · span 5.0% · venta 2.0–4.0%;0,37;-0,4;-0,4;-24,69;0,0;0,0;0,0;0,0;-0,57
scalper;False;scalper neat long · scalper · lateral+alcista · expo 0.2 · stop sin stop · span 1.5% · venta 0.5–1.5%;-0,72;0,0;-0,72;-24,48;0,0;0,0;0,0;0,0;-4,88
scalper;False;scalper neat long · scalper · lateral+alcista · expo 0.2 · stop sin stop · span 1.5% · venta 1.0–2.4%;0,21;0,0;0,0;-24,73;0,0;0,0;0,0;0,0;0,84
scalper;False;scalper neat long · scalper · lateral+alcista · expo 0.2 · stop sin stop · span 1.5% · venta 2.0–4.0%;0,7;0,01;0,01;-23,25;0,0;0,0;0,0;0,0;3,79
scalper;False;scalper neat long · scalper · lateral+alcista · expo 0.2 · stop sin stop · span 2.5% · venta 0.5–1.5%;0,22;-0,33;-0,33;-24,85;0,0;0,0;0,0;0,0;-1,17
scalper;False;scalper neat long · scalper · lateral+alcista · expo 0.2 · stop sin stop · span 5.0% · venta 0.5–1.5%;-0,36;-0,27;-0,36;-24,2;0,0;0,0;0,0;0,0;-4,29
scalper;False;scalper neat long · scalper · lateral+alcista · expo 0.2 · stop sin stop · span 5.0% · venta 1.0–2.4%;-0,08;-0,08;-0,08;-23,95;0,0;0,0;0,0;0,0;-1,45
scalper;False;scalper neat long · scalper · lateral+alcista · expo 0.28 · stop 3% · span 1.5% · venta 0.5–1.5%;-1,2;0,0;-1,2;-23,98;0,0;0,0;0,0;0,0;-7,81
scalper;False;scalper neat long · scalper · lateral+alcista · expo 0.28 · stop 3% · span 2.5% · venta 0.5–1.5%;-1,31;0,0;-1,31;-24,78;0,0;0,0;0,0;0,0;-8,39
scalper;False;scalper neat long · scalper · lateral+alcista · expo 0.2 · stop sin stop · span 2.5% · venta 1.0–2.4%;0,25;0,2;0,2;-24,39;0,0;0,0;0,0;0,0;2,39
scalper;False;scalper neat long · scalper · lateral+alcista · expo 0.2 · stop sin stop · span 5.0% · venta 2.0–4.0%;0,85;-0,33;-0,33;-24,2;0,0;0,0;0,0;0,0;2,8
scalper;False;scalper neat long · scalper · lateral+alcista · expo 0.28 · stop 3% · span 1.5% · venta 2.0–4.0%;0,25;-0,44;-0,44;-24,45;0,0;0,0;0,0;0,0;-1,68
scalper;False;scalper neat long · scalper · lateral+alcista · expo 0.2 · stop sin stop · span 2.5% · venta 2.0–4.0%;0,2;1,38;0,2;-21,4;-0,54;-7,08;-24,53;3,1;9,09
scalper;False;scalper neat long · scalper · lateral+alcista · expo 0.28 · stop 3% · span 1.5% · venta 1.0–2.4%;-0,09;-0,9;-0,9;-24,46;0,0;0,0;0,0;0,0;-6,48
scalper;False;scalper neat long · scalper · lateral+alcista · expo 0.28 · stop 3% · span 2.5% · venta 1.0–2.4%;-1,02;-0,21;-1,02;-24,69;0,0;0,0;0,0;0,0;-7,88
scalper;False;scalper neat long · scalper · lateral+alcista · expo 0.28 · stop 3% · span 5.0% · venta 2.0–4.0%;-0,16;-0,6;-0,6;-24,98;0,0;0,0;0,0;0,0;-4,98
scalper;False;scalper neat long · scalper · lateral+alcista · expo 0.28 · stop 3% · span 5.0% · venta 1.0–2.4%;-0,42;-0,65;-0,65;-24,96;0,0;0,0;0,0;0,0;-6,8
scalper;False;scalper neat long · scalper · lateral+alcista · expo 0.28 · stop 5% · span 1.5% · venta 1.0–2.4%;0,16;-0,8;-0,8;-24,54;0,0;0,0;0,0;0,0;-4,33
scalper;False;scalper neat long · scalper · lateral+alcista · expo 0.28 · stop 5% · span 1.5% · venta 2.0–4.0%;-0,61;0,0;-0,61;-23,98;0,0;0,0;0,0;0,0;-4,49
scalper;False;scalper neat long · scalper · lateral+alcista · expo 0.28 · stop 5% · span 2.5% · venta 2.0–4.0%;-0,72;0,0;-0,72;-23,92;0,0;0,0;0,0;0,0;-4,78
scalper;False;scalper neat long · scalper · lateral+alcista · expo 0.28 · stop 5% · span 5.0% · venta 1.0–2.4%;-0,81;-0,23;-0,81;-24,99;0,0;0,0;0,0;0,0;-6,77
scalper;False;scalper neat long · scalper · lateral+alcista · expo 0.28 · stop 8% · span 1.5% · venta 0.5–1.5%;-1,08;-0,1;-1,08;-23,66;0,0;0,0;0,0;0,0;-7,97
scalper;False;scalper neat long · scalper · lateral+alcista · expo 0.28 · stop 5% · span 5.0% · venta 0.5–1.5%;-0,71;-0,3;-0,71;-24,69;0,0;0,0;0,0;0,0;-6,59
scalper;False;scalper neat long · scalper · lateral+alcista · expo 0.28 · stop 8% · span 1.5% · venta 1.0–2.4%;0,3;-0,29;-0,29;-23,86;0,0;0,0;0,0;0,0;-0,78
scalper;False;scalper neat long · scalper · lateral+alcista · expo 0.28 · stop 8% · span 1.5% · venta 2.0–4.0%;0,99;-0,24;-0,24;-24,93;0,0;0,0;0,0;0,0;3,73
scalper;False;scalper neat long · scalper · lateral+alcista · expo 0.28 · stop 5% · span 5.0% · venta 2.0–4.0%;0,4;-0,63;-0,63;-24,1;0,0;0,0;0,0;0,0;-1,84
scalper;False;scalper neat long · scalper · lateral+alcista · expo 0.28 · stop 8% · span 2.5% · venta 1.0–2.4%;-0,33;0,0;-0,33;-24,01;0,0;0,0;0,0;0,0;-2,74
scalper;False;scalper neat long · scalper · lateral+alcista · expo 0.28 · stop 8% · span 2.5% · venta 0.5–1.5%;-0,2;-0,67;-0,67;-23,72;0,0;0,0;0,0;0,0;-5,92
scalper;False;scalper neat long · scalper · lateral+alcista · expo 0.28 · stop 8% · span 2.5% · venta 2.0–4.0%;0,51;-0,14;-0,14;-23,31;0,0;0,0;0,0;0,0;1,32
scalper;False;scalper neat long · scalper · lateral+alcista · expo 0.28 · stop 8% · span 5.0% · venta 0.5–1.5%;0,02;-0,65;-0,65;-23,64;0,0;0,0;0,0;0,0;-4,24
scalper;False;scalper neat long · scalper · lateral+alcista · expo 0.28 · stop 8% · span 5.0% · venta 1.0–2.4%;-0,68;-0,07;-0,68;-24,15;0,0;0,0;0,0;0,0;-5,43
scalper;False;scalper neat long · scalper · lateral+alcista · expo 0.28 · stop 12% · span 1.5% · venta 0.5–1.5%;-0,45;-0,05;-0,45;-24,47;0,0;0,0;0,0;0,0;-3,59
scalper;False;scalper neat long · scalper · lateral+alcista · expo 0.28 · stop 12% · span 1.5% · venta 1.0–2.4%;0,49;-0,07;-0,07;-24,97;0,0;0,0;0,0;0,0;1,95
scalper;False;scalper neat long · scalper · lateral+alcista · expo 0.28 · stop 12% · span 1.5% · venta 2.0–4.0%;1,27;-0,02;-0,02;-23,71;0,0;0,0;0,0;0,0;6,67
scalper;False;scalper neat long · scalper · lateral+alcista · expo 0.28 · stop 12% · span 2.5% · venta 1.0–2.4%;0,04;0,11;0,04;-23,51;0,0;0,0;0,0;0,0;-0,12
scalper;False;scalper neat long · scalper · lateral+alcista · expo 0.28 · stop 12% · span 2.5% · venta 0.5–1.5%;0,19;-0,35;-0,35;-23,28;0,0;0,0;0,0;0,0;-1,78
scalper;False;scalper neat long · scalper · lateral+alcista · expo 0.28 · stop 12% · span 2.5% · venta 2.0–4.0%;-0,6;0,0;-0,6;-23,31;0,0;0,0;0,0;0,0;-4,59
scalper;False;scalper neat long · scalper · lateral+alcista · expo 0.28 · stop 12% · span 5.0% · venta 0.5–1.5%;-0,59;-0,03;-0,59;-24,31;0,0;0,0;0,0;0,0;-4,44
scalper;False;scalper neat long · scalper · lateral+alcista · expo 0.28 · stop 12% · span 5.0% · venta 2.0–4.0%;0,26;-0,08;-0,08;-23,97;0,0;0,0;0,0;0,0;0,57
scalper;False;scalper neat long · scalper · lateral+alcista · expo 0.28 · stop sin stop · span 1.5% · venta 1.0–2.4%;1,22;-0,25;-0,25;-23,46;0,0;0,0;0,0;0,0;5,73
scalper;False;scalper neat long · scalper · lateral+alcista · expo 0.28 · stop sin stop · span 2.5% · venta 0.5–1.5%;0,23;-0,36;-0,36;-24,3;0,0;0,0;0,0;0,0;-1,67
scalper;False;scalper neat long · scalper · lateral+alcista · expo 0.28 · stop sin stop · span 1.5% · venta 2.0–4.0%;0,8;1,3;0,8;-20,79;-0,31;-4,83;-24,64;6,2;12,33
scalper;False;scalper neat long · scalper · lateral+alcista · expo 0.28 · stop sin stop · span 2.5% · venta 1.0–2.4%;0,22;0,03;0,03;-22,61;0,0;0,0;0,0;0,0;0,71
scalper;False;scalper neat long · scalper · lateral+alcista · expo 0.28 · stop sin stop · span 2.5% · venta 2.0–4.0%;-0,38;0,0;-0,38;-22,44;0,0;0,0;0,0;0,0;-3,15
scalper;False;scalper neat long · scalper · lateral+alcista · expo 0.28 · stop sin stop · span 5.0% · venta 0.5–1.5%;-0,61;-0,06;-0,61;-23,89;0,0;0,0;0,0;0,0;-4,9
scalper;False;scalper neat long · scalper · lateral+alcista · expo 0.28 · stop sin stop · span 5.0% · venta 1.0–2.4%;-0,72;-0,0;-0,72;-24,46;0,0;0,0;0,0;0,0;-5,21
scalper;False;scalper neat long · scalper · lateral+alcista · expo 0.28 · stop sin stop · span 5.0% · venta 2.0–4.0%;0,62;-0,21;-0,21;-24,5;0,0;0,0;0,0;0,0;1,76
scalper;False;scalper neat long · scalper · lateral+alcista · expo 0.4 · stop 3% · span 1.5% · venta 1.0–2.4%;-1,04;0,0;-1,04;-24,26;0,0;0,0;0,0;0,0;-6,69
scalper;False;scalper neat long · scalper · lateral+alcista · expo 0.4 · stop 3% · span 2.5% · venta 2.0–4.0%;-1,0;0,0;-1,0;-24,87;0,0;0,0;0,0;0,0;-6,79
scalper;False;scalper neat long · scalper · lateral+alcista · expo 0.4 · stop 3% · span 1.5% · venta 2.0–4.0%;0,5;-0,71;-0,71;-24,32;0,0;0,0;0,0;0,0;-2,35
scalper;False;scalper neat long · scalper · lateral+alcista · expo 0.4 · stop 3% · span 5.0% · venta 0.5–1.5%;-0,71;-0,41;-0,71;-24,69;0,0;0,0;0,0;0,0;-7,06
scalper;False;scalper neat long · scalper · lateral+alcista · expo 0.4 · stop 5% · span 1.5% · venta 0.5–1.5%;-1,12;0,0;-1,12;-22,57;0,0;0,0;0,0;0,0;-7,18
scalper;False;scalper neat long · scalper · lateral+alcista · expo 0.4 · stop 5% · span 1.5% · venta 2.0–4.0%;-0,06;0,0;-0,06;-23,23;0,0;0,0;0,0;0,0;-1,28
scalper;False;scalper neat long · scalper · lateral+alcista · expo 0.4 · stop 5% · span 1.5% · venta 1.0–2.4%;0,43;-0,54;-0,54;-24,46;0,0;0,0;0,0;0,0;-1,34
scalper;False;scalper neat long · scalper · lateral+alcista · expo 0.4 · stop 5% · span 2.5% · venta 1.0–2.4%;-1,28;0,0;-1,28;-24,58;0,0;0,0;0,0;0,0;-8,32
scalper;False;scalper neat long · scalper · lateral+alcista · expo 0.4 · stop 5% · span 2.5% · venta 2.0–4.0%;-0,66;0,0;-0,66;-22,66;0,0;0,0;0,0;0,0;-4,56
scalper;False;scalper neat long · scalper · lateral+alcista · expo 0.4 · stop 8% · span 1.5% · venta 0.5–1.5%;-1,25;0,0;-1,25;-24,38;0,0;0,0;0,0;0,0;-8,24
scalper;False;scalper neat long · scalper · lateral+alcista · expo 0.4 · stop 5% · span 5.0% · venta 2.0–4.0%;-0,27;-0,06;-0,27;-23,76;0,0;0,0;0,0;0,0;-2,61
scalper;False;scalper neat long · scalper · lateral+alcista · expo 0.4 · stop 5% · span 5.0% · venta 1.0–2.4%;-0,58;-0,11;-0,58;-23,9;0,0;0,0;0,0;0,0;-4,94
scalper;False;scalper neat long · scalper · lateral+alcista · expo 0.4 · stop 8% · span 2.5% · venta 0.5–1.5%;-0,11;-0,34;-0,34;-23,97;0,0;0,0;0,0;0,0;-3,51
scalper;False;scalper neat long · scalper · lateral+alcista · expo 0.4 · stop 8% · span 5.0% · venta 1.0–2.4%;-0,71;0,0;-0,71;-24,16;0,0;0,0;0,0;0,0;-4,97
scalper;False;scalper neat long · scalper · lateral+alcista · expo 0.4 · stop 8% · span 5.0% · venta 0.5–1.5%;-0,3;-0,13;-0,3;-24,14;0,0;0,0;0,0;0,0;-3,47
scalper;False;scalper neat long · scalper · lateral+alcista · expo 0.4 · stop 8% · span 2.5% · venta 2.0–4.0%;1,33;1,3;1,3;-19,63;-0,33;-5,11;-24,55;6,2;16,22
scalper;False;scalper neat long · scalper · lateral+alcista · expo 0.4 · stop 8% · span 5.0% · venta 2.0–4.0%;0,2;-0,32;-0,32;-24,36;0,0;0,0;0,0;0,0;-1,72
scalper;False;scalper neat long · scalper · lateral+alcista · expo 0.4 · stop 12% · span 1.5% · venta 0.5–1.5%;0,37;0,0;0,0;-24,09;0,0;0,0;0,0;0,0;1,8
scalper;False;scalper neat long · scalper · lateral+alcista · expo 0.4 · stop 12% · span 2.5% · venta 0.5–1.5%;-0,32;0,0;-0,32;-24,31;0,0;0,0;0,0;0,0;-2,84
scalper;False;scalper neat long · scalper · lateral+alcista · expo 0.4 · stop 12% · span 1.5% · venta 2.0–4.0%;2,0;1,78;1,78;-19,94;-0,25;-4,23;-24,43;6,2;23,55
scalper;False;scalper neat long · scalper · lateral+alcista · expo 0.4 · stop 12% · span 2.5% · venta 1.0–2.4%;0,63;-0,08;-0,08;-22,75;0,0;0,0;0,0;0,0;2,37
scalper;False;scalper neat long · scalper · lateral+alcista · expo 0.4 · stop 12% · span 5.0% · venta 2.0–4.0%;0,94;0,0;0,0;-23,53;0,0;0,0;0,0;0,0;5,48
scalper;False;scalper neat long · scalper · lateral+alcista · expo 0.4 · stop 12% · span 2.5% · venta 2.0–4.0%;0,5;0,0;0,0;-22,22;0,0;0,0;0,0;0,0;1,95
scalper;False;scalper neat long · scalper · lateral+alcista · expo 0.4 · stop 12% · span 5.0% · venta 0.5–1.5%;0,03;0,0;0,0;-24,93;0,0;0,0;0,0;0,0;-0,76
scalper;False;scalper neat long · scalper · lateral+alcista · expo 0.4 · stop sin stop · span 1.5% · venta 0.5–1.5%;0,16;0,0;0,0;-23,82;0,0;0,0;0,0;0,0;0,29
scalper;False;scalper neat long · scalper · lateral+alcista · expo 0.4 · stop sin stop · span 1.5% · venta 1.0–2.4%;1,65;0,01;0,01;-22,53;0,0;0,0;0,0;0,0;9,75
scalper;False;scalper neat long · scalper · lateral+alcista · expo 0.4 · stop sin stop · span 1.5% · venta 2.0–4.0%;1,59;0,45;0,45;-24,17;0,0;0,0;0,0;0,0;11,37
scalper;False;scalper neat long · scalper · lateral+alcista · expo 0.4 · stop sin stop · span 2.5% · venta 1.0–2.4%;0,55;0,0;0,0;-24,1;0,0;0,0;0,0;0,0;2,65
scalper;False;scalper neat long · scalper · lateral+alcista · expo 0.4 · stop sin stop · span 2.5% · venta 0.5–1.5%;-0,13;0,0;-0,13;-24,29;0,0;0,0;0,0;0,0;-1,59
scalper;False;scalper neat long · scalper · lateral+alcista · expo 0.4 · stop sin stop · span 2.5% · venta 2.0–4.0%;0,68;0,0;0,0;-22,95;0,0;0,0;0,0;0,0;2,81
scalper;False;scalper neat long · scalper · lateral+alcista · expo 0.4 · stop sin stop · span 5.0% · venta 1.0–2.4%;-0,0;0,0;-0,0;-23,08;0,0;0,0;0,0;0,0;-0,61
scalper;False;scalper neat long · scalper · lateral+alcista · expo 0.4 · stop sin stop · span 5.0% · venta 2.0–4.0%;0,88;0,0;0,0;-24,45;0,0;0,0;0,0;0,0;4,99
scalper;False;scalper neat long · lag_long · lateral · expo 0.1 · stop 3% · span 1.5% · venta 0.5–1.5%;-0,48;-0,59;-0,59;-20,54;-0,19;-2,35;-6,72;0,0;-6,55
scalper;False;scalper neat long · lag_long · lateral · expo 0.1 · stop 3% · span 1.5% · venta 1.0–2.4%;-0,46;-0,71;-0,71;-22,53;-0,11;-1,33;-4,23;0,0;-7,22
scalper;False;scalper neat long · lag_long · lateral · expo 0.1 · stop 3% · span 2.5% · venta 0.5–1.5%;-0,6;-0,45;-0,6;-20,13;-0,21;-2,55;-6,85;0,0;-6,5
scalper;False;scalper neat long · lag_long · lateral · expo 0.1 · stop 3% · span 2.5% · venta 1.0–2.4%;-0,53;-0,41;-0,53;-18,31;-0,26;-3,17;-8,6;0,0;-5,84
scalper;False;scalper neat long · lag_long · lateral · expo 0.1 · stop 3% · span 2.5% · venta 2.0–4.0%;-0,41;-0,31;-0,41;-16,15;-0,37;-4,43;-11,69;0,0;-4,56
scalper;False;scalper neat long · lag_long · lateral · expo 0.1 · stop 3% · span 5.0% · venta 2.0–4.0%;-0,33;-0,33;-0,33;-14,13;-0,4;-4,79;-12,75;0,0;-4,15
scalper;False;scalper neat long · lag_long · lateral · expo 0.1 · stop 5% · span 1.5% · venta 0.5–1.5%;-0,63;-0,68;-0,68;-24,93;0,0;0,0;0,0;0,0;-8,07
scalper;False;scalper neat long · lag_long · lateral · expo 0.1 · stop 3% · span 5.0% · venta 0.5–1.5%;-0,21;-0,38;-0,38;-11,53;-0,45;-5,27;-13,66;0,0;-3,68
scalper;False;scalper neat long · lag_long · lateral · expo 0.1 · stop 5% · span 1.5% · venta 1.0–2.4%;-0,56;-0,73;-0,73;-24,71;0,0;0,0;0,0;0,0;-8,0
scalper;False;scalper neat long · lag_long · lateral · expo 0.1 · stop 3% · span 5.0% · venta 1.0–2.4%;-0,12;-0,3;-0,3;-9,85;-0,4;-4,77;-12,52;0,0;-2,63
scalper;False;scalper neat long · lag_long · lateral · expo 0.1 · stop 5% · span 2.5% · venta 0.5–1.5%;-0,47;-0,55;-0,55;-19,56;-0,21;-2,62;-7,03;0,0;-6,3
scalper;False;scalper neat long · lag_long · lateral · expo 0.1 · stop 5% · span 2.5% · venta 1.0–2.4%;-0,56;-0,49;-0,56;-21,48;-0,13;-1,61;-4,73;0,0;-6,55
scalper;False;scalper neat long · lag_long · lateral · expo 0.1 · stop 5% · span 2.5% · venta 2.0–4.0%;-0,4;-0,42;-0,42;-19,29;-0,23;-2,83;-7,71;0,0;-5,25
scalper;False;scalper neat long · lag_long · lateral · expo 0.1 · stop 5% · span 5.0% · venta 0.5–1.5%;-0,2;-0,33;-0,33;-11,58;-0,41;-4,85;-13,32;0,0;-3,33
scalper;False;scalper neat long · lag_long · lateral · expo 0.1 · stop 5% · span 5.0% · venta 2.0–4.0%;-0,17;-0,49;-0,49;-15,25;-0,38;-4,55;-12,08;0,0;-4,11
scalper;False;scalper neat long · lag_long · lateral · expo 0.1 · stop 8% · span 1.5% · venta 0.5–1.5%;-0,66;-0,67;-0,67;-24,94;0,0;0,0;0,0;0,0;-8,25
scalper;False;scalper neat long · lag_long · lateral · expo 0.1 · stop 5% · span 5.0% · venta 1.0–2.4%;-0,14;-0,22;-0,22;-10,04;-0,3;-3,58;-11,33;0,0;-2,3
scalper;False;scalper neat long · lag_long · lateral · expo 0.1 · stop 8% · span 1.5% · venta 1.0–2.4%;-0,61;-0,65;-0,65;-24,51;0,0;0,0;0,0;0,0;-7,89
scalper;False;scalper neat long · lag_long · lateral · expo 0.1 · stop 8% · span 2.5% · venta 0.5–1.5%;-0,43;-0,7;-0,7;-21,47;-0,12;-1,5;-4,15;0,0;-6,98
scalper;False;scalper neat long · lag_long · lateral · expo 0.1 · stop 8% · span 2.5% · venta 1.0–2.4%;-0,5;-0,62;-0,62;-23,06;-0,07;-0,83;-2,74;0,0;-7,0
scalper;False;scalper neat long · lag_long · lateral · expo 0.1 · stop 8% · span 2.5% · venta 2.0–4.0%;-0,25;-0,43;-0,43;-17,21;-0,29;-3,56;-9,53;3,1;-4,39
scalper;False;scalper neat long · lag_long · lateral · expo 0.1 · stop 8% · span 5.0% · venta 2.0–4.0%;-0,28;-0,56;-0,56;-20,11;-0,21;-2,56;-7,52;3,1;-5,32
scalper;False;scalper neat long · lag_long · lateral · expo 0.1 · stop 8% · span 5.0% · venta 1.0–2.4%;-0,42;-0,18;-0,42;-12,54;-0,44;-5,31;-15,63;0,0;-3,9
scalper;False;scalper neat long · lag_long · lateral · expo 0.1 · stop 8% · span 5.0% · venta 0.5–1.5%;-0,43;-0,24;-0,43;-13,92;-0,44;-5,26;-15,3;0,0;-4,28
scalper;False;scalper neat long · lag_long · lateral · expo 0.1 · stop 12% · span 1.5% · venta 1.0–2.4%;-0,55;-0,5;-0,55;-24,64;0,0;0,0;0,0;0,0;-6,84
scalper;False;scalper neat long · lag_long · lateral · expo 0.1 · stop 12% · span 2.5% · venta 0.5–1.5%;-0,39;-0,52;-0,52;-19,47;-0,25;-3,0;-8,0;0,0;-5,76
scalper;False;scalper neat long · lag_long · lateral · expo 0.1 · stop 12% · span 2.5% · venta 1.0–2.4%;-0,44;-0,66;-0,66;-24,63;0,0;0,0;0,0;0,0;-7,02
scalper;False;scalper neat long · lag_long · lateral · expo 0.1 · stop 12% · span 5.0% · venta 0.5–1.5%;-0,77;-0,55;-0,77;-24,82;0,0;0,0;0,0;0,0;-8,19
scalper;False;scalper neat long · lag_long · lateral · expo 0.1 · stop 12% · span 2.5% · venta 2.0–4.0%;-0,5;-0,23;-0,5;-23,24;-0,17;-2,06;-5,82;0,0;-4,98
scalper;False;scalper neat long · lag_long · lateral · expo 0.1 · stop 12% · span 5.0% · venta 1.0–2.4%;-0,56;-0,26;-0,56;-18,33;-0,29;-3,58;-12,91;0,0;-5,28
scalper;False;scalper neat long · lag_long · lateral · expo 0.1 · stop sin stop · span 1.5% · venta 1.0–2.4%;-0,62;-0,44;-0,62;-24,72;0,0;0,0;0,0;0,0;-6,88
scalper;False;scalper neat long · lag_long · lateral · expo 0.1 · stop sin stop · span 1.5% · venta 2.0–4.0%;-0,47;-0,42;-0,47;-24,71;0,0;0,0;0,0;0,0;-6,06
scalper;False;scalper neat long · lag_long · lateral · expo 0.1 · stop sin stop · span 2.5% · venta 0.5–1.5%;-0,4;-0,56;-0,56;-21,66;-0,24;-2,98;-7,95;0,0;-6,17
scalper;False;scalper neat long · lag_long · lateral · expo 0.1 · stop sin stop · span 5.0% · venta 0.5–1.5%;-0,45;-0,38;-0,45;-18,16;-0,3;-3,62;-11,6;0,0;-5,29
scalper;False;scalper neat long · lag_long · lateral · expo 0.1 · stop sin stop · span 5.0% · venta 1.0–2.4%;-0,55;-0,37;-0,55;-21,17;-0,18;-2,21;-9,16;0,0;-5,88
scalper;False;scalper neat long · lag_long · lateral · expo 0.2 · stop 3% · span 1.5% · venta 2.0–4.0%;-0,33;-0,6;-0,6;-24,58;0,0;0,0;0,0;0,0;-6,08
scalper;False;scalper neat long · lag_long · lateral · expo 0.2 · stop 3% · span 2.5% · venta 2.0–4.0%;-0,64;-0,56;-0,64;-24,68;0,0;0,0;0,0;0,0;-7,54
scalper;False;scalper neat long · lag_long · lateral · expo 0.2 · stop 3% · span 5.0% · venta 1.0–2.4%;-0,24;-0,54;-0,54;-17,87;-0,3;-3,63;-9,77;0,0;-4,9
scalper;False;scalper neat long · lag_long · lateral · expo 0.2 · stop 3% · span 5.0% · venta 2.0–4.0%;-0,7;-0,49;-0,7;-24,6;0,0;0,0;0,0;0,0;-7,57
scalper;False;scalper neat long · lag_long · lateral · expo 0.2 · stop 5% · span 1.5% · venta 1.0–2.4%;-1,08;-0,09;-1,08;-24,54;0,0;0,0;0,0;0,0;-7,58
scalper;False;scalper neat long · lag_long · lateral · expo 0.2 · stop 5% · span 2.5% · venta 0.5–1.5%;-0,85;-0,46;-0,85;-25,0;0,0;0,0;0,0;0,0;-8,24
scalper;False;scalper neat long · lag_long · lateral · expo 0.2 · stop 5% · span 2.5% · venta 2.0–4.0%;-0,78;-0,17;-0,78;-24,19;0,0;0,0;0,0;0,0;-6,47
scalper;False;scalper neat long · lag_long · lateral · expo 0.2 · stop 5% · span 5.0% · venta 1.0–2.4%;-0,36;-0,57;-0,57;-23,01;-0,07;-0,88;-3,4;0,0;-6,02
scalper;False;scalper neat long · lag_long · lateral · expo 0.2 · stop 5% · span 5.0% · venta 0.5–1.5%;-0,31;-0,88;-0,88;-24,1;-0,04;-0,49;-3,22;0,0;-7,41
scalper;False;scalper neat long · lag_long · lateral · expo 0.2 · stop 8% · span 1.5% · venta 1.0–2.4%;-1,02;-0,06;-1,02;-23,97;0,0;0,0;0,0;0,0;-7,3
scalper;False;scalper neat long · lag_long · lateral · expo 0.2 · stop 8% · span 1.5% · venta 2.0–4.0%;-0,58;0,0;-0,58;-24,19;0,0;0,0;0,0;0,0;-4,34
scalper;False;scalper neat long · lag_long · lateral · expo 0.2 · stop 8% · span 2.5% · venta 2.0–4.0%;-0,27;-0,54;-0,54;-24,59;0,0;0,0;0,0;0,0;-5,64
scalper;False;scalper neat long · lag_long · lateral · expo 0.2 · stop 8% · span 2.5% · venta 0.5–1.5%;-0,86;-0,39;-0,86;-24,19;0,0;0,0;0,0;0,0;-7,9
scalper;False;scalper neat long · lag_long · lateral · expo 0.2 · stop 12% · span 1.5% · venta 1.0–2.4%;-0,56;0,0;-0,56;-23,63;0,0;0,0;0,0;0,0;-4,13
scalper;False;scalper neat long · lag_long · lateral · expo 0.2 · stop 12% · span 1.5% · venta 0.5–1.5%;-0,89;0,0;-0,89;-24,72;0,0;0,0;0,0;0,0;-6,03
scalper;False;scalper neat long · lag_long · lateral · expo 0.2 · stop 8% · span 5.0% · venta 1.0–2.4%;-0,89;-0,37;-0,89;-24,79;0,0;0,0;0,0;0,0;-8,13
scalper;False;scalper neat long · lag_long · lateral · expo 0.2 · stop 8% · span 5.0% · venta 2.0–4.0%;-0,63;-0,26;-0,63;-24,33;0,0;0,0;0,0;0,0;-6,17
scalper;False;scalper neat long · lag_long · lateral · expo 0.2 · stop 12% · span 1.5% · venta 2.0–4.0%;-0,22;0,0;-0,22;-24,55;0,0;0,0;0,0;0,0;-2,19
scalper;False;scalper neat long · lag_long · lateral · expo 0.2 · stop 12% · span 5.0% · venta 0.5–1.5%;-1,23;0,0;-1,23;-24,57;0,0;0,0;0,0;0,0;-7,88
scalper;False;scalper neat long · lag_long · lateral · expo 0.2 · stop 12% · span 2.5% · venta 0.5–1.5%;-0,56;-0,49;-0,56;-24,59;0,0;0,0;0,0;0,0;-6,87
scalper;False;scalper neat long · lag_long · lateral · expo 0.2 · stop 12% · span 2.5% · venta 2.0–4.0%;-0,28;-0,01;-0,28;-22,14;0,0;0,0;0,0;0,0;-2,88
scalper;False;scalper neat long · lag_long · lateral · expo 0.2 · stop 12% · span 2.5% · venta 1.0–2.4%;-0,83;0,0;-0,83;-24,04;0,0;0,0;0,0;0,0;-5,52
scalper;False;scalper neat long · lag_long · lateral · expo 0.2 · stop 12% · span 5.0% · venta 2.0–4.0%;-0,7;-0,06;-0,7;-23,23;0,0;0,0;0,0;0,0;-5,56
scalper;False;scalper neat long · lag_long · lateral · expo 0.2 · stop sin stop · span 1.5% · venta 0.5–1.5%;-0,91;0,0;-0,91;-24,14;0,0;0,0;0,0;0,0;-6,12
scalper;False;scalper neat long · lag_long · lateral · expo 0.2 · stop sin stop · span 1.5% · venta 2.0–4.0%;-0,02;0,0;-0,02;-22,06;0,0;0,0;0,0;0,0;-0,92
scalper;False;scalper neat long · lag_long · lateral · expo 0.2 · stop sin stop · span 5.0% · venta 1.0–2.4%;-1,12;0,0;-1,12;-24,85;0,0;0,0;0,0;0,0;-7,31
scalper;False;scalper neat long · lag_long · lateral · expo 0.2 · stop sin stop · span 5.0% · venta 2.0–4.0%;-0,68;0,0;-0,68;-23,29;0,0;0,0;0,0;0,0;-4,61
scalper;False;scalper neat long · lag_long · lateral · expo 0.2 · stop sin stop · span 5.0% · venta 0.5–1.5%;-1,26;0,0;-1,26;-24,88;0,0;0,0;0,0;0,0;-8,0
scalper;False;scalper neat long · lag_long · lateral · expo 0.2 · stop sin stop · span 2.5% · venta 1.0–2.4%;-0,76;-0,02;-0,76;-23,83;0,0;0,0;0,0;0,0;-5,79
scalper;False;scalper neat long · lag_long · lateral · expo 0.28 · stop 3% · span 2.5% · venta 1.0–2.4%;-1,25;0,0;-1,25;-24,8;0,0;0,0;0,0;0,0;-8,03
scalper;False;scalper neat long · lag_long · lateral · expo 0.28 · stop 3% · span 5.0% · venta 1.0–2.4%;-0,34;-0,75;-0,75;-24,67;0,0;0,0;0,0;0,0;-6,93
scalper;False;scalper neat long · lag_long · lateral · expo 0.28 · stop 3% · span 5.0% · venta 2.0–4.0%;-0,69;-0,42;-0,69;-24,26;0,0;0,0;0,0;0,0;-7,15
scalper;False;scalper neat long · lag_long · lateral · expo 0.28 · stop 5% · span 1.5% · venta 0.5–1.5%;-1,12;0,0;-1,12;-24,87;0,0;0,0;0,0;0,0;-7,39
scalper;False;scalper neat long · lag_long · lateral · expo 0.28 · stop 5% · span 1.5% · venta 2.0–4.0%;-0,38;-0,27;-0,38;-24,35;0,0;0,0;0,0;0,0;-4,56
scalper;False;scalper neat long · lag_long · lateral · expo 0.28 · stop 5% · span 2.5% · venta 0.5–1.5%;-1,07;-0,2;-1,07;-24,98;0,0;0,0;0,0;0,0;-8,14
scalper;False;scalper neat long · lag_long · lateral · expo 0.28 · stop 5% · span 2.5% · venta 2.0–4.0%;-0,44;-0,37;-0,44;-24,08;0,0;0,0;0,0;0,0;-5,9
scalper;False;scalper neat long · lag_long · lateral · expo 0.28 · stop 5% · span 2.5% · venta 1.0–2.4%;-0,92;-0,14;-0,92;-24,73;0,0;0,0;0,0;0,0;-7,08
scalper;False;scalper neat long · lag_long · lateral · expo 0.28 · stop 5% · span 5.0% · venta 0.5–1.5%;-0,46;-0,72;-0,72;-24,88;0,0;0,0;0,0;0,0;-7,41
scalper;False;scalper neat long · lag_long · lateral · expo 0.28 · stop 8% · span 1.5% · venta 0.5–1.5%;-1,15;0,0;-1,15;-24,05;0,0;0,0;0,0;0,0;-7,55
scalper;False;scalper neat long · lag_long · lateral · expo 0.28 · stop 8% · span 1.5% · venta 1.0–2.4%;-1,16;0,0;-1,16;-24,8;0,0;0,0;0,0;0,0;-7,61
scalper;False;scalper neat long · lag_long · lateral · expo 0.28 · stop 8% · span 1.5% · venta 2.0–4.0%;-0,23;0,0;-0,23;-24,09;0,0;0,0;0,0;0,0;-2,32
scalper;False;scalper neat long · lag_long · lateral · expo 0.28 · stop 8% · span 2.5% · venta 1.0–2.4%;-1,13;0,0;-1,13;-24,89;0,0;0,0;0,0;0,0;-7,37
scalper;False;scalper neat long · lag_long · lateral · expo 0.28 · stop 8% · span 2.5% · venta 0.5–1.5%;-1,0;-0,18;-1,0;-23,9;0,0;0,0;0,0;0,0;-7,69
scalper;False;scalper neat long · lag_long · lateral · expo 0.28 · stop 8% · span 5.0% · venta 0.5–1.5%;-1,16;0,0;-1,16;-24,0;0,0;0,0;0,0;0,0;-7,53
scalper;False;scalper neat long · lag_long · lateral · expo 0.28 · stop 8% · span 5.0% · venta 2.0–4.0%;-0,57;-0,13;-0,57;-24,43;0,0;0,0;0,0;0,0;-5,42
scalper;False;scalper neat long · lag_long · lateral · expo 0.28 · stop 12% · span 1.5% · venta 0.5–1.5%;-0,58;0,0;-0,58;-24,97;0,0;0,0;0,0;0,0;-4,23
scalper;False;scalper neat long · lag_long · lateral · expo 0.28 · stop 12% · span 2.5% · venta 1.0–2.4%;-0,59;0,0;-0,59;-24,38;0,0;0,0;0,0;0,0;-4,31
scalper;False;scalper neat long · lag_long · lateral · expo 0.28 · stop 12% · span 1.5% · venta 1.0–2.4%;-0,19;0,0;-0,19;-24,25;0,0;0,0;0,0;0,0;-2,17
scalper;False;scalper neat long · lag_long · lateral · expo 0.28 · stop 12% · span 2.5% · venta 2.0–4.0%;-0,29;0,0;-0,29;-24,1;0,0;0,0;0,0;0,0;-2,82
scalper;False;scalper neat long · lag_long · lateral · expo 0.28 · stop 12% · span 5.0% · venta 0.5–1.5%;-1,17;0,0;-1,17;-24,41;0,0;0,0;0,0;0,0;-7,66
scalper;False;scalper neat long · lag_long · lateral · expo 0.28 · stop 12% · span 5.0% · venta 2.0–4.0%;-0,63;0,0;-0,63;-24,85;0,0;0,0;0,0;0,0;-4,44
scalper;False;scalper neat long · lag_long · lateral · expo 0.28 · stop sin stop · span 1.5% · venta 0.5–1.5%;-1,03;0,0;-1,03;-24,65;0,0;0,0;0,0;0,0;-6,81
scalper;False;scalper neat long · lag_long · lateral · expo 0.28 · stop sin stop · span 1.5% · venta 1.0–2.4%;-0,12;0,0;-0,12;-24,32;0,0;0,0;0,0;0,0;-1,52
scalper;False;scalper neat long · lag_long · lateral · expo 0.28 · stop sin stop · span 1.5% · venta 2.0–4.0%;0,32;0,0;0,0;-21,84;0,0;0,0;0,0;0,0;0,82
scalper;False;scalper neat long · lag_long · lateral · expo 0.28 · stop sin stop · span 2.5% · venta 1.0–2.4%;-0,56;0,0;-0,56;-24,97;0,0;0,0;0,0;0,0;-4,06
scalper;False;scalper neat long · lag_long · lateral · expo 0.28 · stop sin stop · span 2.5% · venta 0.5–1.5%;-0,85;0,0;-0,85;-20,56;0,0;0,0;0,0;0,0;-5,85
scalper;False;scalper neat long · lag_long · lateral · expo 0.28 · stop sin stop · span 2.5% · venta 2.0–4.0%;0,28;0,0;0,0;-23,51;0,0;0,0;0,0;0,0;1,07
scalper;False;scalper neat long · lag_long · lateral · expo 0.28 · stop sin stop · span 5.0% · venta 1.0–2.4%;-0,92;0,0;-0,92;-23,95;0,0;0,0;0,0;0,0;-6,09
scalper;False;scalper neat long · lag_long · lateral · expo 0.28 · stop sin stop · span 5.0% · venta 2.0–4.0%;-0,49;0,0;-0,49;-24,63;0,0;0,0;0,0;0,0;-3,6
scalper;False;scalper neat long · lag_long · lateral · expo 0.4 · stop 3% · span 2.5% · venta 0.5–1.5%;-1,25;0,0;-1,25;-24,91;0,0;0,0;0,0;0,0;-7,97
scalper;False;scalper neat long · lag_long · lateral · expo 0.4 · stop 3% · span 1.5% · venta 2.0–4.0%;-0,38;0,0;-0,38;-24,17;0,0;0,0;0,0;0,0;-3,33
scalper;False;scalper neat long · lag_long · lateral · expo 0.4 · stop 3% · span 2.5% · venta 1.0–2.4%;-1,23;0,0;-1,23;-24,79;0,0;0,0;0,0;0,0;-7,78
scalper;False;scalper neat long · lag_long · lateral · expo 0.4 · stop 3% · span 2.5% · venta 2.0–4.0%;-0,98;0,0;-0,98;-24,11;0,0;0,0;0,0;0,0;-6,42
scalper;False;scalper neat long · lag_long · lateral · expo 0.4 · stop 3% · span 5.0% · venta 0.5–1.5%;-0,97;-0,33;-0,97;-24,42;0,0;0,0;0,0;0,0;-8,19
scalper;False;scalper neat long · lag_long · lateral · expo 0.4 · stop 3% · span 5.0% · venta 1.0–2.4%;-0,58;-0,41;-0,58;-24,8;0,0;0,0;0,0;0,0;-6,51
scalper;False;scalper neat long · lag_long · lateral · expo 0.4 · stop 3% · span 5.0% · venta 2.0–4.0%;-0,75;-0,24;-0,75;-24,06;0,0;0,0;0,0;0,0;-6,55
scalper;False;scalper neat long · lag_long · lateral · expo 0.4 · stop 5% · span 1.5% · venta 0.5–1.5%;-1,0;0,0;-1,0;-24,4;0,0;0,0;0,0;0,0;-6,78
scalper;False;scalper neat long · lag_long · lateral · expo 0.4 · stop 5% · span 1.5% · venta 1.0–2.4%;-1,07;0,0;-1,07;-24,88;0,0;0,0;0,0;0,0;-7,0
scalper;False;scalper neat long · lag_long · lateral · expo 0.4 · stop 5% · span 1.5% · venta 2.0–4.0%;-0,22;-0,16;-0,22;-23,17;0,0;0,0;0,0;0,0;-3,31
scalper;False;scalper neat long · lag_long · lateral · expo 0.4 · stop 5% · span 2.5% · venta 0.5–1.5%;-1,18;0,0;-1,18;-24,33;0,0;0,0;0,0;0,0;-7,75
scalper;False;scalper neat long · lag_long · lateral · expo 0.4 · stop 5% · span 2.5% · venta 1.0–2.4%;-0,98;0,0;-0,98;-24,67;0,0;0,0;0,0;0,0;-6,52
scalper;False;scalper neat long · lag_long · lateral · expo 0.4 · stop 5% · span 5.0% · venta 1.0–2.4%;-0,58;-0,14;-0,58;-24,28;0,0;0,0;0,0;0,0;-4,87
scalper;False;scalper neat long · lag_long · lateral · expo 0.4 · stop 8% · span 1.5% · venta 2.0–4.0%;0,45;-0,2;-0,2;-23,86;0,0;0,0;0,0;0,0;-0,25
scalper;False;scalper neat long · lag_long · lateral · expo 0.4 · stop 8% · span 2.5% · venta 0.5–1.5%;-0,92;-0,22;-0,92;-24,03;0,0;0,0;0,0;0,0;-7,58
scalper;False;scalper neat long · lag_long · lateral · expo 0.4 · stop 8% · span 2.5% · venta 1.0–2.4%;-0,78;0,0;-0,78;-23,9;0,0;0,0;0,0;0,0;-5,59
scalper;False;scalper neat long · lag_long · lateral · expo 0.4 · stop 8% · span 2.5% · venta 2.0–4.0%;0,2;-0,15;-0,15;-23,82;0,0;0,0;0,0;0,0;-1,26
scalper;False;scalper neat long · lag_long · lateral · expo 0.4 · stop 8% · span 5.0% · venta 2.0–4.0%;-0,08;0,0;-0,08;-21,93;0,0;0,0;0,0;0,0;-1,15
scalper;False;scalper neat long · lag_long · lateral · expo 0.4 · stop 12% · span 1.5% · venta 1.0–2.4%;0,08;0,0;0,0;-23,43;0,0;0,0;0,0;0,0;-1,15
scalper;False;scalper neat long · lag_long · lateral · expo 0.4 · stop 12% · span 1.5% · venta 0.5–1.5%;-0,34;0,0;-0,34;-24,52;0,0;0,0;0,0;0,0;-3,23
scalper;False;scalper neat long · lag_long · lateral · expo 0.4 · stop 12% · span 1.5% · venta 2.0–4.0%;0,71;0,0;0,0;-24,34;0,0;0,0;0,0;0,0;2,07
scalper;False;scalper neat long · lag_long · lateral · expo 0.4 · stop 12% · span 2.5% · venta 1.0–2.4%;-0,15;0,0;-0,15;-24,67;0,0;0,0;0,0;0,0;-1,87
scalper;False;scalper neat long · lag_long · lateral · expo 0.4 · stop 12% · span 2.5% · venta 2.0–4.0%;0,44;0,0;0,0;-21,5;0,0;0,0;0,0;0,0;1,31
scalper;False;scalper neat long · lag_long · lateral · expo 0.4 · stop 12% · span 2.5% · venta 0.5–1.5%;-0,81;0,0;-0,81;-23,46;0,0;0,0;0,0;0,0;-5,85
scalper;False;scalper neat long · lag_long · lateral · expo 0.4 · stop 12% · span 5.0% · venta 2.0–4.0%;-0,11;0,0;-0,11;-23,59;0,0;0,0;0,0;0,0;-1,45
scalper;False;scalper neat long · lag_long · lateral · expo 0.4 · stop 12% · span 5.0% · venta 1.0–2.4%;-0,75;0,0;-0,75;-22,83;0,0;0,0;0,0;0,0;-5,49
scalper;False;scalper neat long · lag_long · lateral · expo 0.4 · stop sin stop · span 1.5% · venta 0.5–1.5%;-0,48;0,0;-0,48;-23,26;0,0;0,0;0,0;0,0;-4,09
scalper;False;scalper neat long · lag_long · lateral · expo 0.4 · stop sin stop · span 1.5% · venta 1.0–2.4%;-0,93;0,0;-0,93;-23,71;0,0;0,0;0,0;0,0;-6,18
scalper;False;scalper neat long · lag_long · lateral · expo 0.4 · stop sin stop · span 1.5% · venta 2.0–4.0%;-0,62;0,0;-0,62;-21,16;0,0;0,0;0,0;0,0;-4,3
scalper;False;scalper neat long · lag_long · lateral · expo 0.4 · stop sin stop · span 2.5% · venta 1.0–2.4%;-0,04;0,0;-0,04;-24,54;0,0;0,0;0,0;0,0;-1,12
scalper;False;scalper neat long · lag_long · lateral · expo 0.4 · stop sin stop · span 2.5% · venta 0.5–1.5%;-1,02;0,0;-1,02;-23,46;0,0;0,0;0,0;0,0;-6,74
scalper;False;scalper neat long · lag_long · lateral · expo 0.4 · stop sin stop · span 5.0% · venta 1.0–2.4%;-1,05;0,0;-1,05;-24,18;0,0;0,0;0,0;0,0;-6,98
scalper;False;scalper neat long · lag_long · lateral · expo 0.4 · stop sin stop · span 5.0% · venta 2.0–4.0%;-0,3;0,0;-0,3;-24,68;0,0;0,0;0,0;0,0;-2,73
scalper;False;scalper neat long · lag_long · lateral · expo 0.4 · stop sin stop · span 2.5% · venta 2.0–4.0%;0,43;0,0;0,0;-23,14;0,0;0,0;0,0;0,0;1,23
scalper;False;scalper neat long · lag_long · lateral+alcista · expo 0.1 · stop 3% · span 1.5% · venta 0.5–1.5%;-1,07;-0,26;-1,07;-24,98;0,0;0,0;0,0;0,0;-8,27
scalper;False;scalper neat long · lag_long · lateral+alcista · expo 0.1 · stop 3% · span 1.5% · venta 1.0–2.4%;-0,72;-0,58;-0,72;-24,76;0,0;0,0;0,0;0,0;-8,04
scalper;False;scalper neat long · lag_long · lateral+alcista · expo 0.1 · stop 3% · span 2.5% · venta 0.5–1.5%;-0,77;-0,59;-0,77;-24,77;0,0;0,0;0,0;0,0;-8,31
scalper;False;scalper neat long · lag_long · lateral+alcista · expo 0.1 · stop 3% · span 2.5% · venta 2.0–4.0%;-0,53;-0,58;-0,58;-21,35;-0,13;-1,56;-4,11;0,0;-6,94
scalper;False;scalper neat long · lag_long · lateral+alcista · expo 0.1 · stop 3% · span 2.5% · venta 1.0–2.4%;-0,7;-0,66;-0,7;-24,94;0,0;0,0;0,0;0,0;-8,34
scalper;False;scalper neat long · lag_long · lateral+alcista · expo 0.1 · stop 3% · span 5.0% · venta 0.5–1.5%;-0,29;-0,26;-0,29;-12,55;-0,52;-6,17;-15,61;0,0;-3,47
scalper;False;scalper neat long · lag_long · lateral+alcista · expo 0.1 · stop 5% · span 1.5% · venta 0.5–1.5%;-1,2;-0,14;-1,2;-24,88;0,0;0,0;0,0;0,0;-8,35
scalper;False;scalper neat long · lag_long · lateral+alcista · expo 0.1 · stop 3% · span 5.0% · venta 1.0–2.4%;-0,18;-0,1;-0,18;-10,57;-0,4;-4,83;-13,34;3,1;-1,81
scalper;False;scalper neat long · lag_long · lateral+alcista · expo 0.1 · stop 5% · span 1.5% · venta 1.0–2.4%;-0,72;-0,59;-0,72;-24,8;0,0;0,0;0,0;0,0;-8,16
scalper;False;scalper neat long · lag_long · lateral+alcista · expo 0.1 · stop 3% · span 5.0% · venta 2.0–4.0%;-0,52;-0,13;-0,52;-15,13;-0,34;-4,2;-11,63;0,0;-4,23
scalper;False;scalper neat long · lag_long · lateral+alcista · expo 0.1 · stop 5% · span 1.5% · venta 2.0–4.0%;-0,67;-0,53;-0,67;-24,56;0,0;0,0;0,0;0,0;-7,64
scalper;False;scalper neat long · lag_long · lateral+alcista · expo 0.1 · stop 5% · span 2.5% · venta 0.5–1.5%;-0,62;-0,58;-0,62;-24,3;-0,1;-1,15;-3,08;0,0;-7,52
scalper;False;scalper neat long · lag_long · lateral+alcista · expo 0.1 · stop 5% · span 2.5% · venta 1.0–2.4%;-0,91;-0,43;-0,91;-24,78;0,0;0,0;0,0;0,0;-8,39
scalper;False;scalper neat long · lag_long · lateral+alcista · expo 0.1 · stop 5% · span 2.5% · venta 2.0–4.0%;-0,48;-0,38;-0,48;-20,65;-0,29;-3,57;-9,23;3,1;-5,63
scalper;False;scalper neat long · lag_long · lateral+alcista · expo 0.1 · stop 5% · span 5.0% · venta 0.5–1.5%;-0,25;-0,29;-0,29;-14,15;-0,45;-5,44;-14,65;3,1;-3,42
scalper;False;scalper neat long · lag_long · lateral+alcista · expo 0.1 · stop 8% · span 1.5% · venta 0.5–1.5%;-1,31;0,0;-1,31;-24,88;0,0;0,0;0,0;0,0;-8,27
scalper;False;scalper neat long · lag_long · lateral+alcista · expo 0.1 · stop 8% · span 1.5% · venta 2.0–4.0%;-0,7;-0,32;-0,7;-24,73;0,0;0,0;0,0;0,0;-6,7
scalper;False;scalper neat long · lag_long · lateral+alcista · expo 0.1 · stop 8% · span 1.5% · venta 1.0–2.4%;-0,53;-0,64;-0,64;-24,42;0,0;0,0;0,0;0,0;-7,31
scalper;False;scalper neat long · lag_long · lateral+alcista · expo 0.1 · stop 5% · span 5.0% · venta 1.0–2.4%;-0,23;0,0;-0,23;-11,04;-0,16;-2,15;-10,18;9,4;-1,57
scalper;False;scalper neat long · lag_long · lateral+alcista · expo 0.1 · stop 8% · span 2.5% · venta 0.5–1.5%;-0,49;-0,75;-0,75;-24,75;0,0;0,0;0,0;0,0;-7,64
scalper;False;scalper neat long · lag_long · lateral+alcista · expo 0.1 · stop 5% · span 5.0% · venta 2.0–4.0%;-0,35;-0,07;-0,35;-15,63;-0,53;-6,44;-16,28;9,4;-2,79
scalper;False;scalper neat long · lag_long · lateral+alcista · expo 0.1 · stop 8% · span 2.5% · venta 1.0–2.4%;-0,39;-0,17;-0,39;-20,75;-0,31;-3,83;-9,89;3,1;-3,64
scalper;False;scalper neat long · lag_long · lateral+alcista · expo 0.1 · stop 8% · span 2.5% · venta 2.0–4.0%;0,19;0,14;0,14;-11,11;-0,66;-8,13;-21,1;12,5;1,87
scalper;False;scalper neat long · lag_long · lateral+alcista · expo 0.1 · stop 8% · span 5.0% · venta 0.5–1.5%;-0,47;-0,16;-0,47;-19,13;-0,33;-4,31;-12,98;9,4;-4,1
scalper;False;scalper neat long · lag_long · lateral+alcista · expo 0.1 · stop 8% · span 5.0% · venta 1.0–2.4%;-0,28;0,26;-0,28;-11,47;-0,29;-3,81;-16,47;12,5;-0,38
scalper;False;scalper neat long · lag_long · lateral+alcista · expo 0.1 · stop 8% · span 5.0% · venta 2.0–4.0%;0,15;0,46;0,15;-9,64;-0,46;-5,79;-16,51;6,2;3,6
scalper;False;scalper neat long · lag_long · lateral+alcista · expo 0.1 · stop 12% · span 1.5% · venta 1.0–2.4%;0,23;-0,7;-0,7;-24,31;0,0;0,0;0,0;0,0;-3,2
scalper;False;scalper neat long · lag_long · lateral+alcista · expo 0.1 · stop 12% · span 1.5% · venta 2.0–4.0%;-0,29;-0,49;-0,49;-24,92;0,0;0,0;0,0;0,0;-5,59
scalper;False;scalper neat long · lag_long · lateral+alcista · expo 0.1 · stop 12% · span 2.5% · venta 0.5–1.5%;-0,27;-0,04;-0,27;-21,92;-0,35;-4,36;-11,19;3,1;-2,28
scalper;False;scalper neat long · lag_long · lateral+alcista · expo 0.1 · stop 12% · span 2.5% · venta 1.0–2.4%;0,02;-0,02;-0,02;-20,82;-0,37;-4,79;-13,11;6,2;-0,39
scalper;False;scalper neat long · lag_long · lateral+alcista · expo 0.1 · stop sin stop · span 1.5% · venta 0.5–1.5%;-0,43;-0,43;-0,43;-24,77;0,0;0,0;0,0;0,0;-5,7
scalper;False;scalper neat long · lag_long · lateral+alcista · expo 0.1 · stop 12% · span 2.5% · venta 2.0–4.0%;0,58;0,11;0,11;-18,57;-0,58;-7,15;-20,3;6,2;3,99
scalper;False;scalper neat long · lag_long · lateral+alcista · expo 0.1 · stop 12% · span 5.0% · venta 0.5–1.5%;-0,79;0,2;-0,79;-23,62;-0,31;-3,9;-13,07;3,1;-4,11
scalper;False;scalper neat long · lag_long · lateral+alcista · expo 0.1 · stop 12% · span 5.0% · venta 1.0–2.4%;-0,61;0,5;-0,61;-19,2;-0,48;-6,14;-19,9;6,2;-1,2
scalper;False;scalper neat long · lag_long · lateral+alcista · expo 0.1 · stop sin stop · span 1.5% · venta 2.0–4.0%;-0,31;-0,22;-0,31;-24,61;0,0;0,0;0,0;0,0;-4,19
scalper;False;scalper neat long · lag_long · lateral+alcista · expo 0.1 · stop sin stop · span 1.5% · venta 1.0–2.4%;0,42;-0,66;-0,66;-24,54;0,0;0,0;0,0;0,0;-1,9
scalper;False;scalper neat long · lag_long · lateral+alcista · expo 0.1 · stop 12% · span 5.0% · venta 2.0–4.0%;0,31;0,31;0,31;-18,57;-0,56;-7,1;-22,14;12,5;3,48
scalper;False;scalper neat long · lag_long · lateral+alcista · expo 0.1 · stop sin stop · span 2.5% · venta 0.5–1.5%;-0,04;0,13;-0,04;-16,49;-0,6;-7,38;-18,47;3,1;0,16
scalper;False;scalper neat long · lag_long · lateral+alcista · expo 0.1 · stop sin stop · span 2.5% · venta 1.0–2.4%;-0,01;0,21;-0,01;-18,99;-0,51;-6,27;-17,62;6,2;0,71
scalper;False;scalper neat long · lag_long · lateral+alcista · expo 0.2 · stop 3% · span 1.5% · venta 1.0–2.4%;-1,16;0,0;-1,16;-24,37;0,0;0,0;0,0;0,0;-7,43
scalper;False;scalper neat long · lag_long · lateral+alcista · expo 0.1 · stop sin stop · span 5.0% · venta 0.5–1.5%;-0,15;0,14;-0,15;-14,2;-0,61;-7,5;-20,56;3,1;-0,36
scalper;False;scalper neat long · lag_long · lateral+alcista · expo 0.1 · stop sin stop · span 5.0% · venta 1.0–2.4%;-0,22;0,44;-0,22;-12,73;-0,67;-8,28;-23,69;6,2;0,94
scalper;False;scalper neat long · lag_long · lateral+alcista · expo 0.1 · stop sin stop · span 5.0% · venta 2.0–4.0%;0,11;0,54;0,11;-20,21;-0,66;-8,34;-23,48;15,6;3,32
scalper;False;scalper neat long · lag_long · lateral+alcista · expo 0.2 · stop 3% · span 1.5% · venta 2.0–4.0%;-0,9;-0,17;-0,9;-24,48;0,0;0,0;0,0;0,0;-7,24
scalper;False;scalper neat long · lag_long · lateral+alcista · expo 0.2 · stop 3% · span 2.5% · venta 2.0–4.0%;-1,06;-0,15;-1,06;-24,36;0,0;0,0;0,0;0,0;-7,83
scalper;False;scalper neat long · lag_long · lateral+alcista · expo 0.2 · stop 3% · span 2.5% · venta 1.0–2.4%;-1,27;0,0;-1,27;-24,49;0,0;0,0;0,0;0,0;-8,07
scalper;False;scalper neat long · lag_long · lateral+alcista · expo 0.2 · stop 3% · span 2.5% · venta 0.5–1.5%;-1,31;0,0;-1,31;-24,72;0,0;0,0;0,0;0,0;-8,23
scalper;False;scalper neat long · lag_long · lateral+alcista · expo 0.2 · stop 5% · span 1.5% · venta 0.5–1.5%;-1,29;0,0;-1,29;-24,87;0,0;0,0;0,0;0,0;-8,28
scalper;False;scalper neat long · lag_long · lateral+alcista · expo 0.2 · stop 3% · span 5.0% · venta 0.5–1.5%;-0,57;-0,76;-0,76;-24,84;0,0;0,0;0,0;0,0;-8,25
scalper;False;scalper neat long · lag_long · lateral+alcista · expo 0.2 · stop 3% · span 5.0% · venta 1.0–2.4%;-0,26;-0,01;-0,26;-16,39;-0,4;-4,87;-14,88;3,1;-2,03
scalper;False;scalper neat long · lag_long · lateral+alcista · expo 0.2 · stop 5% · span 1.5% · venta 2.0–4.0%;-0,87;-0,25;-0,87;-24,81;0,0;0,0;0,0;0,0;-7,93
scalper;False;scalper neat long · lag_long · lateral+alcista · expo 0.2 · stop 5% · span 2.5% · venta 0.5–1.5%;-1,28;0,0;-1,28;-24,56;0,0;0,0;0,0;0,0;-8,31
scalper;False;scalper neat long · lag_long · lateral+alcista · expo 0.2 · stop 5% · span 2.5% · venta 1.0–2.4%;-1,25;0,0;-1,25;-23,91;0,0;0,0;0,0;0,0;-8,07
scalper;False;scalper neat long · lag_long · lateral+alcista · expo 0.2 · stop 5% · span 5.0% · venta 1.0–2.4%;-0,85;0,06;-0,85;-23,65;-0,25;-3,06;-7,95;0,0;-5,63
scalper;False;scalper neat long · lag_long · lateral+alcista · expo 0.2 · stop 5% · span 5.0% · venta 0.5–1.5%;-0,35;-0,75;-0,75;-24,27;0,0;0,0;0,0;0,0;-6,92
scalper;False;scalper neat long · lag_long · lateral+alcista · expo 0.2 · stop 5% · span 5.0% · venta 2.0–4.0%;-0,82;-0,42;-0,82;-23,96;0,0;0,0;0,0;0,0;-8,08
scalper;False;scalper neat long · lag_long · lateral+alcista · expo 0.2 · stop 8% · span 1.5% · venta 0.5–1.5%;-1,26;0,0;-1,26;-24,73;0,0;0,0;0,0;0,0;-8,06
scalper;False;scalper neat long · lag_long · lateral+alcista · expo 0.2 · stop 8% · span 2.5% · venta 0.5–1.5%;-0,78;-0,24;-0,78;-24,46;0,0;0,0;0,0;0,0;-6,55
scalper;False;scalper neat long · lag_long · lateral+alcista · expo 0.2 · stop 8% · span 5.0% · venta 0.5–1.5%;-0,72;-0,29;-0,72;-24,84;0,0;0,0;0,0;0,0;-6,67
scalper;False;scalper neat long · lag_long · lateral+alcista · expo 0.2 · stop 12% · span 1.5% · venta 0.5–1.5%;-1,07;0,0;-1,07;-23,86;0,0;0,0;0,0;0,0;-7,04
scalper;False;scalper neat long · lag_long · lateral+alcista · expo 0.2 · stop 12% · span 1.5% · venta 1.0–2.4%;0,39;-0,51;-0,51;-24,76;0,0;0,0;0,0;0,0;-1,57
scalper;False;scalper neat long · lag_long · lateral+alcista · expo 0.2 · stop 12% · span 1.5% · venta 2.0–4.0%;0,54;-0,24;-0,24;-24,56;0,0;0,0;0,0;0,0;0,46
scalper;False;scalper neat long · lag_long · lateral+alcista · expo 0.2 · stop 12% · span 2.5% · venta 0.5–1.5%;-0,19;-0,18;-0,19;-24,51;0,0;0,0;0,0;0,0;-2,81
scalper;False;scalper neat long · lag_long · lateral+alcista · expo 0.2 · stop 12% · span 2.5% · venta 1.0–2.4%;-0,27;0,0;-0,27;-24,38;0,0;0,0;0,0;0,0;-2,17
scalper;False;scalper neat long · lag_long · lateral+alcista · expo 0.2 · stop 8% · span 5.0% · venta 2.0–4.0%;0,29;0,86;0,29;-19,27;-0,36;-5,01;-16,48;15,6;6,4
scalper;False;scalper neat long · lag_long · lateral+alcista · expo 0.2 · stop 12% · span 5.0% · venta 1.0–2.4%;-0,46;0,0;-0,46;-23,2;0,0;0,0;0,0;0,0;-3,45
scalper;False;scalper neat long · lag_long · lateral+alcista · expo 0.2 · stop sin stop · span 1.5% · venta 0.5–1.5%;-0,93;0,0;-0,93;-23,97;0,0;0,0;0,0;0,0;-6,3
scalper;False;scalper neat long · lag_long · lateral+alcista · expo 0.2 · stop sin stop · span 1.5% · venta 1.0–2.4%;0,11;-0,15;-0,15;-24,39;0,0;0,0;0,0;0,0;-1,27
scalper;False;scalper neat long · lag_long · lateral+alcista · expo 0.2 · stop sin stop · span 2.5% · venta 0.5–1.5%;0,01;-0,34;-0,34;-24,41;0,0;0,0;0,0;0,0;-2,81
scalper;False;scalper neat long · lag_long · lateral+alcista · expo 0.2 · stop sin stop · span 1.5% · venta 2.0–4.0%;0,63;0,0;0,0;-24,45;0,0;0,0;0,0;0,0;2,95
scalper;False;scalper neat long · lag_long · lateral+alcista · expo 0.2 · stop sin stop · span 2.5% · venta 1.0–2.4%;-0,39;0,0;-0,39;-23,98;0,0;0,0;0,0;0,0;-3,04
scalper;False;scalper neat long · lag_long · lateral+alcista · expo 0.2 · stop sin stop · span 5.0% · venta 0.5–1.5%;-0,67;0,0;-0,67;-24,88;0,0;0,0;0,0;0,0;-4,82
scalper;False;scalper neat long · lag_long · lateral+alcista · expo 0.2 · stop sin stop · span 2.5% · venta 2.0–4.0%;1,23;1,03;1,03;-20,71;-0,57;-7,75;-24,57;6,2;13,46
scalper;False;scalper neat long · lag_long · lateral+alcista · expo 0.2 · stop sin stop · span 5.0% · venta 2.0–4.0%;-0,03;0,03;-0,03;-24,54;0,0;0,0;0,0;0,0;-0,83
scalper;False;scalper neat long · lag_long · lateral+alcista · expo 0.28 · stop 3% · span 1.5% · venta 0.5–1.5%;-1,23;0,0;-1,23;-24,87;0,0;0,0;0,0;0,0;-7,89
scalper;False;scalper neat long · lag_long · lateral+alcista · expo 0.28 · stop 3% · span 1.5% · venta 1.0–2.4%;-1,15;0,0;-1,15;-24,71;0,0;0,0;0,0;0,0;-7,42
scalper;False;scalper neat long · lag_long · lateral+alcista · expo 0.28 · stop 3% · span 2.5% · venta 1.0–2.4%;-1,22;0,0;-1,22;-23,97;0,0;0,0;0,0;0,0;-7,79
scalper;False;scalper neat long · lag_long · lateral+alcista · expo 0.28 · stop 3% · span 2.5% · venta 0.5–1.5%;-1,28;0,0;-1,28;-24,59;0,0;0,0;0,0;0,0;-8,12
scalper;False;scalper neat long · lag_long · lateral+alcista · expo 0.28 · stop 3% · span 2.5% · venta 2.0–4.0%;-1,15;0,0;-1,15;-23,84;0,0;0,0;0,0;0,0;-7,45
scalper;False;scalper neat long · lag_long · lateral+alcista · expo 0.28 · stop 3% · span 5.0% · venta 1.0–2.4%;-0,61;-0,19;-0,61;-24,67;0,0;0,0;0,0;0,0;-5,59
scalper;False;scalper neat long · lag_long · lateral+alcista · expo 0.28 · stop 5% · span 1.5% · venta 0.5–1.5%;-1,26;0,0;-1,26;-24,45;0,0;0,0;0,0;0,0;-8,07
scalper;False;scalper neat long · lag_long · lateral+alcista · expo 0.28 · stop 5% · span 1.5% · venta 1.0–2.4%;-1,17;0,0;-1,17;-24,47;0,0;0,0;0,0;0,0;-7,62
scalper;False;scalper neat long · lag_long · lateral+alcista · expo 0.28 · stop 5% · span 1.5% · venta 2.0–4.0%;-0,33;-0,45;-0,45;-24,5;0,0;0,0;0,0;0,0;-5,63
scalper;False;scalper neat long · lag_long · lateral+alcista · expo 0.28 · stop 5% · span 2.5% · venta 0.5–1.5%;-1,27;0,0;-1,27;-24,61;0,0;0,0;0,0;0,0;-8,33
scalper;False;scalper neat long · lag_long · lateral+alcista · expo 0.28 · stop 5% · span 2.5% · venta 2.0–4.0%;-0,51;-0,12;-0,51;-24,49;0,0;0,0;0,0;0,0;-5,13
scalper;False;scalper neat long · lag_long · lateral+alcista · expo 0.28 · stop 5% · span 2.5% · venta 1.0–2.4%;-1,15;-0,01;-1,15;-24,43;0,0;0,0;0,0;0,0;-8,08
scalper;False;scalper neat long · lag_long · lateral+alcista · expo 0.28 · stop 5% · span 5.0% · venta 1.0–2.4%;-0,32;-0,38;-0,38;-24,77;0,0;0,0;0,0;0,0;-5,14
scalper;False;scalper neat long · lag_long · lateral+alcista · expo 0.28 · stop 5% · span 5.0% · venta 2.0–4.0%;-0,65;-0,58;-0,65;-24,38;0,0;0,0;0,0;0,0;-8,24
scalper;False;scalper neat long · lag_long · lateral+alcista · expo 0.28 · stop 8% · span 1.5% · venta 0.5–1.5%;-1,22;0,0;-1,22;-24,64;0,0;0,0;0,0;0,0;-7,9
scalper;False;scalper neat long · lag_long · lateral+alcista · expo 0.28 · stop 8% · span 1.5% · venta 1.0–2.4%;-0,97;0,0;-0,97;-23,75;0,0;0,0;0,0;0,0;-6,37
scalper;False;scalper neat long · lag_long · lateral+alcista · expo 0.28 · stop 8% · span 1.5% · venta 2.0–4.0%;-0,12;-0,08;-0,12;-23,78;0,0;0,0;0,0;0,0;-2,14
scalper;False;scalper neat long · lag_long · lateral+alcista · expo 0.28 · stop 8% · span 2.5% · venta 0.5–1.5%;-0,9;0,0;-0,9;-22,08;0,0;0,0;0,0;0,0;-6,04
scalper;False;scalper neat long · lag_long · lateral+alcista · expo 0.28 · stop 8% · span 2.5% · venta 1.0–2.4%;-0,14;-0,26;-0,26;-23,97;0,0;0,0;0,0;0,0;-3,18
scalper;False;scalper neat long · lag_long · lateral+alcista · expo 0.28 · stop 8% · span 5.0% · venta 1.0–2.4%;-0,4;0,0;-0,4;-22,77;0,0;0,0;0,0;0,0;-2,81
scalper;False;scalper neat long · lag_long · lateral+alcista · expo 0.28 · stop 8% · span 5.0% · venta 0.5–1.5%;-0,67;-0,2;-0,67;-24,76;0,0;0,0;0,0;0,0;-5,97
scalper;False;scalper neat long · lag_long · lateral+alcista · expo 0.28 · stop 12% · span 1.5% · venta 0.5–1.5%;-0,83;0,0;-0,83;-24,29;0,0;0,0;0,0;0,0;-5,74
scalper;False;scalper neat long · lag_long · lateral+alcista · expo 0.28 · stop 8% · span 5.0% · venta 2.0–4.0%;0,62;1,1;0,62;-24,26;-0,63;-8,56;-23,17;15,6;9,89
scalper;False;scalper neat long · lag_long · lateral+alcista · expo 0.28 · stop 12% · span 2.5% · venta 1.0–2.4%;-0,09;0,0;-0,09;-24,51;0,0;0,0;0,0;0,0;-1,47
scalper;False;scalper neat long · lag_long · lateral+alcista · expo 0.28 · stop 12% · span 5.0% · venta 0.5–1.5%;-0,7;0,0;-0,7;-24,93;0,0;0,0;0,0;0,0;-4,82
scalper;False;scalper neat long · lag_long · lateral+alcista · expo 0.28 · stop 12% · span 5.0% · venta 2.0–4.0%;0,74;0,04;0,04;-23,58;0,0;0,0;0,0;0,0;4,02
scalper;False;scalper neat long · lag_long · lateral+alcista · expo 0.28 · stop sin stop · span 1.5% · venta 1.0–2.4%;0,19;0,0;0,0;-23,95;0,0;0,0;0,0;0,0;0,21
scalper;False;scalper neat long · lag_long · lateral+alcista · expo 0.28 · stop sin stop · span 2.5% · venta 0.5–1.5%;-0,01;0,0;-0,01;-23,9;0,0;0,0;0,0;0,0;-1,03
scalper;False;scalper neat long · lag_long · lateral+alcista · expo 0.28 · stop sin stop · span 5.0% · venta 2.0–4.0%;0,8;-0,13;-0,13;-22,45;0,0;0,0;0,0;0,0;3,23
scalper;False;scalper neat long · lag_long · lateral+alcista · expo 0.28 · stop sin stop · span 5.0% · venta 0.5–1.5%;-0,01;-0,37;-0,37;-24,19;0,0;0,0;0,0;0,0;-3,19
scalper;False;scalper neat long · lag_long · lateral+alcista · expo 0.4 · stop 3% · span 1.5% · venta 0.5–1.5%;-1,17;0,0;-1,17;-24,45;0,0;0,0;0,0;0,0;-7,51
scalper;False;scalper neat long · lag_long · lateral+alcista · expo 0.4 · stop 3% · span 1.5% · venta 1.0–2.4%;-1,07;0,0;-1,07;-24,45;0,0;0,0;0,0;0,0;-6,92
scalper;False;scalper neat long · lag_long · lateral+alcista · expo 0.4 · stop 3% · span 2.5% · venta 0.5–1.5%;-1,24;0,0;-1,24;-24,24;0,0;0,0;0,0;0,0;-7,9
scalper;False;scalper neat long · lag_long · lateral+alcista · expo 0.4 · stop 3% · span 1.5% · venta 2.0–4.0%;-0,01;-0,05;-0,05;-24,24;0,0;0,0;0,0;0,0;-1,66
scalper;False;scalper neat long · lag_long · lateral+alcista · expo 0.4 · stop 3% · span 2.5% · venta 1.0–2.4%;-1,25;0,0;-1,25;-24,77;0,0;0,0;0,0;0,0;-7,96
scalper;False;scalper neat long · lag_long · lateral+alcista · expo 0.4 · stop 3% · span 2.5% · venta 2.0–4.0%;-1,12;0,0;-1,12;-24,08;0,0;0,0;0,0;0,0;-7,43
scalper;False;scalper neat long · lag_long · lateral+alcista · expo 0.4 · stop 3% · span 5.0% · venta 1.0–2.4%;-0,39;-0,19;-0,39;-24,2;0,0;0,0;0,0;0,0;-4,09
scalper;False;scalper neat long · lag_long · lateral+alcista · expo 0.4 · stop 3% · span 5.0% · venta 2.0–4.0%;-0,92;0,0;-0,92;-24,25;0,0;0,0;0,0;0,0;-6,14
scalper;False;scalper neat long · lag_long · lateral+alcista · expo 0.4 · stop 5% · span 1.5% · venta 0.5–1.5%;-1,18;0,0;-1,18;-24,35;0,0;0,0;0,0;0,0;-7,94
scalper;False;scalper neat long · lag_long · lateral+alcista · expo 0.4 · stop 5% · span 1.5% · venta 1.0–2.4%;-1,11;0,0;-1,11;-24,14;0,0;0,0;0,0;0,0;-7,19
scalper;False;scalper neat long · lag_long · lateral+alcista · expo 0.4 · stop 5% · span 2.5% · venta 0.5–1.5%;-1,11;0,0;-1,11;-24,62;0,0;0,0;0,0;0,0;-7,45
scalper;False;scalper neat long · lag_long · lateral+alcista · expo 0.4 · stop 5% · span 2.5% · venta 2.0–4.0%;-0,84;0,0;-0,84;-24,05;0,0;0,0;0,0;0,0;-5,41
scalper;False;scalper neat long · lag_long · lateral+alcista · expo 0.4 · stop 5% · span 2.5% · venta 1.0–2.4%;-0,99;0,0;-0,99;-24,93;0,0;0,0;0,0;0,0;-6,46
scalper;False;scalper neat long · lag_long · lateral+alcista · expo 0.4 · stop 5% · span 5.0% · venta 2.0–4.0%;-1,25;0,0;-1,25;-23,84;0,0;0,0;0,0;0,0;-7,97
scalper;False;scalper neat long · lag_long · lateral+alcista · expo 0.4 · stop 8% · span 1.5% · venta 1.0–2.4%;-0,66;0,0;-0,66;-24,12;0,0;0,0;0,0;0,0;-4,6
scalper;False;scalper neat long · lag_long · lateral+alcista · expo 0.4 · stop 5% · span 5.0% · venta 0.5–1.5%;-0,1;-0,49;-0,49;-23,1;0,0;0,0;0,0;0,0;-4,17
scalper;False;scalper neat long · lag_long · lateral+alcista · expo 0.4 · stop 5% · span 5.0% · venta 1.0–2.4%;0,1;-0,4;-0,4;-24,63;0,0;0,0;0,0;0,0;-2,37
scalper;False;scalper neat long · lag_long · lateral+alcista · expo 0.4 · stop 8% · span 1.5% · venta 2.0–4.0%;0,37;-0,03;-0,03;-23,72;0,0;0,0;0,0;0,0;0,58
scalper;False;scalper neat long · lag_long · lateral+alcista · expo 0.4 · stop 8% · span 2.5% · venta 1.0–2.4%;-0,42;0,0;-0,42;-23,65;0,0;0,0;0,0;0,0;-3,2
scalper;False;scalper neat long · lag_long · lateral+alcista · expo 0.4 · stop 8% · span 5.0% · venta 0.5–1.5%;-0,26;0,0;-0,26;-20,49;0,0;0,0;0,0;0,0;-2,04
scalper;False;scalper neat long · lag_long · lateral+alcista · expo 0.4 · stop 8% · span 5.0% · venta 1.0–2.4%;-0,25;0,0;-0,25;-24,36;0,0;0,0;0,0;0,0;-2,3
scalper;False;scalper neat long · lag_long · lateral+alcista · expo 0.4 · stop 8% · span 5.0% · venta 2.0–4.0%;0,2;0,0;0,0;-23,86;0,0;0,0;0,0;0,0;0,3
scalper;False;scalper neat long · lag_long · lateral+alcista · expo 0.4 · stop 12% · span 1.5% · venta 1.0–2.4%;-0,74;0,0;-0,74;-23,52;0,0;0,0;0,0;0,0;-4,87
scalper;False;scalper neat long · lag_long · lateral+alcista · expo 0.4 · stop 12% · span 1.5% · venta 0.5–1.5%;0,37;0,0;0,0;-22,3;0,0;0,0;0,0;0,0;1,95
scalper;False;scalper neat long · lag_long · lateral+alcista · expo 0.4 · stop 12% · span 1.5% · venta 2.0–4.0%;1,67;0,0;0,0;-22,57;0,0;0,0;0,0;0,0;9,41
scalper;False;scalper neat long · lag_long · lateral+alcista · expo 0.4 · stop 12% · span 2.5% · venta 1.0–2.4%;0,47;0,0;0,0;-23,19;0,0;0,0;0,0;0,0;2,09
scalper;False;scalper neat long · lag_long · lateral+alcista · expo 0.4 · stop 12% · span 2.5% · venta 0.5–1.5%;0,27;0,0;0,0;-24,63;0,0;0,0;0,0;0,0;0,57
scalper;False;scalper neat long · lag_long · lateral+alcista · expo 0.4 · stop 12% · span 5.0% · venta 0.5–1.5%;-0,59;0,0;-0,59;-23,95;0,0;0,0;0,0;0,0;-4,06
scalper;False;scalper neat long · lag_long · lateral+alcista · expo 0.4 · stop 12% · span 2.5% · venta 2.0–4.0%;0,68;0,0;0,0;-24,25;0,0;0,0;0,0;0,0;3,15
scalper;False;scalper neat long · lag_long · lateral+alcista · expo 0.4 · stop 12% · span 5.0% · venta 2.0–4.0%;1,2;0,0;0,0;-20,66;0,0;0,0;0,0;0,0;5,89
scalper;False;scalper neat long · lag_long · lateral+alcista · expo 0.4 · stop sin stop · span 1.5% · venta 1.0–2.4%;0,61;0,0;0,0;-23,57;0,0;0,0;0,0;0,0;2,91
scalper;False;scalper neat long · lag_long · lateral+alcista · expo 0.4 · stop sin stop · span 1.5% · venta 0.5–1.5%;0,28;-0,12;-0,12;-24,16;0,0;0,0;0,0;0,0;-0,2
scalper;False;scalper neat long · lag_long · lateral+alcista · expo 0.4 · stop sin stop · span 1.5% · venta 2.0–4.0%;3,29;0,22;0,22;-24,72;0,0;0,0;0,0;0,0;21,33
scalper;False;scalper neat long · lag_long · lateral+alcista · expo 0.4 · stop sin stop · span 2.5% · venta 0.5–1.5%;0,31;0,0;0,0;-22,91;0,0;0,0;0,0;0,0;0,77
scalper;False;scalper neat long · lag_long · lateral+alcista · expo 0.4 · stop sin stop · span 2.5% · venta 1.0–2.4%;0,8;0,0;0,0;-23,94;0,0;0,0;0,0;0,0;4,3
scalper;False;scalper neat long · lag_long · lateral+alcista · expo 0.4 · stop sin stop · span 5.0% · venta 0.5–1.5%;-0,55;0,0;-0,55;-23,75;0,0;0,0;0,0;0,0;-3,81
scalper;False;scalper neat long · lag_long · lateral+alcista · expo 0.4 · stop sin stop · span 2.5% · venta 2.0–4.0%;1,6;0,62;0,62;-24,06;0,0;0,0;0,0;0,0;11,35
scalper;False;scalper neat long · lag_long · lateral+alcista · expo 0.4 · stop sin stop · span 5.0% · venta 1.0–2.4%;-0,48;0,0;-0,48;-22,11;0,0;0,0;0,0;0,0;-3,81
scalper;False;scalper neat long · lag_long · lateral+alcista · expo 0.4 · stop sin stop · span 5.0% · venta 2.0–4.0%;0,49;3,83;0,49;-22,18;-0,8;-9,82;-24,91;3,1;27,65
recursive;False;recursive recursive long · momentum ·  · expo 0.1 · stop 5% · reentrada 1% ×0.6 · venta 0.5–1.5%;-0,53;-0,31;-0,53;-18,0;-0,27;-3,22;-8,61;0,0;-5,31
recursive;False;recursive recursive long · momentum ·  · expo 0.1 · stop 5% · reentrada 1% ×0.6 · venta 1.0–2.4%;-0,49;-0,25;-0,49;-17,63;-0,28;-3,5;-10,82;3,1;-4,69
recursive;False;recursive recursive long · momentum ·  · expo 0.1 · stop 5% · reentrada 1% ×1.0 · venta 1.0–2.4%;-0,54;-0,34;-0,54;-17,66;-0,23;-2,85;-11,13;0,0;-5,61
recursive;False;recursive recursive long · momentum ·  · expo 0.1 · stop 5% · reentrada 1% ×1.0 · venta 0.5–1.5%;-0,55;-0,46;-0,55;-20,95;-0,17;-1,97;-6,06;0,0;-6,34
recursive;False;recursive recursive long · momentum ·  · expo 0.1 · stop 5% · reentrada 2% ×0.6 · venta 0.5–1.5%;-0,24;-0,02;-0,24;-5,59;-0,07;-0,88;-3,52;0,0;-1,71
recursive;False;recursive recursive long · momentum ·  · expo 0.1 · stop 5% · reentrada 2% ×0.6 · venta 1.0–2.4%;0,21;0,04;0,04;-3,37;-0,04;-0,47;-3,3;0,0;1,54
recursive;False;recursive recursive long · momentum ·  · expo 0.1 · stop 5% · reentrada 2% ×1.0 · venta 1.0–2.4%;0,04;0,04;0,04;-4,91;-0,18;-2,12;-6,3;0,0;0,47
recursive;False;recursive recursive long · momentum ·  · expo 0.1 · stop 5% · reentrada 3% ×0.6 · venta 0.5–1.5%;-0,1;0,05;-0,1;-3,69;-0,03;-0,36;-2,33;0,0;-0,38
recursive;False;recursive recursive long · momentum ·  · expo 0.1 · stop 5% · reentrada 2% ×1.0 · venta 0.5–1.5%;-0,18;-0,13;-0,18;-7,8;-0,15;-1,85;-5,73;0,0;-2,0
recursive;False;recursive recursive long · momentum ·  · expo 0.1 · stop 5% · reentrada 3% ×0.6 · venta 1.0–2.4%;-0,02;0,16;-0,02;-3,34;0,01;0,15;-2,49;0,0;0,79
recursive;False;recursive recursive long · momentum ·  · expo 0.1 · stop 5% · reentrada 3% ×1.0 · venta 0.5–1.5%;-0,1;0,11;-0,1;-3,02;-0,07;-0,9;-3,69;0,0;-0,0
recursive;False;recursive recursive long · momentum ·  · expo 0.1 · stop 5% · reentrada 3% ×1.0 · venta 1.0–2.4%;-0,03;0,25;-0,03;-4,32;0,0;-0,01;-3,64;0,0;1,3
recursive;False;recursive recursive long · momentum ·  · expo 0.1 · stop 8% · reentrada 1% ×1.0 · venta 0.5–1.5%;-0,82;-0,31;-0,82;-22,54;-0,1;-1,17;-5,61;0,0;-7,24
recursive;False;recursive recursive long · momentum ·  · expo 0.1 · stop 8% · reentrada 1% ×0.6 · venta 0.5–1.5%;-0,66;0,02;-0,66;-17,7;-0,39;-4,67;-13,95;0,0;-4,26
recursive;False;recursive recursive long · momentum ·  · expo 0.1 · stop 8% · reentrada 1% ×0.6 · venta 1.0–2.4%;-0,42;0,05;-0,42;-14,64;-0,34;-4,29;-16,93;3,1;-2,62
recursive;False;recursive recursive long · momentum ·  · expo 0.1 · stop 8% · reentrada 1% ×1.0 · venta 1.0–2.4%;-0,43;-0,3;-0,43;-18,8;-0,25;-3,23;-14,43;3,1;-4,81
recursive;False;recursive recursive long · momentum ·  · expo 0.1 · stop 8% · reentrada 2% ×1.0 · venta 0.5–1.5%;-0,03;0,06;-0,03;-8,1;0,09;0,98;-3,06;0,0;0,08
recursive;False;recursive recursive long · momentum ·  · expo 0.1 · stop 8% · reentrada 2% ×0.6 · venta 0.5–1.5%;-0,08;0,11;-0,08;-6,64;0,06;0,65;-4,13;3,1;0,05
recursive;False;recursive recursive long · momentum ·  · expo 0.1 · stop 8% · reentrada 2% ×1.0 · venta 1.0–2.4%;0,33;0,25;0,25;-5,08;-0,0;-0,1;-5,85;0,0;3,66
recursive;False;recursive recursive long · momentum ·  · expo 0.1 · stop 8% · reentrada 2% ×0.6 · venta 1.0–2.4%;0,28;0,35;0,28;-5,48;-0,01;-0,16;-4,93;0,0;3,91
recursive;False;recursive recursive long · momentum ·  · expo 0.1 · stop 8% · reentrada 3% ×0.6 · venta 1.0–2.4%;0,19;0,23;0,19;-3,72;0,05;0,52;-2,5;0,0;2,58
recursive;False;recursive recursive long · momentum ·  · expo 0.1 · stop 8% · reentrada 3% ×0.6 · venta 0.5–1.5%;0,08;0,11;0,08;-2,61;0,08;0,98;-1,93;0,0;1,21
recursive;False;recursive recursive long · momentum ·  · expo 0.1 · stop 8% · reentrada 3% ×1.0 · venta 1.0–2.4%;0,09;0,16;0,09;-6,64;0,01;0,02;-3,76;0,0;1,51
recursive;False;recursive recursive long · momentum ·  · expo 0.1 · stop 8% · reentrada 3% ×1.0 · venta 0.5–1.5%;0,01;0,08;0,01;-3,18;0,06;0,75;-2,09;0,0;0,57
recursive;False;recursive recursive long · momentum ·  · expo 0.1 · stop 12% · reentrada 1% ×1.0 · venta 0.5–1.5%;-0,97;-0,35;-0,97;-24,85;0,0;0,0;0,0;0,0;-8,33
recursive;False;recursive recursive long · momentum ·  · expo 0.1 · stop 12% · reentrada 1% ×0.6 · venta 1.0–2.4%;-0,42;0,46;-0,42;-13,54;-0,24;-3,24;-17,04;6,2;-0,25
recursive;False;recursive recursive long · momentum ·  · expo 0.1 · stop 12% · reentrada 1% ×0.6 · venta 0.5–1.5%;-0,52;0,04;-0,52;-13,14;-0,2;-2,48;-11,02;6,2;-3,26
recursive;False;recursive recursive long · momentum ·  · expo 0.1 · stop 12% · reentrada 2% ×0.6 · venta 0.5–1.5%;0,05;0,21;0,05;-8,47;0,15;1,73;-3,33;3,1;1,55
recursive;False;recursive recursive long · momentum ·  · expo 0.1 · stop 12% · reentrada 1% ×1.0 · venta 1.0–2.4%;-0,66;0,22;-0,66;-20,2;-0,31;-4,17;-18,06;6,2;-3,36
recursive;False;recursive recursive long · momentum ·  · expo 0.1 · stop 12% · reentrada 2% ×1.0 · venta 0.5–1.5%;0,14;0,14;0,14;-9,77;0,21;2,44;-3,87;0,0;1,65
recursive;False;recursive recursive long · momentum ·  · expo 0.1 · stop 12% · reentrada 2% ×0.6 · venta 1.0–2.4%;0,54;0,32;0,32;-8,27;0,0;-0,11;-5,31;0,0;5,45
recursive;False;recursive recursive long · momentum ·  · expo 0.1 · stop 12% · reentrada 2% ×1.0 · venta 1.0–2.4%;0,43;0,43;0,43;-8,34;0,09;1,04;-4,5;0,0;5,34
recursive;False;recursive recursive long · momentum ·  · expo 0.1 · stop 12% · reentrada 3% ×0.6 · venta 0.5–1.5%;0,22;0,22;0,22;-3,09;0,12;1,46;-2,53;0,0;2,82
recursive;False;recursive recursive long · momentum ·  · expo 0.1 · stop 12% · reentrada 3% ×0.6 · venta 1.0–2.4%;0,3;0,3;0,3;-4,83;0,07;0,8;-4,41;0,0;3,79
recursive;False;recursive recursive long · momentum ·  · expo 0.1 · stop 12% · reentrada 3% ×1.0 · venta 0.5–1.5%;0,14;0,26;0,14;-3,64;0,03;0,32;-2,87;0,0;2,51
recursive;False;recursive recursive long · momentum ·  · expo 0.1 · stop 12% · reentrada 3% ×1.0 · venta 1.0–2.4%;0,31;0,39;0,31;-6,25;0,16;1,82;-3,86;3,1;4,44
recursive;False;recursive recursive long · momentum ·  · expo 0.1 · stop sin stop · reentrada 1% ×0.6 · venta 0.5–1.5%;-0,19;0,06;-0,19;-12,11;-0,14;-1,78;-8,89;3,1;-0,95
recursive;False;recursive recursive long · momentum ·  · expo 0.1 · stop sin stop · reentrada 1% ×0.6 · venta 1.0–2.4%;0,0;0,37;0,0;-7,63;-0,21;-2,81;-13,03;12,5;2,12
recursive;False;recursive recursive long · momentum ·  · expo 0.1 · stop sin stop · reentrada 1% ×1.0 · venta 0.5–1.5%;-0,26;-0,04;-0,26;-13,62;-0,07;-1,08;-10,07;12,5;-2,05
recursive;False;recursive recursive long · momentum ·  · expo 0.1 · stop sin stop · reentrada 2% ×0.6 · venta 1.0–2.4%;0,49;0,53;0,49;-8,71;0,2;2,32;-4,65;6,2;6,49
recursive;False;recursive recursive long · momentum ·  · expo 0.1 · stop sin stop · reentrada 1% ×1.0 · venta 1.0–2.4%;0,06;0,24;0,06;-9,85;-0,1;-1,55;-10,89;12,5;1,54
recursive;False;recursive recursive long · momentum ·  · expo 0.1 · stop sin stop · reentrada 2% ×0.6 · venta 0.5–1.5%;0,14;0,28;0,14;-8,61;0,2;2,43;-2,37;0,0;2,56
recursive;False;recursive recursive long · momentum ·  · expo 0.1 · stop sin stop · reentrada 2% ×1.0 · venta 0.5–1.5%;0,12;0,18;0,12;-9,48;0,28;3,33;-3,69;0,0;1,76
recursive;False;recursive recursive long · momentum ·  · expo 0.1 · stop sin stop · reentrada 2% ×1.0 · venta 1.0–2.4%;0,49;0,45;0,45;-9,88;0,08;0,89;-5,18;3,1;5,93
recursive;False;recursive recursive long · momentum ·  · expo 0.1 · stop sin stop · reentrada 3% ×0.6 · venta 1.0–2.4%;0,4;0,42;0,4;-4,01;0,11;1,31;-5,0;0,0;5,24
recursive;False;recursive recursive long · momentum ·  · expo 0.2 · stop 5% · reentrada 1% ×0.6 · venta 0.5–1.5%;-1,11;0,0;-1,11;-24,75;0,0;0,0;0,0;0,0;-7,19
recursive;False;recursive recursive long · momentum ·  · expo 0.1 · stop sin stop · reentrada 3% ×0.6 · venta 0.5–1.5%;0,23;0,27;0,23;-3,47;0,12;1,46;-2,8;0,0;3,18
recursive;False;recursive recursive long · momentum ·  · expo 0.1 · stop sin stop · reentrada 3% ×1.0 · venta 0.5–1.5%;0,22;0,35;0,22;-3,38;0,09;1,05;-2,76;0,0;3,61
recursive;False;recursive recursive long · momentum ·  · expo 0.2 · stop 5% · reentrada 1% ×0.6 · venta 1.0–2.4%;-0,66;-0,36;-0,66;-24,84;0,0;0,0;0,0;0,0;-6,58
recursive;False;recursive recursive long · momentum ·  · expo 0.2 · stop 5% · reentrada 1% ×1.0 · venta 1.0–2.4%;-1,27;0,0;-1,27;-24,98;0,0;0,0;0,0;0,0;-8,13
recursive;False;recursive recursive long · momentum ·  · expo 0.1 · stop sin stop · reentrada 3% ×1.0 · venta 1.0–2.4%;0,43;0,53;0,43;-5,23;0,11;1,2;-4,53;3,1;6,09
recursive;False;recursive recursive long · momentum ·  · expo 0.2 · stop 5% · reentrada 1% ×1.0 · venta 0.5–1.5%;-1,06;-0,07;-1,06;-24,61;0,0;0,0;0,0;0,0;-7,25
recursive;False;recursive recursive long · momentum ·  · expo 0.2 · stop 5% · reentrada 2% ×0.6 · venta 0.5–1.5%;-0,49;-0,04;-0,49;-11,19;-0,18;-2,2;-7,45;3,1;-3,49
recursive;False;recursive recursive long · momentum ·  · expo 0.2 · stop 5% · reentrada 2% ×0.6 · venta 1.0–2.4%;0,42;0,08;0,08;-6,5;-0,06;-0,9;-6,18;3,1;3,04
recursive;False;recursive recursive long · momentum ·  · expo 0.2 · stop 5% · reentrada 2% ×1.0 · venta 0.5–1.5%;-0,41;-0,27;-0,41;-16,2;-0,32;-3,86;-10,78;3,1;-4,37
recursive;False;recursive recursive long · momentum ·  · expo 0.2 · stop 5% · reentrada 2% ×1.0 · venta 1.0–2.4%;0,1;0,09;0,09;-9,38;-0,33;-4,05;-11,84;0,0;0,93
recursive;False;recursive recursive long · momentum ·  · expo 0.2 · stop 5% · reentrada 3% ×0.6 · venta 0.5–1.5%;-0,21;0,1;-0,21;-7,3;-0,05;-0,73;-4,72;3,1;-0,75
recursive;False;recursive recursive long · momentum ·  · expo 0.2 · stop 5% · reentrada 3% ×0.6 · venta 1.0–2.4%;-0,04;0,31;-0,04;-6,56;0,03;0,3;-4,77;0,0;1,57
recursive;False;recursive recursive long · momentum ·  · expo 0.2 · stop 8% · reentrada 1% ×0.6 · venta 0.5–1.5%;-0,99;-0,16;-0,99;-24,67;0,0;0,0;0,0;0,0;-7,48
recursive;False;recursive recursive long · momentum ·  · expo 0.2 · stop 5% · reentrada 3% ×1.0 · venta 1.0–2.4%;-0,05;0,49;-0,05;-8,42;0,01;-0,02;-6,82;3,1;2,56
recursive;False;recursive recursive long · momentum ·  · expo 0.2 · stop 5% · reentrada 3% ×1.0 · venta 0.5–1.5%;-0,2;0,22;-0,2;-5,99;-0,14;-1,81;-7,27;3,1;-0,01
recursive;False;recursive recursive long · momentum ·  · expo 0.2 · stop 8% · reentrada 1% ×1.0 · venta 0.5–1.5%;-0,96;-0,3;-0,96;-24,87;0,0;0,0;0,0;0,0;-8,04
recursive;False;recursive recursive long · momentum ·  · expo 0.2 · stop 8% · reentrada 1% ×0.6 · venta 1.0–2.4%;0,0;-0,05;-0,05;-17,49;-0,44;-5,3;-13,5;0,0;-0,85
recursive;False;recursive recursive long · momentum ·  · expo 0.2 · stop 8% · reentrada 1% ×1.0 · venta 1.0–2.4%;0,2;-0,63;-0,63;-22,96;-0,15;-1,9;-9,31;0,0;-3,26
recursive;False;recursive recursive long · momentum ·  · expo 0.2 · stop 8% · reentrada 2% ×0.6 · venta 0.5–1.5%;-0,11;0,21;-0,11;-11,84;0,12;1,29;-7,91;3,1;0,38
recursive;False;recursive recursive long · momentum ·  · expo 0.2 · stop 8% · reentrada 2% ×0.6 · venta 1.0–2.4%;0,31;0,66;0,31;-10,87;-0,01;-0,3;-9,07;6,2;5,8
recursive;False;recursive recursive long · momentum ·  · expo 0.2 · stop 8% · reentrada 2% ×1.0 · venta 0.5–1.5%;0,02;0,12;0,02;-14,01;0,13;1,28;-5,8;9,4;0,58
recursive;False;recursive recursive long · momentum ·  · expo 0.2 · stop 8% · reentrada 2% ×1.0 · venta 1.0–2.4%;0,68;0,48;0,48;-9,18;-0,12;-1,67;-9,33;6,2;7,04
recursive;False;recursive recursive long · momentum ·  · expo 0.2 · stop 8% · reentrada 3% ×0.6 · venta 0.5–1.5%;0,17;0,21;0,17;-5,15;0,16;1,87;-3,63;3,1;2,39
recursive;False;recursive recursive long · momentum ·  · expo 0.2 · stop 8% · reentrada 3% ×0.6 · venta 1.0–2.4%;0,37;0,43;0,37;-6,97;0,09;0,96;-4,58;3,1;5,03
recursive;False;recursive recursive long · momentum ·  · expo 0.2 · stop 12% · reentrada 1% ×0.6 · venta 0.5–1.5%;-0,57;-0,45;-0,57;-24,93;0,0;0,0;0,0;0,0;-6,75
recursive;False;recursive recursive long · momentum ·  · expo 0.2 · stop 8% · reentrada 3% ×1.0 · venta 0.5–1.5%;0,03;0,17;0,03;-6,27;0,13;1,46;-4,07;3,1;1,13
recursive;False;recursive recursive long · momentum ·  · expo 0.2 · stop 8% · reentrada 3% ×1.0 · venta 1.0–2.4%;0,2;0,31;0,2;-12,38;0,02;0,04;-7,0;3,1;2,97
recursive;False;recursive recursive long · momentum ·  · expo 0.2 · stop 12% · reentrada 1% ×1.0 · venta 0.5–1.5%;-1,06;0,0;-1,06;-24,67;0,0;0,0;0,0;0,0;-7,26
recursive;False;recursive recursive long · momentum ·  · expo 0.2 · stop 12% · reentrada 1% ×0.6 · venta 1.0–2.4%;-0,61;-0,19;-0,61;-23,44;0,0;0,0;0,0;0,0;-5,56
recursive;False;recursive recursive long · momentum ·  · expo 0.2 · stop 12% · reentrada 1% ×1.0 · venta 1.0–2.4%;0,18;0,32;0,18;-19,86;-0,5;-6,46;-24,43;12,5;1,89
recursive;False;recursive recursive long · momentum ·  · expo 0.2 · stop 12% · reentrada 2% ×0.6 · venta 0.5–1.5%;0,3;0,4;0,3;-12,04;0,28;3,15;-6,12;6,2;4,23
recursive;False;recursive recursive long · momentum ·  · expo 0.2 · stop 12% · reentrada 2% ×1.0 · venta 0.5–1.5%;0,58;0,25;0,25;-12,25;0,37;4,31;-6,94;9,4;5,09
recursive;False;recursive recursive long · momentum ·  · expo 0.2 · stop 12% · reentrada 2% ×0.6 · venta 1.0–2.4%;1,09;0,57;0,57;-13,35;0,09;0,76;-7,26;6,2;10,61
recursive;False;recursive recursive long · momentum ·  · expo 0.2 · stop 12% · reentrada 2% ×1.0 · venta 1.0–2.4%;0,88;0,77;0,77;-10,51;0,17;1,79;-7,74;9,4;10,24
recursive;False;recursive recursive long · momentum ·  · expo 0.2 · stop 12% · reentrada 3% ×0.6 · venta 1.0–2.4%;0,59;0,56;0,56;-8,86;0,13;1,42;-7,75;6,2;7,3
recursive;False;recursive recursive long · momentum ·  · expo 0.2 · stop 12% · reentrada 3% ×0.6 · venta 0.5–1.5%;0,43;0,42;0,42;-5,88;0,23;2,66;-4,52;6,2;5,47
recursive;False;recursive recursive long · momentum ·  · expo 0.2 · stop 12% · reentrada 3% ×1.0 · venta 0.5–1.5%;0,28;0,5;0,28;-6,86;0,06;0,59;-5,32;6,2;4,88
recursive;False;recursive recursive long · momentum ·  · expo 0.2 · stop 12% · reentrada 3% ×1.0 · venta 1.0–2.4%;0,47;0,75;0,47;-14,17;0,29;3,27;-6,81;6,2;7,56
recursive;False;recursive recursive long · momentum ·  · expo 0.2 · stop sin stop · reentrada 1% ×0.6 · venta 0.5–1.5%;-0,23;-0,32;-0,32;-23,09;-0,07;-0,8;-2,11;0,0;-3,77
recursive;False;recursive recursive long · momentum ·  · expo 0.2 · stop sin stop · reentrada 1% ×1.0 · venta 0.5–1.5%;-0,38;-0,29;-0,38;-24,59;0,0;0,0;0,0;0,0;-4,68
recursive;False;recursive recursive long · momentum ·  · expo 0.2 · stop sin stop · reentrada 1% ×0.6 · venta 1.0–2.4%;-0,36;0,85;-0,36;-23,63;-0,57;-7,46;-18,94;12,5;1,79
recursive;False;recursive recursive long · momentum ·  · expo 0.2 · stop sin stop · reentrada 1% ×1.0 · venta 1.0–2.4%;0,66;0,59;0,59;-17,52;-0,41;-5,68;-22,07;15,6;7,19
recursive;False;recursive recursive long · momentum ·  · expo 0.2 · stop sin stop · reentrada 2% ×0.6 · venta 0.5–1.5%;0,51;0,52;0,51;-11,44;0,36;4,26;-4,22;6,2;6,35
recursive;False;recursive recursive long · momentum ·  · expo 0.2 · stop sin stop · reentrada 2% ×0.6 · venta 1.0–2.4%;1,03;0,92;0,92;-13,89;0,34;3,83;-7,55;9,4;12,56
recursive;False;recursive recursive long · momentum ·  · expo 0.2 · stop sin stop · reentrada 2% ×1.0 · venta 0.5–1.5%;0,21;0,36;0,21;-17,99;0,49;5,68;-7,42;9,4;3,11
recursive;False;recursive recursive long · momentum ·  · expo 0.2 · stop sin stop · reentrada 2% ×1.0 · venta 1.0–2.4%;1,17;0,83;0,83;-13,33;0,14;1,44;-8,24;6,2;12,92
recursive;False;recursive recursive long · momentum ·  · expo 0.28 · stop 5% · reentrada 1% ×0.6 · venta 1.0–2.4%;-0,85;0,0;-0,85;-24,54;0,0;0,0;0,0;0,0;-5,75
recursive;False;recursive recursive long · momentum ·  · expo 0.2 · stop sin stop · reentrada 3% ×0.6 · venta 1.0–2.4%;0,79;0,75;0,75;-7,33;0,2;2,26;-8,47;9,4;9,94
recursive;False;recursive recursive long · momentum ·  · expo 0.2 · stop sin stop · reentrada 3% ×0.6 · venta 0.5–1.5%;0,46;0,5;0,46;-6,56;0,23;2,64;-4,95;3,1;6,16
recursive;False;recursive recursive long · momentum ·  · expo 0.2 · stop sin stop · reentrada 3% ×1.0 · venta 1.0–2.4%;0,75;0,96;0,75;-10,13;0,19;2,06;-7,64;6,2;10,94
recursive;False;recursive recursive long · momentum ·  · expo 0.28 · stop 5% · reentrada 1% ×1.0 · venta 0.5–1.5%;-1,01;-0,01;-1,01;-24,29;0,0;0,0;0,0;0,0;-6,71
recursive;False;recursive recursive long · momentum ·  · expo 0.2 · stop sin stop · reentrada 3% ×1.0 · venta 0.5–1.5%;0,43;0,66;0,43;-6,4;0,17;1,88;-4,86;6,2;6,96
recursive;False;recursive recursive long · momentum ·  · expo 0.28 · stop 5% · reentrada 1% ×1.0 · venta 1.0–2.4%;-1,22;0,0;-1,22;-24,82;0,0;0,0;0,0;0,0;-7,94
recursive;False;recursive recursive long · momentum ·  · expo 0.28 · stop 5% · reentrada 2% ×0.6 · venta 0.5–1.5%;-0,88;-0,06;-0,88;-19,27;-0,25;-3,13;-12,73;3,1;-6,23
recursive;False;recursive recursive long · momentum ·  · expo 0.28 · stop 5% · reentrada 2% ×1.0 · venta 0.5–1.5%;-0,33;-0,36;-0,36;-16,86;-0,29;-3,73;-14,96;6,2;-4,48
recursive;False;recursive recursive long · momentum ·  · expo 0.28 · stop 5% · reentrada 2% ×0.6 · venta 1.0–2.4%;0,6;0,11;0,11;-8,86;-0,18;-2,43;-8,48;12,5;4,2
recursive;False;recursive recursive long · momentum ·  · expo 0.28 · stop 5% · reentrada 2% ×1.0 · venta 1.0–2.4%;0,01;0,13;0,01;-12,84;-0,52;-6,28;-16,34;0,0;0,32
recursive;False;recursive recursive long · momentum ·  · expo 0.28 · stop 5% · reentrada 3% ×0.6 · venta 1.0–2.4%;-0,05;0,43;-0,05;-9,04;0,05;0,41;-6,44;3,1;2,19
recursive;False;recursive recursive long · momentum ·  · expo 0.28 · stop 5% · reentrada 3% ×0.6 · venta 0.5–1.5%;-0,29;0,08;-0,29;-9,83;-0,07;-1,05;-6,77;3,1;-1,46
recursive;False;recursive recursive long · momentum ·  · expo 0.28 · stop 8% · reentrada 1% ×0.6 · venta 0.5–1.5%;-0,96;-0,07;-0,96;-24,55;0,0;0,0;0,0;0,0;-7,08
recursive;False;recursive recursive long · momentum ·  · expo 0.28 · stop 5% · reentrada 3% ×1.0 · venta 0.5–1.5%;-0,28;0,31;-0,28;-8,32;-0,2;-2,56;-10,1;3,1;-0,01
recursive;False;recursive recursive long · momentum ·  · expo 0.28 · stop 8% · reentrada 1% ×1.0 · venta 0.5–1.5%;-1,14;0,0;-1,14;-24,42;0,0;0,0;0,0;0,0;-7,72
recursive;False;recursive recursive long · momentum ·  · expo 0.28 · stop 8% · reentrada 1% ×0.6 · venta 1.0–2.4%;0,27;-0,32;-0,32;-21,77;-0,3;-3,6;-14,8;0,0;-1,22
recursive;False;recursive recursive long · momentum ·  · expo 0.28 · stop 5% · reentrada 3% ×1.0 · venta 1.0–2.4%;-0,06;0,74;-0,06;-10,33;0,02;-0,03;-8,99;6,2;3,91
recursive;False;recursive recursive long · momentum ·  · expo 0.28 · stop 8% · reentrada 1% ×1.0 · venta 1.0–2.4%;0,31;-0,36;-0,36;-21,11;-0,2;-2,51;-12,06;0,0;-1,36
recursive;False;recursive recursive long · momentum ·  · expo 0.28 · stop 8% · reentrada 2% ×0.6 · venta 0.5–1.5%;-0,41;0,32;-0,41;-18,02;0,13;1,1;-11,53;9,4;-1,11
recursive;False;recursive recursive long · momentum ·  · expo 0.28 · stop 8% · reentrada 2% ×0.6 · venta 1.0–2.4%;0,45;0,92;0,45;-15,37;-0,22;-2,97;-14,63;9,4;8,09
recursive;False;recursive recursive long · momentum ·  · expo 0.28 · stop 8% · reentrada 2% ×1.0 · venta 0.5–1.5%;-0,01;0,05;-0,01;-18,86;0,33;3,68;-7,69;12,5;-0,32
recursive;False;recursive recursive long · momentum ·  · expo 0.28 · stop 8% · reentrada 2% ×1.0 · venta 1.0–2.4%;0,56;0,69;0,56;-15,23;0,08;0,58;-13,32;9,4;7,11
recursive;False;recursive recursive long · momentum ·  · expo 0.28 · stop 8% · reentrada 3% ×0.6 · venta 0.5–1.5%;0,24;0,3;0,24;-7,13;0,22;2,53;-4,86;9,4;3,31
recursive;False;recursive recursive long · momentum ·  · expo 0.28 · stop 8% · reentrada 3% ×0.6 · venta 1.0–2.4%;0,43;0,59;0,43;-10,01;0,12;1,28;-6,1;9,4;6,33
recursive;False;recursive recursive long · momentum ·  · expo 0.28 · stop 12% · reentrada 1% ×1.0 · venta 0.5–1.5%;-0,75;0,0;-0,75;-23,63;0,0;0,0;0,0;0,0;-5,56
recursive;False;recursive recursive long · momentum ·  · expo 0.28 · stop 8% · reentrada 3% ×1.0 · venta 1.0–2.4%;0,27;0,42;0,27;-16,64;-0,16;-2,19;-11,94;6,2;4,04
recursive;False;recursive recursive long · momentum ·  · expo 0.28 · stop 8% · reentrada 3% ×1.0 · venta 0.5–1.5%;0,05;0,24;0,05;-8,7;0,18;2,0;-5,62;3,1;1,57
recursive;False;recursive recursive long · momentum ·  · expo 0.28 · stop 12% · reentrada 2% ×0.6 · venta 0.5–1.5%;0,35;0,56;0,35;-17,31;0,34;3,61;-9,27;9,4;5,29
recursive;False;recursive recursive long · momentum ·  · expo 0.28 · stop 12% · reentrada 2% ×1.0 · venta 0.5–1.5%;0,71;0,35;0,35;-18,16;0,69;8,33;-5,79;15,6;6,15
recursive;False;recursive recursive long · momentum ·  · expo 0.28 · stop 12% · reentrada 2% ×0.6 · venta 1.0–2.4%;1,41;0,8;0,8;-16,89;-0,22;-3,15;-11,12;3,1;14,0
recursive;False;recursive recursive long · momentum ·  · expo 0.28 · stop 12% · reentrada 2% ×1.0 · venta 1.0–2.4%;1,19;1,0;1,0;-19,58;0,06;0,28;-9,42;6,2;13,46
recursive;False;recursive recursive long · momentum ·  · expo 0.28 · stop 12% · reentrada 3% ×0.6 · venta 0.5–1.5%;0,6;0,57;0,57;-7,94;0,3;3,48;-5,84;6,2;7,49
recursive;False;recursive recursive long · momentum ·  · expo 0.28 · stop 12% · reentrada 3% ×0.6 · venta 1.0–2.4%;0,71;0,76;0,71;-10,56;0,1;0,94;-12,26;6,2;9,26
recursive;False;recursive recursive long · momentum ·  · expo 0.28 · stop 12% · reentrada 3% ×1.0 · venta 0.5–1.5%;0,39;0,68;0,39;-9,17;0,07;0,64;-7,43;6,2;6,7
recursive;False;recursive recursive long · momentum ·  · expo 0.28 · stop sin stop · reentrada 1% ×1.0 · venta 1.0–2.4%;-0,53;0,0;-0,53;-23,11;0,0;0,0;0,0;0,0;-4,28
recursive;False;recursive recursive long · momentum ·  · expo 0.28 · stop 12% · reentrada 3% ×1.0 · venta 1.0–2.4%;0,8;0,97;0,8;-16,11;0,36;4,1;-8,45;6,2;11,02
recursive;False;recursive recursive long · momentum ·  · expo 0.28 · stop sin stop · reentrada 1% ×1.0 · venta 0.5–1.5%;-0,38;0,0;-0,38;-24,28;0,0;0,0;0,0;0,0;-2,98
recursive;False;recursive recursive long · momentum ·  · expo 0.28 · stop sin stop · reentrada 1% ×0.6 · venta 1.0–2.4%;0,02;-0,07;-0,07;-23,79;0,0;0,0;0,0;0,0;-0,94
recursive;False;recursive recursive long · momentum ·  · expo 0.28 · stop sin stop · reentrada 2% ×0.6 · venta 1.0–2.4%;1,27;1,22;1,22;-20,3;0,08;0,65;-9,51;6,2;15,85
recursive;False;recursive recursive long · momentum ·  · expo 0.28 · stop sin stop · reentrada 2% ×0.6 · venta 0.5–1.5%;0,56;0,71;0,56;-17,82;0,48;5,67;-5,68;9,4;7,64
recursive;False;recursive recursive long · momentum ·  · expo 0.28 · stop sin stop · reentrada 2% ×1.0 · venta 1.0–2.4%;1,39;1,1;1,1;-20,62;0,19;1,83;-10,48;6,2;15,88
recursive;False;recursive recursive long · momentum ·  · expo 0.28 · stop sin stop · reentrada 2% ×1.0 · venta 0.5–1.5%;0,63;0,46;0,46;-17,67;0,61;7,1;-9,38;15,6;6,38
recursive;False;recursive recursive long · momentum ·  · expo 0.28 · stop sin stop · reentrada 3% ×0.6 · venta 1.0–2.4%;0,99;0,99;0,99;-10,61;0,22;2,35;-9,83;9,4;12,82
recursive;False;recursive recursive long · momentum ·  · expo 0.28 · stop sin stop · reentrada 3% ×0.6 · venta 0.5–1.5%;0,64;0,67;0,64;-8,8;0,3;3,43;-6,33;6,2;8,41
recursive;False;recursive recursive long · momentum ·  · expo 0.28 · stop sin stop · reentrada 3% ×1.0 · venta 0.5–1.5%;0,6;0,87;0,6;-8,58;0,22;2,43;-6,21;9,4;9,48
recursive;False;recursive recursive long · momentum ·  · expo 0.4 · stop 5% · reentrada 1% ×0.6 · venta 0.5–1.5%;-0,84;0,0;-0,84;-24,43;0,0;0,0;0,0;0,0;-5,73
recursive;False;recursive recursive long · momentum ·  · expo 0.28 · stop sin stop · reentrada 3% ×1.0 · venta 1.0–2.4%;1,19;1,2;1,19;-10,08;0,23;2,51;-9,22;9,4;15,62
recursive;False;recursive recursive long · momentum ·  · expo 0.4 · stop 5% · reentrada 1% ×0.6 · venta 1.0–2.4%;-0,63;0,0;-0,63;-24,18;0,0;0,0;0,0;0,0;-4,56
recursive;False;recursive recursive long · momentum ·  · expo 0.4 · stop 5% · reentrada 1% ×1.0 · venta 1.0–2.4%;-1,04;0,0;-1,04;-24,01;0,0;0,0;0,0;0,0;-6,85
recursive;False;recursive recursive long · momentum ·  · expo 0.4 · stop 5% · reentrada 1% ×1.0 · venta 0.5–1.5%;-0,88;0,0;-0,88;-24,19;0,0;0,0;0,0;0,0;-6,05
recursive;False;recursive recursive long · momentum ·  · expo 0.4 · stop 5% · reentrada 2% ×1.0 · venta 0.5–1.5%;-0,8;-0,16;-0,8;-24,18;0,0;0,0;0,0;0,0;-6,39
recursive;False;recursive recursive long · momentum ·  · expo 0.4 · stop 5% · reentrada 2% ×1.0 · venta 1.0–2.4%;0,15;0,09;0,09;-19,08;-0,41;-4,93;-13,29;3,1;0,52
recursive;False;recursive recursive long · momentum ·  · expo 0.4 · stop 5% · reentrada 2% ×0.6 · venta 0.5–1.5%;-0,96;-0,13;-0,96;-22,18;-0,22;-2,73;-7,1;0,0;-7,22
recursive;False;recursive recursive long · momentum ·  · expo 0.4 · stop 5% · reentrada 2% ×0.6 · venta 1.0–2.4%;0,68;0,17;0,17;-11,31;-0,01;-0,6;-11,01;12,5;4,78
recursive;False;recursive recursive long · momentum ·  · expo 0.4 · stop 8% · reentrada 1% ×0.6 · venta 0.5–1.5%;-0,88;0,0;-0,88;-24,29;0,0;0,0;0,0;0,0;-6,47
recursive;False;recursive recursive long · momentum ·  · expo 0.4 · stop 5% · reentrada 3% ×0.6 · venta 0.5–1.5%;-0,01;0,11;-0,01;-10,55;-0,04;-0,81;-7,51;3,1;0,38
recursive;False;recursive recursive long · momentum ·  · expo 0.4 · stop 8% · reentrada 1% ×1.0 · venta 0.5–1.5%;-1,24;0,0;-1,24;-24,81;0,0;0,0;0,0;0,0;-8,4
recursive;False;recursive recursive long · momentum ·  · expo 0.4 · stop 5% · reentrada 3% ×0.6 · venta 1.0–2.4%;-0,14;0,62;-0,14;-12,47;0,07;0,57;-8,87;9,4;2,68
recursive;False;recursive recursive long · momentum ·  · expo 0.4 · stop 5% · reentrada 3% ×1.0 · venta 0.5–1.5%;-0,42;0,46;-0,42;-12,29;-0,22;-3,06;-12,73;9,4;-0,18
recursive;False;recursive recursive long · momentum ·  · expo 0.4 · stop 5% · reentrada 3% ×1.0 · venta 1.0–2.4%;-0,36;1,03;-0,36;-18,6;-0,09;-1,46;-16,03;6,2;3,37
recursive;False;recursive recursive long · momentum ·  · expo 0.4 · stop 8% · reentrada 1% ×1.0 · venta 1.0–2.4%;-0,51;0,0;-0,51;-22,51;0,0;0,0;0,0;0,0;-3,78
recursive;False;recursive recursive long · momentum ·  · expo 0.4 · stop 8% · reentrada 2% ×1.0 · venta 0.5–1.5%;-0,12;-0,1;-0,12;-24,66;0,0;0,0;0,0;0,0;-2,15
recursive;False;recursive recursive long · momentum ·  · expo 0.4 · stop 8% · reentrada 2% ×0.6 · venta 0.5–1.5%;-0,16;0,44;-0,16;-21,89;0,39;4,19;-13,41;12,5;0,8
recursive;False;recursive recursive long · momentum ·  · expo 0.4 · stop 8% · reentrada 2% ×0.6 · venta 1.0–2.4%;1,41;1,07;1,07;-15,68;-0,08;-1,48;-13,17;12,5;15,73
recursive;False;recursive recursive long · momentum ·  · expo 0.4 · stop 8% · reentrada 2% ×1.0 · venta 1.0–2.4%;0,97;0,83;0,83;-17,04;-0,41;-5,07;-12,93;3,1;10,05
recursive;False;recursive recursive long · momentum ·  · expo 0.4 · stop 8% · reentrada 3% ×0.6 · venta 0.5–1.5%;0,25;0,42;0,25;-10,61;0,35;4,0;-6,53;12,5;4,02
recursive;False;recursive recursive long · momentum ·  · expo 0.4 · stop 8% · reentrada 3% ×0.6 · venta 1.0–2.4%;0,42;0,83;0,42;-13,2;-0,03;-0,72;-13,0;9,4;7,61
recursive;False;recursive recursive long · momentum ·  · expo 0.4 · stop 8% · reentrada 3% ×1.0 · venta 1.0–2.4%;0,38;0,77;0,38;-18,99;-0,15;-2,25;-15,72;12,5;6,64
recursive;False;recursive recursive long · momentum ·  · expo 0.4 · stop 8% · reentrada 3% ×1.0 · venta 0.5–1.5%;0,01;0,34;0,01;-12,86;0,23;2,37;-8,0;6,2;1,75
recursive;False;recursive recursive long · momentum ·  · expo 0.4 · stop 12% · reentrada 1% ×0.6 · venta 1.0–2.4%;0,0;0,0;0,0;-23,53;0,0;0,0;0,0;0,0;-1,69
recursive;False;recursive recursive long · momentum ·  · expo 0.4 · stop 12% · reentrada 1% ×1.0 · venta 1.0–2.4%;0,37;0,0;0,0;-23,3;0,0;0,0;0,0;0,0;0,55
recursive;False;recursive recursive long · momentum ·  · expo 0.4 · stop 12% · reentrada 1% ×1.0 · venta 0.5–1.5%;-1,07;0,0;-1,07;-24,57;0,0;0,0;0,0;0,0;-7,79
recursive;False;recursive recursive long · momentum ·  · expo 0.4 · stop 12% · reentrada 2% ×0.6 · venta 0.5–1.5%;0,6;0,65;0,6;-20,95;0,48;4,82;-12,42;15,6;7,3
recursive;False;recursive recursive long · momentum ·  · expo 0.4 · stop 12% · reentrada 2% ×0.6 · venta 1.0–2.4%;2,0;0,96;0,96;-22,38;-0,13;-2,29;-14,63;15,6;18,75
recursive;False;recursive recursive long · momentum ·  · expo 0.4 · stop 12% · reentrada 2% ×1.0 · venta 1.0–2.4%;1,86;1,24;1,24;-19,24;0,26;2,39;-11,67;21,9;19,56
recursive;False;recursive recursive long · momentum ·  · expo 0.4 · stop 12% · reentrada 2% ×1.0 · venta 0.5–1.5%;1,13;0,53;0,53;-20,98;0,9;10,97;-7,2;15,6;9,87
recursive;False;recursive recursive long · momentum ·  · expo 0.4 · stop 12% · reentrada 3% ×0.6 · venta 0.5–1.5%;0,8;0,76;0,76;-9,59;0,4;4,55;-7,52;15,6;10,12
recursive;False;recursive recursive long · momentum ·  · expo 0.4 · stop 12% · reentrada 3% ×1.0 · venta 1.0–2.4%;0,63;-0,13;-0,13;-23,95;0,0;0,0;0,0;0,0;2,22
recursive;False;recursive recursive long · momentum ·  · expo 0.4 · stop 12% · reentrada 3% ×1.0 · venta 0.5–1.5%;0,45;0,95;0,45;-14,55;-0,22;-3,02;-11,86;3,1;8,56
recursive;False;recursive recursive long · momentum ·  · expo 0.4 · stop sin stop · reentrada 1% ×1.0 · venta 1.0–2.4%;0,18;0,0;0,0;-22,02;0,0;0,0;0,0;0,0;-0,17
recursive;False;recursive recursive long · momentum ·  · expo 0.4 · stop sin stop · reentrada 1% ×0.6 · venta 1.0–2.4%;-0,13;0,0;-0,13;-23,22;0,0;0,0;0,0;0,0;-1,95
recursive;False;recursive recursive long · momentum ·  · expo 0.4 · stop sin stop · reentrada 1% ×1.0 · venta 0.5–1.5%;0,55;0,0;0,0;-24,4;0,0;0,0;0,0;0,0;2,83
recursive;False;recursive recursive long · momentum ·  · expo 0.4 · stop 12% · reentrada 3% ×0.6 · venta 1.0–2.4%;0,87;1,04;0,87;-16,14;-0,01;-0,53;-13,4;6,2;11,82
recursive;False;recursive recursive long · momentum ·  · expo 0.4 · stop sin stop · reentrada 2% ×0.6 · venta 0.5–1.5%;0,92;0,94;0,92;-20,77;0,56;6,42;-8,41;9,4;11,35
recursive;False;recursive recursive long · momentum ·  · expo 0.4 · stop sin stop · reentrada 2% ×1.0 · venta 1.0–2.4%;1,87;1,4;1,4;-20,74;0,0;-0,74;-13,1;12,5;21,38
recursive;False;recursive recursive long · momentum ·  · expo 0.4 · stop sin stop · reentrada 2% ×0.6 · venta 1.0–2.4%;1,94;1,5;1,5;-22,27;0,56;6,31;-10,98;9,4;22,39
recursive;False;recursive recursive long · momentum ·  · expo 0.4 · stop sin stop · reentrada 2% ×1.0 · venta 0.5–1.5%;0,97;0,53;0,53;-21,66;0,82;9,31;-12,52;18,8;8,63
recursive;False;recursive recursive long · momentum ·  · expo 0.4 · stop sin stop · reentrada 3% ×0.6 · venta 0.5–1.5%;0,93;0,88;0,88;-9,52;0,39;4,4;-7,97;15,6;11,81
recursive;False;recursive recursive long · momentum ·  · expo 0.4 · stop sin stop · reentrada 3% ×0.6 · venta 1.0–2.4%;1,57;1,23;1,23;-9,84;0,33;3,55;-10,23;9,4;18,62
recursive;False;recursive recursive long · momentum ·  · expo 0.4 · stop sin stop · reentrada 3% ×1.0 · venta 0.5–1.5%;0,85;1,16;0,85;-9,54;0,28;3,11;-7,82;9,4;13,1
recursive;False;recursive recursive long · momentum ·  · expo 0.4 · stop sin stop · reentrada 3% ×1.0 · venta 1.0–2.4%;1,59;1,56;1,56;-16,38;0,2;1,96;-12,16;9,4;20,55
recursive;False;recursive recursive long · momentum · +incert. · expo 0.1 · stop 5% · reentrada 1% ×0.6 · venta 0.5–1.5%;-0,46;-0,27;-0,46;-16,3;-0,33;-3,96;-11,2;3,1;-4,63
recursive;False;recursive recursive long · momentum · +incert. · expo 0.1 · stop 5% · reentrada 1% ×1.0 · venta 0.5–1.5%;-0,43;-0,54;-0,54;-20,22;-0,19;-2,24;-6,62;0,0;-6,01
recursive;False;recursive recursive long · momentum · +incert. · expo 0.1 · stop 5% · reentrada 1% ×0.6 · venta 1.0–2.4%;-0,4;-0,3;-0,4;-17,93;-0,31;-3,87;-13,83;3,1;-4,43
recursive;False;recursive recursive long · momentum · +incert. · expo 0.1 · stop 5% · reentrada 2% ×0.6 · venta 0.5–1.5%;-0,12;0,03;-0,12;-4,42;0,01;0,08;-3,64;0,0;-0,64
recursive;False;recursive recursive long · momentum · +incert. · expo 0.1 · stop 5% · reentrada 2% ×1.0 · venta 0.5–1.5%;-0,14;-0,1;-0,14;-7,52;-0,04;-0,52;-5,35;0,0;-1,55
recursive;False;recursive recursive long · momentum · +incert. · expo 0.1 · stop 5% · reentrada 2% ×0.6 · venta 1.0–2.4%;0,24;0,06;0,06;-3,25;0,06;0,73;-3,58;0,0;1,9
recursive;False;recursive recursive long · momentum · +incert. · expo 0.1 · stop 5% · reentrada 1% ×1.0 · venta 1.0–2.4%;-0,48;-0,48;-0,48;-19,24;0,14;1,51;-9,36;6,2;-6,0
recursive;False;recursive recursive long · momentum · +incert. · expo 0.1 · stop 5% · reentrada 2% ×1.0 · venta 1.0–2.4%;0,15;0,08;0,08;-4,97;-0,07;-0,87;-6,04;0,0;1,42
recursive;False;recursive recursive long · momentum · +incert. · expo 0.1 · stop 5% · reentrada 3% ×1.0 · venta 1.0–2.4%;0,13;0,19;0,13;-4,81;0,04;0,46;-3,77;0,0;2,0
recursive;False;recursive recursive long · momentum · +incert. · expo 0.1 · stop 5% · reentrada 3% ×0.6 · venta 1.0–2.4%;0,09;0,15;0,09;-2,99;0,05;0,58;-2,12;0,0;1,51
recursive;False;recursive recursive long · momentum · +incert. · expo 0.1 · stop 5% · reentrada 3% ×0.6 · venta 0.5–1.5%;-0,03;0,05;-0,03;-2,99;0,01;0,16;-2,17;0,0;0,07
recursive;False;recursive recursive long · momentum · +incert. · expo 0.1 · stop 5% · reentrada 3% ×1.0 · venta 0.5–1.5%;-0,03;0,12;-0,03;-3,08;-0,03;-0,43;-3,75;0,0;0,55
recursive;False;recursive recursive long · momentum · +incert. · expo 0.1 · stop 8% · reentrada 1% ×0.6 · venta 0.5–1.5%;-0,36;0,0;-0,36;-13,34;-0,34;-4,15;-14,39;0,0;-2,49
recursive;False;recursive recursive long · momentum · +incert. · expo 0.1 · stop 8% · reentrada 1% ×1.0 · venta 0.5–1.5%;-0,39;-0,42;-0,42;-16,88;-0,3;-3,6;-11,9;3,1;-5,24
recursive;False;recursive recursive long · momentum · +incert. · expo 0.1 · stop 8% · reentrada 1% ×0.6 · venta 1.0–2.4%;0,24;-0,25;-0,25;-12,09;-0,14;-1,9;-16,1;3,1;-0,19
recursive;False;recursive recursive long · momentum · +incert. · expo 0.1 · stop 8% · reentrada 1% ×1.0 · venta 1.0–2.4%;0,31;-0,33;-0,33;-10,13;-0,04;-0,76;-13,23;3,1;-0,33
recursive;False;recursive recursive long · momentum · +incert. · expo 0.1 · stop 8% · reentrada 2% ×0.6 · venta 0.5–1.5%;0,12;0,15;0,12;-6,19;0,1;1,17;-4,62;3,1;1,67
recursive;False;recursive recursive long · momentum · +incert. · expo 0.1 · stop 8% · reentrada 3% ×0.6 · venta 1.0–2.4%;0,32;0,27;0,27;-3,47;0,14;1,64;-2,25;0,0;3,71
recursive;False;recursive recursive long · momentum · +incert. · expo 0.1 · stop 8% · reentrada 2% ×1.0 · venta 0.5–1.5%;0,16;0,06;0,06;-7,55;0,2;2,37;-2,87;3,1;1,29
recursive;False;recursive recursive long · momentum · +incert. · expo 0.1 · stop 8% · reentrada 3% ×1.0 · venta 0.5–1.5%;0,12;0,09;0,09;-3,13;0,11;1,27;-2,42;0,0;1,35
recursive;False;recursive recursive long · momentum · +incert. · expo 0.1 · stop 8% · reentrada 2% ×1.0 · venta 1.0–2.4%;0,46;0,32;0,32;-4,53;0,08;0,89;-6,41;0,0;4,93
recursive;False;recursive recursive long · momentum · +incert. · expo 0.1 · stop 8% · reentrada 2% ×0.6 · venta 1.0–2.4%;0,44;0,43;0,43;-4,68;0,08;0,85;-5,48;0,0;5,5
recursive;False;recursive recursive long · momentum · +incert. · expo 0.1 · stop 8% · reentrada 3% ×0.6 · venta 0.5–1.5%;0,16;0,14;0,14;-2,61;0,14;1,61;-1,58;0,0;1,92
recursive;False;recursive recursive long · momentum · +incert. · expo 0.1 · stop 8% · reentrada 3% ×1.0 · venta 1.0–2.4%;0,26;0,23;0,23;-5,9;0,13;1,5;-2,83;0,0;3,09
recursive;False;recursive recursive long · momentum · +incert. · expo 0.1 · stop 12% · reentrada 1% ×0.6 · venta 0.5–1.5%;-0,38;0,07;-0,38;-12,0;-0,05;-0,81;-10,97;6,2;-2,2
recursive;False;recursive recursive long · momentum · +incert. · expo 0.1 · stop 12% · reentrada 1% ×1.0 · venta 1.0–2.4%;0,15;0,05;0,05;-12,92;0,1;0,78;-12,81;6,2;0,97
recursive;False;recursive recursive long · momentum · +incert. · expo 0.1 · stop 12% · reentrada 1% ×0.6 · venta 1.0–2.4%;0,14;0,21;0,14;-11,1;0,15;1,49;-12,69;6,2;1,86
recursive;False;recursive recursive long · momentum · +incert. · expo 0.1 · stop 12% · reentrada 1% ×1.0 · venta 0.5–1.5%;-0,45;-0,16;-0,45;-15,09;-0,07;-1,17;-14,71;6,2;-4,07
recursive;False;recursive recursive long · momentum · +incert. · expo 0.1 · stop 12% · reentrada 2% ×0.6 · venta 0.5–1.5%;0,29;0,23;0,23;-8,12;0,22;2,58;-3,15;3,1;3,25
recursive;False;recursive recursive long · momentum · +incert. · expo 0.1 · stop 12% · reentrada 2% ×0.6 · venta 1.0–2.4%;0,66;0,4;0,4;-7,42;0,13;1,41;-4,89;3,1;6,81
recursive;False;recursive recursive long · momentum · +incert. · expo 0.1 · stop 12% · reentrada 2% ×1.0 · venta 0.5–1.5%;0,28;0,16;0,16;-9,31;0,33;3,97;-3,11;0,0;2,67
recursive;False;recursive recursive long · momentum · +incert. · expo 0.1 · stop 12% · reentrada 2% ×1.0 · venta 1.0–2.4%;0,56;0,47;0,47;-8,47;0,27;3,18;-4,41;3,1;6,48
recursive;False;recursive recursive long · momentum · +incert. · expo 0.1 · stop 12% · reentrada 3% ×0.6 · venta 0.5–1.5%;0,38;0,23;0,23;-2,86;0,17;2,02;-2,33;0,0;3,93
recursive;False;recursive recursive long · momentum · +incert. · expo 0.1 · stop sin stop · reentrada 1% ×1.0 · venta 0.5–1.5%;0,2;-0,26;-0,26;-12,84;0,11;1,01;-9,94;12,5;-0,55
recursive;False;recursive recursive long · momentum · +incert. · expo 0.1 · stop 12% · reentrada 3% ×1.0 · venta 0.5–1.5%;0,37;0,23;0,23;-4,2;0,09;1,1;-2,13;0,0;3,83
recursive;False;recursive recursive long · momentum · +incert. · expo 0.1 · stop 12% · reentrada 3% ×1.0 · venta 1.0–2.4%;0,45;0,43;0,43;-5,44;0,26;3,09;-3,25;3,1;5,6
recursive;False;recursive recursive long · momentum · +incert. · expo 0.1 · stop 12% · reentrada 3% ×0.6 · venta 1.0–2.4%;0,56;0,3;0,3;-4,36;0,16;1,83;-4,0;0,0;5,52
recursive;False;recursive recursive long · momentum · +incert. · expo 0.1 · stop sin stop · reentrada 1% ×0.6 · venta 0.5–1.5%;0,1;-0,07;-0,07;-10,77;0,08;0,82;-9,89;3,1;0,1
recursive;False;recursive recursive long · momentum · +incert. · expo 0.1 · stop sin stop · reentrada 1% ×0.6 · venta 1.0–2.4%;0,43;0,27;0,27;-7,15;0,07;0,52;-11,87;9,4;4,29
recursive;False;recursive recursive long · momentum · +incert. · expo 0.1 · stop sin stop · reentrada 1% ×1.0 · venta 1.0–2.4%;0,63;0,16;0,16;-9,01;0,16;1,63;-10,43;9,4;4,84
recursive;False;recursive recursive long · momentum · +incert. · expo 0.1 · stop sin stop · reentrada 2% ×1.0 · venta 0.5–1.5%;0,28;0,22;0,22;-9,0;0,37;4,43;-3,54;3,1;3,04
recursive;False;recursive recursive long · momentum · +incert. · expo 0.1 · stop sin stop · reentrada 2% ×0.6 · venta 1.0–2.4%;0,58;0,63;0,58;-8,21;0,3;3,58;-4,81;6,2;7,72
recursive;False;recursive recursive long · momentum · +incert. · expo 0.1 · stop sin stop · reentrada 2% ×0.6 · venta 0.5–1.5%;0,36;0,28;0,28;-8,42;0,27;3,18;-2,65;3,1;4,01
recursive;False;recursive recursive long · momentum · +incert. · expo 0.1 · stop sin stop · reentrada 2% ×1.0 · venta 1.0–2.4%;0,68;0,56;0,56;-9,5;0,25;2,88;-5,24;3,1;7,85
recursive;False;recursive recursive long · momentum · +incert. · expo 0.1 · stop sin stop · reentrada 3% ×0.6 · venta 0.5–1.5%;0,4;0,26;0,26;-3,24;0,17;2,02;-2,4;0,0;4,24
recursive;False;recursive recursive long · momentum · +incert. · expo 0.1 · stop sin stop · reentrada 3% ×0.6 · venta 1.0–2.4%;0,66;0,39;0,39;-3,59;0,19;2,28;-4,61;0,0;6,8
recursive;False;recursive recursive long · momentum · +incert. · expo 0.1 · stop sin stop · reentrada 3% ×1.0 · venta 0.5–1.5%;0,45;0,3;0,3;-3,03;0,15;1,78;-2,39;0,0;4,81
recursive;False;recursive recursive long · momentum · +incert. · expo 0.2 · stop 5% · reentrada 1% ×0.6 · venta 0.5–1.5%;-1,05;0,0;-1,05;-24,66;0,0;0,0;0,0;0,0;-6,83
recursive;False;recursive recursive long · momentum · +incert. · expo 0.1 · stop sin stop · reentrada 3% ×1.0 · venta 1.0–2.4%;0,61;0,54;0,54;-4,69;0,21;2,43;-3,89;3,1;7,38
recursive;False;recursive recursive long · momentum · +incert. · expo 0.2 · stop 5% · reentrada 1% ×1.0 · venta 1.0–2.4%;-1,22;0,0;-1,22;-24,42;0,0;0,0;0,0;0,0;-7,8
recursive;False;recursive recursive long · momentum · +incert. · expo 0.2 · stop 5% · reentrada 1% ×0.6 · venta 1.0–2.4%;-0,65;-0,3;-0,65;-24,08;0,0;0,0;0,0;0,0;-6,22
recursive;False;recursive recursive long · momentum · +incert. · expo 0.2 · stop 5% · reentrada 1% ×1.0 · venta 0.5–1.5%;-0,79;-0,27;-0,79;-24,53;0,0;0,0;0,0;0,0;-6,82
recursive;False;recursive recursive long · momentum · +incert. · expo 0.2 · stop 5% · reentrada 2% ×0.6 · venta 0.5–1.5%;-0,24;0,07;-0,24;-8,69;-0,03;-0,46;-7,34;3,1;-1,29
recursive;False;recursive recursive long · momentum · +incert. · expo 0.2 · stop 5% · reentrada 2% ×0.6 · venta 1.0–2.4%;0,49;0,12;0,12;-6,08;0,12;1,37;-6,5;3,1;3,73
recursive;False;recursive recursive long · momentum · +incert. · expo 0.2 · stop 5% · reentrada 2% ×1.0 · venta 0.5–1.5%;-0,18;-0,2;-0,2;-12,76;-0,09;-1,18;-10,74;3,1;-2,49
recursive;False;recursive recursive long · momentum · +incert. · expo 0.2 · stop 5% · reentrada 2% ×1.0 · venta 1.0–2.4%;0,31;0,16;0,16;-9,26;-0,13;-1,61;-11,14;0,0;2,8
recursive;False;recursive recursive long · momentum · +incert. · expo 0.2 · stop 5% · reentrada 3% ×0.6 · venta 0.5–1.5%;-0,07;0,1;-0,07;-5,88;0,03;0,31;-4,31;3,1;0,14
recursive;False;recursive recursive long · momentum · +incert. · expo 0.2 · stop 5% · reentrada 3% ×0.6 · venta 1.0–2.4%;0,19;0,29;0,19;-5,75;0,1;1,09;-3,95;3,1;2,98
recursive;False;recursive recursive long · momentum · +incert. · expo 0.2 · stop 8% · reentrada 1% ×0.6 · venta 0.5–1.5%;-0,75;-0,4;-0,75;-24,94;0,0;0,0;0,0;0,0;-7,45
recursive;False;recursive recursive long · momentum · +incert. · expo 0.2 · stop 5% · reentrada 3% ×1.0 · venta 0.5–1.5%;-0,05;0,24;-0,05;-6,03;-0,06;-0,85;-7,22;3,1;1,1
recursive;False;recursive recursive long · momentum · +incert. · expo 0.2 · stop 5% · reentrada 3% ×1.0 · venta 1.0–2.4%;0,27;0,37;0,27;-9,12;0,08;0,86;-6,91;3,1;3,91
recursive;False;recursive recursive long · momentum · +incert. · expo 0.2 · stop 8% · reentrada 1% ×0.6 · venta 1.0–2.4%;0,25;-0,26;-0,26;-22,53;-0,39;-4,76;-16,28;0,0;-0,62
recursive;False;recursive recursive long · momentum · +incert. · expo 0.2 · stop 8% · reentrada 1% ×1.0 · venta 1.0–2.4%;0,71;-0,53;-0,53;-15,91;0,33;3,32;-15,7;12,5;0,7
recursive;False;recursive recursive long · momentum · +incert. · expo 0.2 · stop 8% · reentrada 2% ×0.6 · venta 0.5–1.5%;0,32;0,29;0,29;-10,16;0,2;2,18;-8,34;3,1;3,72
recursive;False;recursive recursive long · momentum · +incert. · expo 0.2 · stop 8% · reentrada 2% ×0.6 · venta 1.0–2.4%;0,86;0,77;0,77;-8,33;0,14;1,46;-9,11;6,2;10,43
recursive;False;recursive recursive long · momentum · +incert. · expo 0.2 · stop 8% · reentrada 2% ×1.0 · venta 0.5–1.5%;0,48;0,11;0,11;-10,73;0,37;4,34;-5,0;9,4;3,62
recursive;False;recursive recursive long · momentum · +incert. · expo 0.2 · stop 8% · reentrada 2% ×1.0 · venta 1.0–2.4%;0,9;0,59;0,59;-8,02;0,11;1,18;-9,4;6,2;9,38
recursive;False;recursive recursive long · momentum · +incert. · expo 0.2 · stop 8% · reentrada 3% ×0.6 · venta 1.0–2.4%;0,63;0,49;0,49;-6,36;0,25;2,93;-3,97;3,1;7,15
recursive;False;recursive recursive long · momentum · +incert. · expo 0.2 · stop 8% · reentrada 3% ×0.6 · venta 0.5–1.5%;0,32;0,27;0,27;-5,15;0,25;3,01;-2,89;3,1;3,76
recursive;False;recursive recursive long · momentum · +incert. · expo 0.2 · stop 8% · reentrada 3% ×1.0 · venta 1.0–2.4%;0,53;0,44;0,44;-9,64;0,23;2,72;-4,98;3,1;6,06
recursive;False;recursive recursive long · momentum · +incert. · expo 0.2 · stop 12% · reentrada 1% ×0.6 · venta 1.0–2.4%;-0,36;-0,68;-0,68;-24,43;0,0;0,0;0,0;0,0;-7,13
recursive;False;recursive recursive long · momentum · +incert. · expo 0.2 · stop 12% · reentrada 1% ×1.0 · venta 0.5–1.5%;-0,47;-0,57;-0,57;-24,3;0,0;0,0;0,0;0,0;-6,98
recursive;False;recursive recursive long · momentum · +incert. · expo 0.2 · stop 12% · reentrada 1% ×0.6 · venta 0.5–1.5%;-0,6;-0,47;-0,6;-24,23;0,0;0,0;0,0;0,0;-7,21
recursive;False;recursive recursive long · momentum · +incert. · expo 0.2 · stop 12% · reentrada 1% ×1.0 · venta 1.0–2.4%;-0,07;-0,56;-0,56;-24,06;0,0;0,0;0,0;0,0;-4,65
recursive;False;recursive recursive long · momentum · +incert. · expo 0.2 · stop 8% · reentrada 3% ×1.0 · venta 0.5–1.5%;0,25;0,18;0,18;-5,97;0,21;2,41;-4,48;3,1;2,67
recursive;False;recursive recursive long · momentum · +incert. · expo 0.2 · stop 12% · reentrada 2% ×0.6 · venta 0.5–1.5%;0,74;0,42;0,42;-11,33;0,39;4,48;-5,56;6,2;7,33
recursive;False;recursive recursive long · momentum · +incert. · expo 0.2 · stop 12% · reentrada 2% ×0.6 · venta 1.0–2.4%;1,33;0,7;0,7;-11,56;0,22;2,32;-8,0;6,2;13,07
recursive;False;recursive recursive long · momentum · +incert. · expo 0.2 · stop 12% · reentrada 2% ×1.0 · venta 0.5–1.5%;0,81;0,29;0,29;-11,8;0,52;6,26;-6,09;3,1;6,82
recursive;False;recursive recursive long · momentum · +incert. · expo 0.2 · stop 12% · reentrada 2% ×1.0 · venta 1.0–2.4%;1,13;0,82;0,82;-13,93;0,45;5,26;-7,16;6,2;12,33
recursive;False;recursive recursive long · momentum · +incert. · expo 0.2 · stop 12% · reentrada 3% ×0.6 · venta 0.5–1.5%;0,74;0,42;0,42;-5,34;0,3;3,57;-4,07;3,1;7,55
recursive;False;recursive recursive long · momentum · +incert. · expo 0.2 · stop 12% · reentrada 3% ×1.0 · venta 0.5–1.5%;0,73;0,42;0,42;-7,66;0,17;1,96;-3,77;6,2;7,37
recursive;False;recursive recursive long · momentum · +incert. · expo 0.2 · stop 12% · reentrada 3% ×1.0 · venta 1.0–2.4%;0,89;0,77;0,77;-9,56;0,44;5,23;-5,38;6,2;10,59
recursive;False;recursive recursive long · momentum · +incert. · expo 0.2 · stop sin stop · reentrada 1% ×0.6 · venta 0.5–1.5%;-0,17;-0,41;-0,41;-24,15;0,0;0,0;0,0;0,0;-4,05
recursive;False;recursive recursive long · momentum · +incert. · expo 0.2 · stop 12% · reentrada 3% ×0.6 · venta 1.0–2.4%;1,08;0,53;0,53;-7,72;0,27;3,13;-6,73;9,4;10,45
recursive;False;recursive recursive long · momentum · +incert. · expo 0.2 · stop sin stop · reentrada 1% ×0.6 · venta 1.0–2.4%;-0,14;0,65;-0,14;-21,83;0,12;0,26;-21,64;25,0;1,85
recursive;False;recursive recursive long · momentum · +incert. · expo 0.2 · stop sin stop · reentrada 1% ×1.0 · venta 1.0–2.4%;0,26;-0,56;-0,56;-24,13;0,0;0,0;0,0;0,0;-2,45
recursive;False;recursive recursive long · momentum · +incert. · expo 0.2 · stop sin stop · reentrada 2% ×0.6 · venta 1.0–2.4%;1,18;1,09;1,09;-12,96;0,49;5,74;-7,56;6,2;14,67
recursive;False;recursive recursive long · momentum · +incert. · expo 0.2 · stop sin stop · reentrada 1% ×1.0 · venta 0.5–1.5%;0,28;-0,44;-0,44;-21,25;0,61;6,75;-18,34;18,8;-1,66
recursive;False;recursive recursive long · momentum · +incert. · expo 0.2 · stop sin stop · reentrada 2% ×1.0 · venta 0.5–1.5%;0,43;0,43;0,43;-18,27;0,63;7,51;-7,33;3,1;5,01
recursive;False;recursive recursive long · momentum · +incert. · expo 0.2 · stop sin stop · reentrada 2% ×1.0 · venta 1.0–2.4%;1,55;0,91;0,91;-11,14;0,39;4,47;-7,94;6,2;16,16
recursive;False;recursive recursive long · momentum · +incert. · expo 0.2 · stop sin stop · reentrada 2% ×0.6 · venta 0.5–1.5%;0,83;0,51;0,51;-12,58;0,46;5,45;-4,44;6,2;8,43
recursive;False;recursive recursive long · momentum · +incert. · expo 0.2 · stop sin stop · reentrada 3% ×0.6 · venta 0.5–1.5%;0,77;0,48;0,48;-5,99;0,3;3,55;-4,11;3,1;8,12
recursive;False;recursive recursive long · momentum · +incert. · expo 0.2 · stop sin stop · reentrada 3% ×0.6 · venta 1.0–2.4%;1,25;0,68;0,68;-6,33;0,32;3,78;-7,51;9,4;12,75
recursive;False;recursive recursive long · momentum · +incert. · expo 0.2 · stop sin stop · reentrada 3% ×1.0 · venta 0.5–1.5%;0,87;0,54;0,54;-5,55;0,26;3,08;-4,08;6,2;9,18
recursive;False;recursive recursive long · momentum · +incert. · expo 0.28 · stop 5% · reentrada 1% ×0.6 · venta 1.0–2.4%;-0,83;0,0;-0,83;-24,45;0,0;0,0;0,0;0,0;-5,62
recursive;False;recursive recursive long · momentum · +incert. · expo 0.28 · stop 5% · reentrada 1% ×0.6 · venta 0.5–1.5%;-0,92;0,0;-0,92;-24,6;0,0;0,0;0,0;0,0;-6,09
recursive;False;recursive recursive long · momentum · +incert. · expo 0.28 · stop 5% · reentrada 1% ×1.0 · venta 1.0–2.4%;-1,15;0,0;-1,15;-24,39;0,0;0,0;0,0;0,0;-7,56
recursive;False;recursive recursive long · momentum · +incert. · expo 0.28 · stop 5% · reentrada 1% ×1.0 · venta 0.5–1.5%;-1,02;0,0;-1,02;-24,49;0,0;0,0;0,0;0,0;-6,6
recursive;False;recursive recursive long · momentum · +incert. · expo 0.2 · stop sin stop · reentrada 3% ×1.0 · venta 1.0–2.4%;1,17;0,93;0,93;-8,14;0,34;3,98;-6,24;3,1;13,77
recursive;False;recursive recursive long · momentum · +incert. · expo 0.28 · stop 5% · reentrada 2% ×0.6 · venta 0.5–1.5%;-0,36;0,11;-0,36;-12,54;-0,09;-1,39;-12,15;3,1;-2,0
recursive;False;recursive recursive long · momentum · +incert. · expo 0.28 · stop 5% · reentrada 2% ×0.6 · venta 1.0–2.4%;0,68;0,17;0,17;-8,09;0,07;0,6;-8,74;9,4;5,14
recursive;False;recursive recursive long · momentum · +incert. · expo 0.28 · stop 5% · reentrada 2% ×1.0 · venta 0.5–1.5%;-0,31;-0,27;-0,31;-17,94;0,12;1,2;-11,33;6,2;-3,92
recursive;False;recursive recursive long · momentum · +incert. · expo 0.28 · stop 5% · reentrada 2% ×1.0 · venta 1.0–2.4%;0,43;0,23;0,23;-12,76;-0,06;-0,88;-11,68;0,0;3,72
recursive;False;recursive recursive long · momentum · +incert. · expo 0.28 · stop 5% · reentrada 3% ×0.6 · venta 1.0–2.4%;0,27;0,4;0,27;-7,81;0,13;1,47;-5,26;3,1;4,12
recursive;False;recursive recursive long · momentum · +incert. · expo 0.28 · stop 5% · reentrada 3% ×0.6 · venta 0.5–1.5%;-0,09;0,14;-0,09;-8,11;0,05;0,44;-5,99;3,1;0,19
recursive;False;recursive recursive long · momentum · +incert. · expo 0.28 · stop 8% · reentrada 1% ×0.6 · venta 0.5–1.5%;-0,59;-0,45;-0,59;-24,36;0,0;0,0;0,0;0,0;-6,83
recursive;False;recursive recursive long · momentum · +incert. · expo 0.28 · stop 5% · reentrada 3% ×1.0 · venta 1.0–2.4%;0,38;0,52;0,38;-12,03;0,11;1,14;-9,05;6,2;5,46
recursive;False;recursive recursive long · momentum · +incert. · expo 0.28 · stop 5% · reentrada 3% ×1.0 · venta 0.5–1.5%;-0,06;0,33;-0,06;-8,29;-0,09;-1,26;-9,82;3,1;1,53
recursive;False;recursive recursive long · momentum · +incert. · expo 0.28 · stop 8% · reentrada 1% ×1.0 · venta 1.0–2.4%;0,63;-0,7;-0,7;-23,86;0,0;0,0;0,0;0,0;-1,2
recursive;False;recursive recursive long · momentum · +incert. · expo 0.28 · stop 8% · reentrada 1% ×1.0 · venta 0.5–1.5%;-0,2;-0,68;-0,68;-24,33;0,0;0,0;0,0;0,0;-6,0
recursive;False;recursive recursive long · momentum · +incert. · expo 0.28 · stop 8% · reentrada 1% ×0.6 · venta 1.0–2.4%;0,99;-0,92;-0,92;-24,49;0,0;0,0;0,0;0,0;-0,21
recursive;False;recursive recursive long · momentum · +incert. · expo 0.28 · stop 8% · reentrada 2% ×0.6 · venta 1.0–2.4%;0,73;1,09;0,73;-13,68;0,24;2,58;-10,59;12,5;11,28
recursive;False;recursive recursive long · momentum · +incert. · expo 0.28 · stop 8% · reentrada 2% ×1.0 · venta 0.5–1.5%;0,45;-0,04;-0,04;-18,33;0,58;6,9;-6,79;9,4;2,15
recursive;False;recursive recursive long · momentum · +incert. · expo 0.28 · stop 8% · reentrada 2% ×0.6 · venta 0.5–1.5%;0,46;0,4;0,4;-13,24;0,25;2,61;-11,76;9,4;5,19
recursive;False;recursive recursive long · momentum · +incert. · expo 0.28 · stop 8% · reentrada 2% ×1.0 · venta 1.0–2.4%;1,42;0,73;0,73;-9,5;0,13;1,25;-12,15;6,2;13,82
recursive;False;recursive recursive long · momentum · +incert. · expo 0.28 · stop 8% · reentrada 3% ×0.6 · venta 0.5–1.5%;0,45;0,37;0,37;-7,13;0,34;4,0;-3,79;3,1;5,19
recursive;False;recursive recursive long · momentum · +incert. · expo 0.28 · stop 8% · reentrada 3% ×0.6 · venta 1.0–2.4%;0,86;0,65;0,65;-8,34;0,32;3,77;-5,07;6,2;9,73
recursive;False;recursive recursive long · momentum · +incert. · expo 0.28 · stop 8% · reentrada 3% ×1.0 · venta 0.5–1.5%;0,36;0,26;0,26;-8,08;0,25;2,88;-5,97;3,1;3,69
recursive;False;recursive recursive long · momentum · +incert. · expo 0.28 · stop 12% · reentrada 1% ×0.6 · venta 1.0–2.4%;-0,41;-0,41;-0,41;-24,21;0,0;0,0;0,0;0,0;-6,55
recursive;False;recursive recursive long · momentum · +incert. · expo 0.28 · stop 8% · reentrada 3% ×1.0 · venta 1.0–2.4%;0,72;0,59;0,59;-13,96;0,31;3,54;-6,38;6,2;8,17
recursive;False;recursive recursive long · momentum · +incert. · expo 0.28 · stop 12% · reentrada 1% ×1.0 · venta 0.5–1.5%;-0,31;-0,49;-0,49;-24,72;0,0;0,0;0,0;0,0;-5,82
recursive;False;recursive recursive long · momentum · +incert. · expo 0.28 · stop 12% · reentrada 1% ×1.0 · venta 1.0–2.4%;-0,4;-0,02;-0,4;-23,06;0,0;0,0;0,0;0,0;-3,71
recursive;False;recursive recursive long · momentum · +incert. · expo 0.28 · stop 12% · reentrada 2% ×0.6 · venta 1.0–2.4%;1,8;0,89;0,89;-14,45;0,19;1,81;-10,03;6,2;17,42
recursive;False;recursive recursive long · momentum · +incert. · expo 0.28 · stop 12% · reentrada 2% ×1.0 · venta 0.5–1.5%;0,94;0,4;0,4;-18,36;0,85;10,46;-5,31;12,5;8,06
recursive;False;recursive recursive long · momentum · +incert. · expo 0.28 · stop 12% · reentrada 2% ×1.0 · venta 1.0–2.4%;1,68;1,03;1,03;-13,78;0,55;6,36;-8,57;9,4;17,16
recursive;False;recursive recursive long · momentum · +incert. · expo 0.28 · stop 12% · reentrada 3% ×0.6 · venta 0.5–1.5%;1,01;0,55;0,55;-7,09;0,39;4,58;-5,18;6,2;10,26
recursive;False;recursive recursive long · momentum · +incert. · expo 0.28 · stop 12% · reentrada 2% ×0.6 · venta 0.5–1.5%;1,25;0,53;0,53;-10,12;0,44;4,98;-7,58;6,2;11,51
recursive;False;recursive recursive long · momentum · +incert. · expo 0.28 · stop 12% · reentrada 3% ×0.6 · venta 1.0–2.4%;1,31;0,71;0,71;-11,25;0,2;2,16;-12,15;6,2;13,06
recursive;False;recursive recursive long · momentum · +incert. · expo 0.28 · stop 12% · reentrada 3% ×1.0 · venta 0.5–1.5%;0,86;0,56;0,56;-9,18;0,23;2,59;-4,96;6,2;9,12
recursive;False;recursive recursive long · momentum · +incert. · expo 0.28 · stop 12% · reentrada 3% ×1.0 · venta 1.0–2.4%;1,11;1,01;1,01;-14,42;0,56;6,65;-6,74;6,2;13,52
recursive;False;recursive recursive long · momentum · +incert. · expo 0.28 · stop sin stop · reentrada 1% ×0.6 · venta 0.5–1.5%;-0,3;-0,26;-0,3;-24,86;0,0;0,0;0,0;0,0;-4,02
recursive;False;recursive recursive long · momentum · +incert. · expo 0.28 · stop sin stop · reentrada 1% ×1.0 · venta 0.5–1.5%;0,07;-0,19;-0,19;-24,45;0,0;0,0;0,0;0,0;-1,65
recursive;False;recursive recursive long · momentum · +incert. · expo 0.28 · stop sin stop · reentrada 1% ×1.0 · venta 1.0–2.4%;0,28;-0,67;-0,67;-24,24;0,0;0,0;0,0;0,0;-3,5
recursive;False;recursive recursive long · momentum · +incert. · expo 0.28 · stop sin stop · reentrada 1% ×0.6 · venta 1.0–2.4%;0,85;0,98;0,85;-19,9;0,23;1,47;-20,18;28,1;10,43
recursive;False;recursive recursive long · momentum · +incert. · expo 0.28 · stop sin stop · reentrada 2% ×0.6 · venta 1.0–2.4%;1,54;1,39;1,39;-17,5;0,56;6,49;-9,51;6,2;19,04
recursive;False;recursive recursive long · momentum · +incert. · expo 0.28 · stop sin stop · reentrada 2% ×1.0 · venta 1.0–2.4%;1,71;1,23;1,23;-20,69;0,47;5,39;-9,73;6,2;18,91
recursive;False;recursive recursive long · momentum · +incert. · expo 0.28 · stop sin stop · reentrada 2% ×0.6 · venta 0.5–1.5%;1,26;0,65;0,65;-13,69;0,57;6,75;-5,43;6,2;12,23
recursive;False;recursive recursive long · momentum · +incert. · expo 0.28 · stop sin stop · reentrada 2% ×1.0 · venta 0.5–1.5%;0,94;0,54;0,54;-17,68;0,77;9,19;-9,09;12,5;8,99
recursive;False;recursive recursive long · momentum · +incert. · expo 0.4 · stop 5% · reentrada 1% ×0.6 · venta 0.5–1.5%;-0,75;0,0;-0,75;-23,54;0,0;0,0;0,0;0,0;-5,21
recursive;False;recursive recursive long · momentum · +incert. · expo 0.4 · stop 5% · reentrada 1% ×0.6 · venta 1.0–2.4%;-0,58;0,0;-0,58;-23,52;0,0;0,0;0,0;0,0;-4,17
recursive;False;recursive recursive long · momentum · +incert. · expo 0.28 · stop sin stop · reentrada 3% ×0.6 · venta 0.5–1.5%;1,05;0,63;0,63;-7,91;0,38;4,52;-5,17;6,2;11,02
recursive;False;recursive recursive long · momentum · +incert. · expo 0.4 · stop 5% · reentrada 1% ×1.0 · venta 0.5–1.5%;-0,86;0,0;-0,86;-24,6;0,0;0,0;0,0;0,0;-5,94
recursive;False;recursive recursive long · momentum · +incert. · expo 0.4 · stop 5% · reentrada 1% ×1.0 · venta 1.0–2.4%;-1,08;0,0;-1,08;-24,15;0,0;0,0;0,0;0,0;-7,17
recursive;False;recursive recursive long · momentum · +incert. · expo 0.28 · stop sin stop · reentrada 3% ×0.6 · venta 1.0–2.4%;1,69;0,86;0,86;-8,1;0,28;3,15;-9,94;6,2;17,04
recursive;False;recursive recursive long · momentum · +incert. · expo 0.28 · stop sin stop · reentrada 3% ×1.0 · venta 1.0–2.4%;1,56;1,19;1,19;-9,86;0,42;4,9;-7,59;9,4;18,09
recursive;False;recursive recursive long · momentum · +incert. · expo 0.28 · stop sin stop · reentrada 3% ×1.0 · venta 0.5–1.5%;1,18;0,69;0,69;-7,28;0,33;3,89;-5,11;6,2;12,4
recursive;False;recursive recursive long · momentum · +incert. · expo 0.4 · stop 5% · reentrada 2% ×0.6 · venta 1.0–2.4%;0,72;0,27;0,27;-15,9;0,32;3,48;-11,5;12,5;5,43
recursive;False;recursive recursive long · momentum · +incert. · expo 0.4 · stop 5% · reentrada 2% ×0.6 · venta 0.5–1.5%;-0,58;0,13;-0,58;-16,57;0,17;1,63;-11,58;6,2;-3,53
recursive;False;recursive recursive long · momentum · +incert. · expo 0.4 · stop 5% · reentrada 2% ×1.0 · venta 1.0–2.4%;0,47;0,33;0,33;-15,49;-0,2;-2,63;-18,81;6,2;4,0
recursive;False;recursive recursive long · momentum · +incert. · expo 0.4 · stop 5% · reentrada 3% ×0.6 · venta 0.5–1.5%;-0,14;0,2;-0,14;-11,55;0,08;0,63;-8,49;3,1;0,21
recursive;False;recursive recursive long · momentum · +incert. · expo 0.4 · stop 5% · reentrada 3% ×1.0 · venta 0.5–1.5%;-0,02;0,47;-0,02;-9,29;-0,11;-1,73;-13,54;9,4;2,57
recursive;False;recursive recursive long · momentum · +incert. · expo 0.4 · stop 5% · reentrada 3% ×0.6 · venta 1.0–2.4%;0,26;0,57;0,26;-11,75;0,19;2,04;-7,13;9,4;5,03
recursive;False;recursive recursive long · momentum · +incert. · expo 0.4 · stop 8% · reentrada 1% ×0.6 · venta 0.5–1.5%;-0,37;-0,51;-0,51;-24,08;0,0;0,0;0,0;0,0;-6,14
recursive;False;recursive recursive long · momentum · +incert. · expo 0.4 · stop 8% · reentrada 1% ×0.6 · venta 1.0–2.4%;0,38;-0,65;-0,65;-24,05;0,0;0,0;0,0;0,0;-2,83
recursive;False;recursive recursive long · momentum · +incert. · expo 0.4 · stop 5% · reentrada 3% ×1.0 · venta 1.0–2.4%;0,42;0,77;0,42;-18,0;0,2;2,06;-10,72;6,2;7,04
recursive;False;recursive recursive long · momentum · +incert. · expo 0.4 · stop 8% · reentrada 1% ×1.0 · venta 1.0–2.4%;1,4;-0,71;-0,71;-24,33;0,0;0,0;0,0;0,0;3,28
recursive;False;recursive recursive long · momentum · +incert. · expo 0.4 · stop 8% · reentrada 2% ×0.6 · venta 1.0–2.4%;1,55;1,31;1,31;-15,62;-0,09;-1,48;-19,13;12,5;18,4
recursive;False;recursive recursive long · momentum · +incert. · expo 0.4 · stop 8% · reentrada 2% ×0.6 · venta 0.5–1.5%;0,4;0,58;0,4;-21,13;0,47;5,14;-12,45;15,6;5,3
recursive;False;recursive recursive long · momentum · +incert. · expo 0.4 · stop 8% · reentrada 2% ×1.0 · venta 0.5–1.5%;0,82;0,28;0,28;-20,84;0,82;9,85;-7,85;18,8;6,41
recursive;False;recursive recursive long · momentum · +incert. · expo 0.4 · stop 8% · reentrada 2% ×1.0 · venta 1.0–2.4%;0,89;1,11;0,89;-23,78;0,31;3,14;-15,0;12,5;11,05
recursive;False;recursive recursive long · momentum · +incert. · expo 0.4 · stop 8% · reentrada 3% ×0.6 · venta 0.5–1.5%;0,48;0,52;0,48;-10,61;0,47;5,48;-5,09;12,5;6,13
recursive;False;recursive recursive long · momentum · +incert. · expo 0.4 · stop 8% · reentrada 3% ×0.6 · venta 1.0–2.4%;1,1;0,88;0,88;-13,04;0,42;4,9;-6,54;9,4;12,66
recursive;False;recursive recursive long · momentum · +incert. · expo 0.4 · stop 8% · reentrada 3% ×1.0 · venta 0.5–1.5%;0,38;0,3;0,3;-12,84;0,4;4,56;-8,09;6,2;3,8
recursive;False;recursive recursive long · momentum · +incert. · expo 0.4 · stop 8% · reentrada 3% ×1.0 · venta 1.0–2.4%;0,93;0,82;0,82;-18,45;0,36;3,99;-8,34;6,2;10,65
recursive;False;recursive recursive long · momentum · +incert. · expo 0.4 · stop 12% · reentrada 1% ×1.0 · venta 1.0–2.4%;0,93;0,0;0,0;-23,12;0,0;0,0;0,0;0,0;4,04
recursive;False;recursive recursive long · momentum · +incert. · expo 0.4 · stop 12% · reentrada 1% ×0.6 · venta 1.0–2.4%;0,8;-0,42;-0,42;-23,53;0,0;0,0;0,0;0,0;0,49
recursive;False;recursive recursive long · momentum · +incert. · expo 0.4 · stop 12% · reentrada 2% ×1.0 · venta 1.0–2.4%;1,85;0,03;0,03;-23,44;0,0;0,0;0,0;0,0;10,59
recursive;False;recursive recursive long · momentum · +incert. · expo 0.4 · stop 12% · reentrada 2% ×1.0 · venta 0.5–1.5%;1,47;0,28;0,28;-21,01;-0,3;-3,74;-9,86;0,0;10,27
recursive;False;recursive recursive long · momentum · +incert. · expo 0.4 · stop 12% · reentrada 2% ×0.6 · venta 1.0–2.4%;2,49;1,11;1,11;-17,16;0,28;2,73;-10,14;9,4;23,55
recursive;False;recursive recursive long · momentum · +incert. · expo 0.4 · stop 12% · reentrada 2% ×0.6 · venta 0.5–1.5%;1,38;0,59;0,59;-19,35;0,61;6,86;-10,61;6,2;12,22
recursive;False;recursive recursive long · momentum · +incert. · expo 0.4 · stop 12% · reentrada 3% ×0.6 · venta 0.5–1.5%;1,4;0,72;0,72;-9,39;0,49;5,8;-6,52;9,4;14,07
recursive;False;recursive recursive long · momentum · +incert. · expo 0.4 · stop sin stop · reentrada 1% ×0.6 · venta 0.5–1.5%;0,59;0,0;0,0;-24,62;0,0;0,0;0,0;0,0;3,06
recursive;False;recursive recursive long · momentum · +incert. · expo 0.4 · stop 12% · reentrada 3% ×0.6 · venta 1.0–2.4%;1,91;0,89;0,89;-14,73;0,33;3,65;-12,15;6,2;18,33
recursive;False;recursive recursive long · momentum · +incert. · expo 0.4 · stop 12% · reentrada 3% ×1.0 · venta 0.5–1.5%;1,38;0,72;0,72;-13,09;0,26;2,74;-7,27;6,2;13,73
recursive;False;recursive recursive long · momentum · +incert. · expo 0.4 · stop sin stop · reentrada 1% ×0.6 · venta 1.0–2.4%;0,52;-0,25;-0,25;-23,54;0,0;0,0;0,0;0,0;0,06
recursive;False;recursive recursive long · momentum · +incert. · expo 0.4 · stop 12% · reentrada 3% ×1.0 · venta 1.0–2.4%;1,71;1,27;1,27;-15,48;0,68;8,0;-8,01;6,2;19,27
recursive;False;recursive recursive long · momentum · +incert. · expo 0.4 · stop sin stop · reentrada 1% ×1.0 · venta 1.0–2.4%;0,67;0,0;0,0;-24,66;0,0;0,0;0,0;0,0;2,36
recursive;False;recursive recursive long · momentum · +incert. · expo 0.4 · stop sin stop · reentrada 1% ×1.0 · venta 0.5–1.5%;1,21;-0,28;-0,28;-24,19;0,0;0,0;0,0;0,0;5,0
recursive;False;recursive recursive long · momentum · +incert. · expo 0.4 · stop sin stop · reentrada 2% ×0.6 · venta 1.0–2.4%;2,16;1,74;1,74;-21,07;0,5;5,7;-11,55;6,2;25,57
recursive;False;recursive recursive long · momentum · +incert. · expo 0.4 · stop sin stop · reentrada 2% ×1.0 · venta 0.5–1.5%;1,33;0,65;0,65;-22,3;0,99;11,81;-11,92;21,9;11,88
recursive;False;recursive recursive long · momentum · +incert. · expo 0.4 · stop sin stop · reentrada 2% ×0.6 · venta 0.5–1.5%;1,47;0,9;0,9;-22,27;0,74;8,83;-6,95;9,4;14,74
recursive;False;recursive recursive long · momentum · +incert. · expo 0.4 · stop sin stop · reentrada 2% ×1.0 · venta 1.0–2.4%;2,16;1,57;1,57;-20,6;0,61;6,96;-9,53;12,5;24,51
recursive;False;recursive recursive long · momentum · +incert. · expo 0.4 · stop sin stop · reentrada 3% ×0.6 · venta 0.5–1.5%;1,4;0,82;0,82;-9,84;0,49;5,75;-6,45;9,4;14,74
recursive;False;recursive recursive long · momentum · +incert. · expo 0.4 · stop sin stop · reentrada 3% ×0.6 · venta 1.0–2.4%;2,23;1,09;1,09;-10,4;0,45;5,25;-9,79;9,4;22,49
recursive;False;recursive recursive long · momentum · +incert. · expo 0.4 · stop sin stop · reentrada 3% ×1.0 · venta 1.0–2.4%;2,12;1,49;1,49;-14,48;0,3;3,36;-11,97;6,2;24,04
recursive;False;recursive recursive long · momentum · +incert. · expo 0.4 · stop sin stop · reentrada 3% ×1.0 · venta 0.5–1.5%;1,62;0,89;0,89;-9,5;0,42;4,86;-6,31;9,4;16,89
recursive;False;recursive recursive long · lag_long ·  · expo 0.1 · stop 5% · reentrada 1% ×0.6 · venta 0.5–1.5%;0,07;0,15;0,07;-2,98;-0,07;-0,94;-3,49;3,1;1,38
recursive;False;recursive recursive long · lag_long ·  · expo 0.1 · stop 5% · reentrada 1% ×0.6 · venta 1.0–2.4%;0,12;0,28;0,12;-4,36;0,09;1,04;-3,35;0,0;2,5
recursive;False;recursive recursive long · lag_long ·  · expo 0.1 · stop 5% · reentrada 2% ×0.6 · venta 1.0–2.4%;0,16;0,27;0,16;-2,89;-0,04;-0,51;-5,43;0,0;2,7
recursive;False;recursive recursive long · lag_long ·  · expo 0.1 · stop 5% · reentrada 1% ×1.0 · venta 0.5–1.5%;-0,12;0,13;-0,12;-4,13;-0,05;-0,71;-4,02;0,0;0,03
recursive;False;recursive recursive long · lag_long ·  · expo 0.1 · stop 5% · reentrada 1% ×1.0 · venta 1.0–2.4%;-0,04;0,23;-0,04;-5,72;-0,09;-1,2;-6,68;3,1;1,07
recursive;False;recursive recursive long · lag_long ·  · expo 0.1 · stop 5% · reentrada 2% ×0.6 · venta 0.5–1.5%;0,01;0,17;0,01;-1,79;-0,04;-0,48;-3,51;0,0;1,12
recursive;False;recursive recursive long · lag_long ·  · expo 0.1 · stop 5% · reentrada 2% ×1.0 · venta 1.0–2.4%;0,29;0,23;0,23;-2,38;0,02;0,18;-4,52;0,0;3,3
recursive;False;recursive recursive long · lag_long ·  · expo 0.1 · stop 5% · reentrada 2% ×1.0 · venta 0.5–1.5%;0,08;0,2;0,08;-1,69;0,01;0,08;-3,67;0,0;1,71
recursive;False;recursive recursive long · lag_long ·  · expo 0.1 · stop 5% · reentrada 3% ×1.0 · venta 0.5–1.5%;0,11;0,13;0,11;-1,55;-0,08;-0,99;-3,73;0,0;1,51
recursive;False;recursive recursive long · lag_long ·  · expo 0.1 · stop 5% · reentrada 3% ×0.6 · venta 1.0–2.4%;0,08;0,09;0,08;-2,14;-0,04;-0,47;-2,49;0,0;1,06
recursive;False;recursive recursive long · lag_long ·  · expo 0.1 · stop 5% · reentrada 3% ×0.6 · venta 0.5–1.5%;0,03;0,15;0,03;-1,5;-0,11;-1,31;-3,55;0,0;1,13
recursive;False;recursive recursive long · lag_long ·  · expo 0.1 · stop 5% · reentrada 3% ×1.0 · venta 1.0–2.4%;0,09;0,21;0,09;-2,54;-0,01;-0,22;-3,81;0,0;1,89
recursive;False;recursive recursive long · lag_long ·  · expo 0.1 · stop 8% · reentrada 1% ×0.6 · venta 0.5–1.5%;0,08;0,29;0,08;-3,71;-0,04;-0,62;-6,26;3,1;2,33
recursive;False;recursive recursive long · lag_long ·  · expo 0.1 · stop 8% · reentrada 1% ×1.0 · venta 1.0–2.4%;0,26;0,35;0,26;-6,5;-0,09;-1,24;-7,72;3,1;3,88
recursive;False;recursive recursive long · lag_long ·  · expo 0.1 · stop 8% · reentrada 1% ×0.6 · venta 1.0–2.4%;0,28;0,45;0,28;-5,89;0,05;0,44;-6,73;3,1;4,56
recursive;False;recursive recursive long · lag_long ·  · expo 0.1 · stop 8% · reentrada 2% ×0.6 · venta 0.5–1.5%;0,09;0,2;0,09;-1,76;-0,14;-1,67;-6,52;0,0;1,79
recursive;False;recursive recursive long · lag_long ·  · expo 0.1 · stop 8% · reentrada 2% ×0.6 · venta 1.0–2.4%;0,23;0,48;0,23;-3,01;0,06;0,71;-3,66;3,1;4,48
recursive;False;recursive recursive long · lag_long ·  · expo 0.1 · stop 8% · reentrada 1% ×1.0 · venta 0.5–1.5%;0,02;0,35;0,02;-5,51;0,01;0,04;-4,62;3,1;2,24
recursive;False;recursive recursive long · lag_long ·  · expo 0.1 · stop 8% · reentrada 3% ×0.6 · venta 1.0–2.4%;0,0;0,26;0,0;-3,46;-0,04;-0,54;-2,56;0,0;1,6
recursive;False;recursive recursive long · lag_long ·  · expo 0.1 · stop 8% · reentrada 2% ×1.0 · venta 1.0–2.4%;0,2;0,51;0,2;-4,29;0,03;0,28;-5,72;0,0;4,45
recursive;False;recursive recursive long · lag_long ·  · expo 0.1 · stop 8% · reentrada 2% ×1.0 · venta 0.5–1.5%;0,12;0,25;0,12;-2,8;-0,06;-0,74;-5,82;0,0;2,28
recursive;False;recursive recursive long · lag_long ·  · expo 0.1 · stop 8% · reentrada 3% ×0.6 · venta 0.5–1.5%;-0,03;0,11;-0,03;-2,38;-0,17;-2,05;-5,38;0,0;0,48
recursive;False;recursive recursive long · lag_long ·  · expo 0.1 · stop 8% · reentrada 3% ×1.0 · venta 0.5–1.5%;0,05;0,14;0,05;-2,46;-0,14;-1,7;-4,45;0,0;1,16
recursive;False;recursive recursive long · lag_long ·  · expo 0.1 · stop 8% · reentrada 3% ×1.0 · venta 1.0–2.4%;-0,02;0,29;-0,02;-3,55;-0,08;-0,97;-3,74;0,0;1,63
recursive;False;recursive recursive long · lag_long ·  · expo 0.1 · stop 12% · reentrada 1% ×0.6 · venta 1.0–2.4%;0,3;0,78;0,3;-5,68;-0,03;-0,48;-9,15;3,1;6,83
recursive;False;recursive recursive long · lag_long ·  · expo 0.1 · stop 12% · reentrada 1% ×1.0 · venta 0.5–1.5%;0,27;0,54;0,27;-3,79;-0,18;-2,32;-8,35;3,1;5,12
recursive;False;recursive recursive long · lag_long ·  · expo 0.1 · stop 12% · reentrada 1% ×0.6 · venta 0.5–1.5%;0,36;0,51;0,36;-3,84;-0,17;-2,22;-8,34;3,1;5,49
recursive;False;recursive recursive long · lag_long ·  · expo 0.1 · stop 12% · reentrada 1% ×1.0 · venta 1.0–2.4%;0,23;0,72;0,23;-5,95;-0,28;-3,53;-11,92;0,0;5,98
recursive;False;recursive recursive long · lag_long ·  · expo 0.1 · stop 12% · reentrada 2% ×0.6 · venta 0.5–1.5%;0,04;0,25;0,04;-2,66;-0,15;-1,83;-5,41;0,0;1,8
recursive;False;recursive recursive long · lag_long ·  · expo 0.1 · stop 12% · reentrada 2% ×0.6 · venta 1.0–2.4%;0,09;0,6;0,09;-6,15;0,02;0,12;-4,44;3,1;4,31
recursive;False;recursive recursive long · lag_long ·  · expo 0.1 · stop 12% · reentrada 2% ×1.0 · venta 1.0–2.4%;0,19;0,53;0,19;-5,8;0,04;0,38;-5,41;6,2;4,49
recursive;False;recursive recursive long · lag_long ·  · expo 0.1 · stop 12% · reentrada 2% ×1.0 · venta 0.5–1.5%;0,11;0,28;0,11;-2,47;-0,08;-1,01;-4,89;0,0;2,39
recursive;False;recursive recursive long · lag_long ·  · expo 0.1 · stop sin stop · reentrada 1% ×0.6 · venta 1.0–2.4%;0,33;0,7;0,33;-5,87;-0,02;-0,36;-9,22;3,1;6,55
recursive;False;recursive recursive long · lag_long ·  · expo 0.1 · stop 12% · reentrada 3% ×0.6 · venta 1.0–2.4%;-0,09;0,36;-0,09;-5,11;-0,17;-2,11;-5,52;0,0;1,58
recursive;False;recursive recursive long · lag_long ·  · expo 0.1 · stop 12% · reentrada 3% ×1.0 · venta 1.0–2.4%;0,12;0,42;0,12;-5,03;-0,15;-1,93;-5,21;0,0;3,36
recursive;False;recursive recursive long · lag_long ·  · expo 0.1 · stop 12% · reentrada 3% ×0.6 · venta 0.5–1.5%;-0,12;0,2;-0,12;-4,64;-0,26;-3,14;-8,15;0,0;0,46
recursive;False;recursive recursive long · lag_long ·  · expo 0.1 · stop 12% · reentrada 3% ×1.0 · venta 0.5–1.5%;-0,04;0,22;-0,04;-3,32;-0,16;-1,93;-5,05;0,0;1,1
recursive;False;recursive recursive long · lag_long ·  · expo 0.1 · stop sin stop · reentrada 1% ×0.6 · venta 0.5–1.5%;0,4;0,46;0,4;-4,01;-0,18;-2,31;-7,3;3,1;5,49
recursive;False;recursive recursive long · lag_long ·  · expo 0.1 · stop sin stop · reentrada 1% ×1.0 · venta 1.0–2.4%;0,29;0,71;0,29;-6,14;-0,32;-3,96;-13,38;3,1;6,32
recursive;False;recursive recursive long · lag_long ·  · expo 0.1 · stop sin stop · reentrada 1% ×1.0 · venta 0.5–1.5%;0,25;0,63;0,25;-4,42;-0,11;-1,52;-8,31;3,1;5,55
recursive;False;recursive recursive long · lag_long ·  · expo 0.1 · stop sin stop · reentrada 2% ×0.6 · venta 0.5–1.5%;0,11;0,3;0,11;-2,88;-0,2;-2,42;-6,32;0,0;2,59
recursive;False;recursive recursive long · lag_long ·  · expo 0.1 · stop sin stop · reentrada 2% ×0.6 · venta 1.0–2.4%;0,2;0,65;0,2;-4,6;-0,06;-0,87;-5,34;6,2;5,36
recursive;False;recursive recursive long · lag_long ·  · expo 0.1 · stop sin stop · reentrada 2% ×1.0 · venta 0.5–1.5%;0,06;0,33;0,06;-2,82;-0,12;-1,53;-5,95;0,0;2,41
recursive;False;recursive recursive long · lag_long ·  · expo 0.1 · stop sin stop · reentrada 2% ×1.0 · venta 1.0–2.4%;0,2;0,62;0,2;-5,41;-0,0;-0,14;-5,09;6,2;5,18
recursive;False;recursive recursive long · lag_long ·  · expo 0.1 · stop sin stop · reentrada 3% ×0.6 · venta 0.5–1.5%;-0,03;0,2;-0,03;-3,46;-0,28;-3,43;-8,89;0,0;1,0
recursive;False;recursive recursive long · lag_long ·  · expo 0.1 · stop sin stop · reentrada 3% ×0.6 · venta 1.0–2.4%;-0,14;0,36;-0,14;-5,95;-0,21;-2,56;-6,76;0,0;1,28
recursive;False;recursive recursive long · lag_long ·  · expo 0.1 · stop sin stop · reentrada 3% ×1.0 · venta 0.5–1.5%;-0,1;0,22;-0,1;-4,51;-0,23;-2,77;-7,2;0,0;0,72
recursive;False;recursive recursive long · lag_long ·  · expo 0.2 · stop 5% · reentrada 1% ×0.6 · venta 0.5–1.5%;0,15;0,29;0,15;-5,65;-0,14;-1,82;-6,63;3,1;2,72
recursive;False;recursive recursive long · lag_long ·  · expo 0.1 · stop sin stop · reentrada 3% ×1.0 · venta 1.0–2.4%;0,06;0,43;0,06;-5,73;-0,24;-3,02;-7,84;0,0;3,0
recursive;False;recursive recursive long · lag_long ·  · expo 0.2 · stop 5% · reentrada 1% ×1.0 · venta 1.0–2.4%;-0,11;0,46;-0,11;-10,04;-0,22;-2,91;-13,89;9,4;1,89
recursive;False;recursive recursive long · lag_long ·  · expo 0.2 · stop 5% · reentrada 1% ×0.6 · venta 1.0–2.4%;0,24;0,55;0,24;-8,35;0,17;1,92;-6,01;9,4;4,87
recursive;False;recursive recursive long · lag_long ·  · expo 0.2 · stop 5% · reentrada 2% ×0.6 · venta 0.5–1.5%;0,03;0,34;0,03;-3,51;-0,07;-0,93;-6,68;3,1;2,21
recursive;False;recursive recursive long · lag_long ·  · expo 0.2 · stop 5% · reentrada 1% ×1.0 · venta 0.5–1.5%;-0,22;0,27;-0,22;-8,26;-0,2;-2,59;-7,87;6,2;0,06
recursive;False;recursive recursive long · lag_long ·  · expo 0.2 · stop 5% · reentrada 2% ×0.6 · venta 1.0–2.4%;0,31;0,52;0,31;-5,46;-0,06;-0,94;-9,69;6,2;5,24
recursive;False;recursive recursive long · lag_long ·  · expo 0.2 · stop 5% · reentrada 2% ×1.0 · venta 0.5–1.5%;0,15;0,38;0,15;-3,29;0,02;0,15;-6,74;0,0;3,36
recursive;False;recursive recursive long · lag_long ·  · expo 0.2 · stop 5% · reentrada 2% ×1.0 · venta 1.0–2.4%;0,56;0,43;0,43;-4,42;0,04;0,32;-7,9;9,4;6,39
recursive;False;recursive recursive long · lag_long ·  · expo 0.2 · stop 5% · reentrada 3% ×0.6 · venta 0.5–1.5%;0,07;0,29;0,07;-2,96;-0,21;-2,56;-6,85;0,0;2,23
recursive;False;recursive recursive long · lag_long ·  · expo 0.2 · stop 5% · reentrada 3% ×0.6 · venta 1.0–2.4%;0,15;0,18;0,15;-4,15;-0,07;-0,92;-4,76;0,0;2,09
recursive;False;recursive recursive long · lag_long ·  · expo 0.2 · stop 5% · reentrada 3% ×1.0 · venta 0.5–1.5%;0,21;0,26;0,21;-3,02;-0,15;-1,9;-7,05;0,0;2,97
recursive;False;recursive recursive long · lag_long ·  · expo 0.2 · stop 5% · reentrada 3% ×1.0 · venta 1.0–2.4%;0,18;0,41;0,18;-4,86;-0,02;-0,41;-7,04;6,2;3,71
recursive;False;recursive recursive long · lag_long ·  · expo 0.2 · stop 8% · reentrada 1% ×0.6 · venta 0.5–1.5%;0,17;0,57;0,17;-7,11;0,0;-0,37;-9,41;6,2;4,56
recursive;False;recursive recursive long · lag_long ·  · expo 0.2 · stop 8% · reentrada 1% ×0.6 · venta 1.0–2.4%;0,37;0,85;0,37;-11,29;0,13;1,23;-10,49;12,5;7,63
recursive;False;recursive recursive long · lag_long ·  · expo 0.2 · stop 8% · reentrada 1% ×1.0 · venta 1.0–2.4%;0,41;0,67;0,41;-11,11;-0,18;-2,55;-14,24;12,5;6,76
recursive;False;recursive recursive long · lag_long ·  · expo 0.2 · stop 8% · reentrada 2% ×0.6 · venta 1.0–2.4%;0,45;0,89;0,45;-5,6;0,12;1,24;-6,22;6,2;8,57
recursive;False;recursive recursive long · lag_long ·  · expo 0.2 · stop 8% · reentrada 1% ×1.0 · venta 0.5–1.5%;0,05;0,65;0,05;-9,47;0,03;0,07;-8,45;6,2;4,24
recursive;False;recursive recursive long · lag_long ·  · expo 0.2 · stop 8% · reentrada 2% ×1.0 · venta 0.5–1.5%;0,24;0,48;0,24;-5,35;-0,1;-1,39;-10,52;3,1;4,45
recursive;False;recursive recursive long · lag_long ·  · expo 0.2 · stop 8% · reentrada 2% ×0.6 · venta 0.5–1.5%;0,18;0,39;0,18;-3,42;-0,22;-2,84;-11,23;3,1;3,51
recursive;False;recursive recursive long · lag_long ·  · expo 0.2 · stop 8% · reentrada 3% ×0.6 · venta 0.5–1.5%;-0,05;0,22;-0,05;-4,73;-0,34;-4,18;-10,75;0,0;0,96
recursive;False;recursive recursive long · lag_long ·  · expo 0.2 · stop 8% · reentrada 2% ×1.0 · venta 1.0–2.4%;0,4;0,94;0,4;-7,94;-0,06;-0,95;-12,48;6,2;8,51
recursive;False;recursive recursive long · lag_long ·  · expo 0.2 · stop 8% · reentrada 3% ×0.6 · venta 1.0–2.4%;0,01;0,51;0,01;-6,8;-0,07;-1,03;-4,83;0,0;3,14
recursive;False;recursive recursive long · lag_long ·  · expo 0.2 · stop 8% · reentrada 3% ×1.0 · venta 0.5–1.5%;0,1;0,27;0,1;-4,82;-0,27;-3,32;-8,59;0,0;2,29
recursive;False;recursive recursive long · lag_long ·  · expo 0.2 · stop 8% · reentrada 3% ×1.0 · venta 1.0–2.4%;-0,04;0,57;-0,04;-6,93;-0,14;-1,85;-7,03;9,4;3,21
recursive;False;recursive recursive long · lag_long ·  · expo 0.2 · stop 12% · reentrada 1% ×0.6 · venta 0.5–1.5%;0,7;0,92;0,7;-6,95;-0,28;-3,71;-13,68;6,2;10,4
recursive;False;recursive recursive long · lag_long ·  · expo 0.2 · stop 12% · reentrada 1% ×0.6 · venta 1.0–2.4%;0,22;1,5;0,22;-10,56;-0,08;-1,5;-14,23;15,6;10,71
recursive;False;recursive recursive long · lag_long ·  · expo 0.2 · stop 12% · reentrada 1% ×1.0 · venta 0.5–1.5%;0,54;0,99;0,54;-6,98;-0,13;-1,96;-9,86;3,1;9,73
recursive;False;recursive recursive long · lag_long ·  · expo 0.2 · stop 12% · reentrada 1% ×1.0 · venta 1.0–2.4%;0,06;1,42;0,06;-13,21;-0,2;-2,98;-14,71;15,6;9,05
recursive;False;recursive recursive long · lag_long ·  · expo 0.2 · stop 12% · reentrada 2% ×1.0 · venta 1.0–2.4%;0,39;0,98;0,39;-10,62;-0,11;-1,57;-12,75;6,2;8,59
recursive;False;recursive recursive long · lag_long ·  · expo 0.2 · stop 12% · reentrada 2% ×1.0 · venta 0.5–1.5%;0,21;0,54;0,21;-4,73;-0,14;-1,89;-8,93;6,2;4,66
recursive;False;recursive recursive long · lag_long ·  · expo 0.2 · stop 12% · reentrada 2% ×0.6 · venta 0.5–1.5%;0,09;0,49;0,09;-5,14;-0,28;-3,5;-10,19;6,2;3,54
recursive;False;recursive recursive long · lag_long ·  · expo 0.2 · stop 12% · reentrada 3% ×0.6 · venta 1.0–2.4%;-0,28;0,73;-0,28;-9,62;-0,33;-4,17;-10,73;6,2;2,52
recursive;False;recursive recursive long · lag_long ·  · expo 0.2 · stop 12% · reentrada 3% ×1.0 · venta 1.0–2.4%;0,25;0,8;0,25;-9,64;-0,27;-3,56;-9,45;9,4;6,49
recursive;False;recursive recursive long · lag_long ·  · expo 0.2 · stop 12% · reentrada 2% ×0.6 · venta 1.0–2.4%;0,27;1,11;0,27;-9,9;0,04;0,22;-7,53;9,4;8,74
recursive;False;recursive recursive long · lag_long ·  · expo 0.2 · stop 12% · reentrada 3% ×1.0 · venta 0.5–1.5%;-0,07;0,44;-0,07;-6,62;-0,3;-3,78;-9,76;0,0;2,17
recursive;False;recursive recursive long · lag_long ·  · expo 0.2 · stop sin stop · reentrada 1% ×0.6 · venta 0.5–1.5%;0,78;0,83;0,78;-7,25;-0,28;-3,72;-11,67;6,2;10,41
recursive;False;recursive recursive long · lag_long ·  · expo 0.2 · stop 12% · reentrada 3% ×0.6 · venta 0.5–1.5%;-0,24;0,41;-0,24;-9,27;-0,52;-6,36;-16,06;0,0;0,91
recursive;False;recursive recursive long · lag_long ·  · expo 0.2 · stop sin stop · reentrada 1% ×1.0 · venta 0.5–1.5%;0,5;1,15;0,5;-8,1;-0,19;-2,85;-15,26;6,2;10,51
recursive;False;recursive recursive long · lag_long ·  · expo 0.2 · stop sin stop · reentrada 1% ×0.6 · venta 1.0–2.4%;0,19;1,38;0,19;-10,71;-0,07;-1,26;-13,05;15,6;9,78
recursive;False;recursive recursive long · lag_long ·  · expo 0.2 · stop sin stop · reentrada 2% ×0.6 · venta 1.0–2.4%;0,27;1,22;0,27;-8,96;-0,1;-1,51;-9,15;9,4;9,43
recursive;False;recursive recursive long · lag_long ·  · expo 0.2 · stop sin stop · reentrada 1% ×1.0 · venta 1.0–2.4%;0,33;1,34;0,33;-10,7;-0,44;-5,66;-19,58;15,6;10,48
recursive;False;recursive recursive long · lag_long ·  · expo 0.2 · stop sin stop · reentrada 2% ×0.6 · venta 0.5–1.5%;0,23;0,57;0,23;-5,61;-0,38;-4,69;-12,02;6,2;5,03
recursive;False;recursive recursive long · lag_long ·  · expo 0.2 · stop sin stop · reentrada 2% ×1.0 · venta 0.5–1.5%;0,13;0,63;0,13;-5,43;-0,22;-2,88;-10,89;6,2;4,71
recursive;False;recursive recursive long · lag_long ·  · expo 0.2 · stop sin stop · reentrada 2% ×1.0 · venta 1.0–2.4%;0,39;1,15;0,39;-10,69;0,0;-0,36;-8,88;9,4;9,74
recursive;False;recursive recursive long · lag_long ·  · expo 0.2 · stop sin stop · reentrada 3% ×0.6 · venta 0.5–1.5%;-0,06;0,4;-0,06;-6,87;-0,53;-6,54;-16,49;0,0;1,97
recursive;False;recursive recursive long · lag_long ·  · expo 0.2 · stop sin stop · reentrada 3% ×0.6 · venta 1.0–2.4%;-0,18;0,71;-0,18;-9,81;-0,39;-4,94;-12,76;3,1;3,13
recursive;False;recursive recursive long · lag_long ·  · expo 0.2 · stop sin stop · reentrada 3% ×1.0 · venta 0.5–1.5%;-0,19;0,44;-0,19;-9,01;-0,25;-3,23;-8,36;0,0;1,43
recursive;False;recursive recursive long · lag_long ·  · expo 0.28 · stop 5% · reentrada 1% ×1.0 · venta 1.0–2.4%;0,12;0,61;0,12;-11,88;-0,09;-1,71;-12,81;12,5;4,26
recursive;False;recursive recursive long · lag_long ·  · expo 0.2 · stop sin stop · reentrada 3% ×1.0 · venta 1.0–2.4%;0,15;0,81;0,15;-10,33;-0,36;-4,58;-11,73;9,4;5,91
recursive;False;recursive recursive long · lag_long ·  · expo 0.28 · stop 5% · reentrada 1% ×1.0 · venta 0.5–1.5%;-0,63;0,42;-0,63;-16,04;-0,21;-3,14;-14,51;18,8;-1,89
recursive;False;recursive recursive long · lag_long ·  · expo 0.28 · stop 5% · reentrada 1% ×0.6 · venta 0.5–1.5%;0,22;0,4;0,22;-7,58;-0,18;-2,48;-8,93;9,4;3,77
recursive;False;recursive recursive long · lag_long ·  · expo 0.28 · stop 5% · reentrada 1% ×0.6 · venta 1.0–2.4%;0,1;0,78;0,1;-12,09;0,25;2,64;-8,09;12,5;5,25
recursive;False;recursive recursive long · lag_long ·  · expo 0.28 · stop 5% · reentrada 2% ×0.6 · venta 0.5–1.5%;0,04;0,47;0,04;-4,85;-0,09;-1,26;-9,0;6,2;3,07
recursive;False;recursive recursive long · lag_long ·  · expo 0.28 · stop 5% · reentrada 2% ×1.0 · venta 0.5–1.5%;0,22;0,53;0,22;-4,51;0,03;0,2;-8,85;6,2;4,64
recursive;False;recursive recursive long · lag_long ·  · expo 0.28 · stop 5% · reentrada 2% ×0.6 · venta 1.0–2.4%;0,44;0,7;0,44;-7,32;-0,07;-1,13;-12,23;9,4;7,19
recursive;False;recursive recursive long · lag_long ·  · expo 0.28 · stop 5% · reentrada 3% ×0.6 · venta 1.0–2.4%;0,21;0,25;0,21;-5,66;-0,09;-1,26;-6,44;6,2;2,91
recursive;False;recursive recursive long · lag_long ·  · expo 0.28 · stop 5% · reentrada 3% ×0.6 · venta 0.5–1.5%;0,09;0,4;0,09;-4,11;-0,29;-3,52;-9,33;0,0;3,09
recursive;False;recursive recursive long · lag_long ·  · expo 0.28 · stop 5% · reentrada 2% ×1.0 · venta 1.0–2.4%;0,78;0,58;0,58;-5,86;0,06;0,42;-10,04;9,4;8,71
recursive;False;recursive recursive long · lag_long ·  · expo 0.28 · stop 5% · reentrada 3% ×1.0 · venta 0.5–1.5%;0,29;0,35;0,29;-4,14;-0,21;-2,59;-9,46;3,1;4,1
recursive;False;recursive recursive long · lag_long ·  · expo 0.28 · stop 5% · reentrada 3% ×1.0 · venta 1.0–2.4%;0,26;0,56;0,26;-6,58;-0,02;-0,56;-9,29;9,4;5,12
recursive;False;recursive recursive long · lag_long ·  · expo 0.28 · stop 8% · reentrada 1% ×0.6 · venta 1.0–2.4%;0,5;1,14;0,5;-13,76;0,09;0,66;-11,27;12,5;10,31
recursive;False;recursive recursive long · lag_long ·  · expo 0.28 · stop 8% · reentrada 1% ×0.6 · venta 0.5–1.5%;0,25;0,79;0,25;-9,11;-0,24;-3,49;-15,3;9,4;6,42
recursive;False;recursive recursive long · lag_long ·  · expo 0.28 · stop 8% · reentrada 1% ×1.0 · venta 0.5–1.5%;-0,22;0,97;-0,22;-19,69;0,0;-0,54;-11,52;15,6;4,37
recursive;False;recursive recursive long · lag_long ·  · expo 0.28 · stop 8% · reentrada 2% ×1.0 · venta 1.0–2.4%;0,46;1,27;0,46;-12,42;0,14;1,34;-10,56;9,4;10,95
recursive;False;recursive recursive long · lag_long ·  · expo 0.28 · stop 8% · reentrada 1% ×1.0 · venta 1.0–2.4%;0,54;0,57;0,54;-15,29;-0,04;-1,19;-16,0;12,5;6,71
recursive;False;recursive recursive long · lag_long ·  · expo 0.28 · stop 8% · reentrada 3% ×0.6 · venta 0.5–1.5%;-0,07;0,31;-0,07;-6,59;-0,46;-5,77;-14,65;3,1;1,33
recursive;False;recursive recursive long · lag_long ·  · expo 0.28 · stop 8% · reentrada 2% ×1.0 · venta 0.5–1.5%;0,34;0,65;0,34;-7,23;-0,12;-1,61;-13,09;9,4;6,12
recursive;False;recursive recursive long · lag_long ·  · expo 0.28 · stop 8% · reentrada 2% ×0.6 · venta 1.0–2.4%;0,63;1,17;0,63;-7,43;0,16;1,58;-7,77;9,4;11,61
recursive;False;recursive recursive long · lag_long ·  · expo 0.28 · stop 8% · reentrada 2% ×0.6 · venta 0.5–1.5%;0,25;0,53;0,25;-4,67;-0,14;-1,92;-10,26;6,2;4,84
recursive;False;recursive recursive long · lag_long ·  · expo 0.28 · stop 8% · reentrada 3% ×0.6 · venta 1.0–2.4%;0,02;0,71;0,02;-9,38;-0,09;-1,39;-6,46;9,4;4,33
recursive;False;recursive recursive long · lag_long ·  · expo 0.28 · stop 8% · reentrada 3% ×1.0 · venta 0.5–1.5%;0,15;0,37;0,15;-6,64;-0,29;-3,63;-9,39;6,2;3,18
recursive;False;recursive recursive long · lag_long ·  · expo 0.28 · stop 8% · reentrada 3% ×1.0 · venta 1.0–2.4%;-0,04;0,79;-0,04;-9,5;-0,18;-2,51;-9,4;9,4;4,43
recursive;False;recursive recursive long · lag_long ·  · expo 0.28 · stop 12% · reentrada 1% ×0.6 · venta 1.0–2.4%;0,2;2,02;0,2;-18,74;0,17;1,29;-14,84;15,6;13,88
recursive;False;recursive recursive long · lag_long ·  · expo 0.28 · stop 12% · reentrada 1% ×0.6 · venta 0.5–1.5%;0,97;1,19;0,97;-9,05;-0,29;-4,14;-15,92;6,2;14,0
recursive;False;recursive recursive long · lag_long ·  · expo 0.28 · stop 12% · reentrada 1% ×1.0 · venta 0.5–1.5%;0,76;1,3;0,76;-9,17;-0,19;-3,01;-16,05;15,6;13,13
recursive;False;recursive recursive long · lag_long ·  · expo 0.28 · stop 12% · reentrada 1% ×1.0 · venta 1.0–2.4%;-0,41;1,92;-0,41;-17,5;0,05;-0,43;-14,98;15,6;8,88
recursive;False;recursive recursive long · lag_long ·  · expo 0.28 · stop 12% · reentrada 2% ×0.6 · venta 0.5–1.5%;0,13;0,67;0,13;-7,01;-0,33;-4,29;-12,5;9,4;4,88
recursive;False;recursive recursive long · lag_long ·  · expo 0.28 · stop 12% · reentrada 2% ×0.6 · venta 1.0–2.4%;0,39;1,47;0,39;-12,98;0,06;0,31;-9,35;12,5;11,83
recursive;False;recursive recursive long · lag_long ·  · expo 0.28 · stop 12% · reentrada 3% ×0.6 · venta 0.5–1.5%;-0,34;0,58;-0,34;-10,92;-0,69;-8,64;-21,39;3,1;1,18
recursive;False;recursive recursive long · lag_long ·  · expo 0.28 · stop 12% · reentrada 2% ×1.0 · venta 0.5–1.5%;0,31;0,73;0,31;-6,39;-0,1;-1,44;-9,06;9,4;6,39
recursive;False;recursive recursive long · lag_long ·  · expo 0.28 · stop 12% · reentrada 3% ×1.0 · venta 1.0–2.4%;0,46;1,04;0,46;-10,53;-0,34;-4,58;-12,06;12,5;9,57
recursive;False;recursive recursive long · lag_long ·  · expo 0.28 · stop 12% · reentrada 2% ×1.0 · venta 1.0–2.4%;0,56;1,29;0,56;-13,7;0,18;1,65;-9,57;9,4;11,7
recursive;False;recursive recursive long · lag_long ·  · expo 0.28 · stop 12% · reentrada 3% ×1.0 · venta 0.5–1.5%;-0,1;0,61;-0,1;-9,25;-0,19;-2,52;-8,69;9,4;3,02
recursive;False;recursive recursive long · lag_long ·  · expo 0.28 · stop 12% · reentrada 3% ×0.6 · venta 1.0–2.4%;-0,1;0,97;-0,1;-11,21;-0,42;-5,44;-13,84;12,5;5,12
recursive;False;recursive recursive long · lag_long ·  · expo 0.28 · stop sin stop · reentrada 1% ×0.6 · venta 1.0–2.4%;0,05;1,91;0,05;-21,3;-0,03;-1,04;-17,82;15,6;12,01
recursive;False;recursive recursive long · lag_long ·  · expo 0.28 · stop sin stop · reentrada 1% ×1.0 · venta 0.5–1.5%;-0,53;1,89;-0,53;-18,49;-0,24;-3,57;-16,36;15,6;7,72
recursive;False;recursive recursive long · lag_long ·  · expo 0.28 · stop sin stop · reentrada 1% ×0.6 · venta 0.5–1.5%;0,58;1,19;0,58;-11,52;-0,24;-3,7;-16,82;9,4;11,14
recursive;False;recursive recursive long · lag_long ·  · expo 0.28 · stop sin stop · reentrada 2% ×0.6 · venta 0.5–1.5%;0,32;0,78;0,32;-7,69;-0,44;-5,55;-14,11;9,4;6,9
recursive;False;recursive recursive long · lag_long ·  · expo 0.28 · stop sin stop · reentrada 1% ×1.0 · venta 1.0–2.4%;-0,34;2,05;-0,34;-19,39;-0,04;-1,8;-16,34;15,6;10,07
recursive;False;recursive recursive long · lag_long ·  · expo 0.28 · stop sin stop · reentrada 2% ×0.6 · venta 1.0–2.4%;0,51;1,58;0,51;-9,36;-0,01;-0,58;-9,09;9,4;13,43
recursive;False;recursive recursive long · lag_long ·  · expo 0.28 · stop sin stop · reentrada 2% ×1.0 · venta 0.5–1.5%;0,19;0,86;0,19;-7,39;-0,09;-1,43;-8,4;12,5;6,46
recursive;False;recursive recursive long · lag_long ·  · expo 0.28 · stop sin stop · reentrada 2% ×1.0 · venta 1.0–2.4%;0,73;1,46;0,73;-10,01;0,06;0,13;-9,37;12,5;14,18
recursive;False;recursive recursive long · lag_long ·  · expo 0.28 · stop sin stop · reentrada 3% ×0.6 · venta 0.5–1.5%;-0,17;0,56;-0,17;-9,1;-0,47;-5,95;-16,88;3,1;2,18
recursive;False;recursive recursive long · lag_long ·  · expo 0.28 · stop sin stop · reentrada 3% ×0.6 · venta 1.0–2.4%;-0,24;0,99;-0,24;-13,63;-0,58;-7,37;-18,62;12,5;4,34
recursive;False;recursive recursive long · lag_long ·  · expo 0.28 · stop sin stop · reentrada 3% ×1.0 · venta 1.0–2.4%;0,44;1,05;0,44;-9,77;-0,37;-4,9;-13,48;12,5;9,45
recursive;False;recursive recursive long · lag_long ·  · expo 0.28 · stop sin stop · reentrada 3% ×1.0 · venta 0.5–1.5%;-0,27;0,63;-0,27;-10,82;-0,35;-4,5;-11,54;9,4;1,89
recursive;False;recursive recursive long · lag_long ·  · expo 0.4 · stop 5% · reentrada 1% ×1.0 · venta 0.5–1.5%;-0,17;0,36;-0,17;-13,77;-0,15;-2,77;-15,82;18,8;0,49
recursive;False;recursive recursive long · lag_long ·  · expo 0.4 · stop 5% · reentrada 1% ×1.0 · venta 1.0–2.4%;0,35;0,58;0,35;-15,45;-0,4;-5,35;-23,67;6,2;5,37
recursive;False;recursive recursive long · lag_long ·  · expo 0.4 · stop 5% · reentrada 1% ×0.6 · venta 1.0–2.4%;0,46;0,81;0,46;-14,46;0,19;1,81;-9,68;18,8;7,68
recursive;False;recursive recursive long · lag_long ·  · expo 0.4 · stop 5% · reentrada 1% ×0.6 · venta 0.5–1.5%;0,04;0,43;0,04;-12,55;-0,04;-1,16;-10,17;12,5;2,41
recursive;False;recursive recursive long · lag_long ·  · expo 0.4 · stop 5% · reentrada 2% ×0.6 · venta 1.0–2.4%;0,62;0,95;0,62;-9,82;-0,06;-1,16;-14,86;9,4;9,96
recursive;False;recursive recursive long · lag_long ·  · expo 0.4 · stop 5% · reentrada 2% ×0.6 · venta 0.5–1.5%;0,06;0,66;0,06;-6,79;-0,07;-1,25;-10,96;9,4;4,32
recursive;False;recursive recursive long · lag_long ·  · expo 0.4 · stop 5% · reentrada 2% ×1.0 · venta 0.5–1.5%;0,32;0,73;0,32;-6,26;0,16;1,64;-9,5;6,2;6,49
recursive;False;recursive recursive long · lag_long ·  · expo 0.4 · stop 5% · reentrada 3% ×0.6 · venta 0.5–1.5%;0,13;0,57;0,13;-5,79;-0,31;-3,92;-10,42;6,2;4,36
recursive;False;recursive recursive long · lag_long ·  · expo 0.4 · stop 5% · reentrada 2% ×1.0 · venta 1.0–2.4%;1,09;0,76;0,76;-7,75;-0,19;-2,74;-20,0;6,2;12,01
recursive;False;recursive recursive long · lag_long ·  · expo 0.4 · stop 5% · reentrada 3% ×0.6 · venta 1.0–2.4%;0,31;0,35;0,31;-7,78;-0,12;-1,74;-8,76;9,4;4,1
recursive;False;recursive recursive long · lag_long ·  · expo 0.4 · stop 5% · reentrada 3% ×1.0 · venta 0.5–1.5%;0,42;0,49;0,42;-5,72;-0,28;-3,54;-12,7;6,2;5,75
recursive;False;recursive recursive long · lag_long ·  · expo 0.4 · stop 8% · reentrada 1% ×0.6 · venta 0.5–1.5%;-0,07;1,15;-0,07;-18,28;0,29;2,31;-14,93;15,6;6,24
recursive;False;recursive recursive long · lag_long ·  · expo 0.4 · stop 5% · reentrada 3% ×1.0 · venta 1.0–2.4%;0,37;0,76;0,37;-8,97;0,05;0,15;-10,04;12,5;7,15
recursive;False;recursive recursive long · lag_long ·  · expo 0.4 · stop 8% · reentrada 1% ×0.6 · venta 1.0–2.4%;1,14;1,23;1,14;-13,46;0,27;2,48;-13,06;15,6;15,23
recursive;False;recursive recursive long · lag_long ·  · expo 0.4 · stop 8% · reentrada 1% ×1.0 · venta 1.0–2.4%;-0,03;1,42;-0,03;-18,4;0,09;-0,23;-18,17;15,6;8,19
recursive;False;recursive recursive long · lag_long ·  · expo 0.4 · stop 8% · reentrada 1% ×1.0 · venta 0.5–1.5%;-0,08;1,53;-0,08;-13,47;0,17;1,09;-14,11;18,8;8,77
recursive;False;recursive recursive long · lag_long ·  · expo 0.4 · stop 8% · reentrada 2% ×0.6 · venta 0.5–1.5%;0,36;0,73;0,36;-6,44;-0,11;-1,64;-11,27;9,4;6,77
recursive;False;recursive recursive long · lag_long ·  · expo 0.4 · stop 8% · reentrada 2% ×0.6 · venta 1.0–2.4%;0,84;1,55;0,84;-10,82;0,2;2,0;-9,68;9,4;15,55
recursive;False;recursive recursive long · lag_long ·  · expo 0.4 · stop 8% · reentrada 2% ×1.0 · venta 1.0–2.4%;0,8;1,65;0,8;-13,79;0,31;3,3;-8,88;9,4;15,75
recursive;False;recursive recursive long · lag_long ·  · expo 0.4 · stop 8% · reentrada 3% ×0.6 · venta 0.5–1.5%;-0,21;0,45;-0,21;-9,24;-0,82;-10,22;-24,95;9,4;1,25
recursive;False;recursive recursive long · lag_long ·  · expo 0.4 · stop 8% · reentrada 2% ×1.0 · venta 0.5–1.5%;0,5;0,89;0,5;-9,82;-0,06;-1,09;-14,48;9,4;8,51
recursive;False;recursive recursive long · lag_long ·  · expo 0.4 · stop 8% · reentrada 3% ×0.6 · venta 1.0–2.4%;0,15;0,96;0,15;-10,63;-0,11;-1,85;-8,48;12,5;6,79
recursive;False;recursive recursive long · lag_long ·  · expo 0.4 · stop 8% · reentrada 3% ×1.0 · venta 1.0–2.4%;0,05;1,08;0,05;-11,11;-0,14;-2,42;-12,15;12,5;6,82
recursive;False;recursive recursive long · lag_long ·  · expo 0.4 · stop 12% · reentrada 1% ×0.6 · venta 0.5–1.5%;0,2;1,9;0,2;-14,74;-0,63;-8,52;-26,41;15,6;12,88
recursive;False;recursive recursive long · lag_long ·  · expo 0.4 · stop 8% · reentrada 3% ×1.0 · venta 0.5–1.5%;0,11;0,53;0,11;-8,71;-0,4;-5,15;-13,14;9,4;3,84
recursive;False;recursive recursive long · lag_long ·  · expo 0.4 · stop 12% · reentrada 1% ×0.6 · venta 1.0–2.4%;-0,22;0,0;-0,22;-23,9;0,0;0,0;0,0;0,0;-1,79
recursive;False;recursive recursive long · lag_long ·  · expo 0.4 · stop 12% · reentrada 1% ×1.0 · venta 1.0–2.4%;-0,43;0,0;-0,43;-23,6;0,0;0,0;0,0;0,0;-3,73
recursive;False;recursive recursive long · lag_long ·  · expo 0.4 · stop 12% · reentrada 1% ×1.0 · venta 0.5–1.5%;-0,28;2,16;-0,28;-19,05;0,16;0,74;-17,01;21,9;11,1
recursive;False;recursive recursive long · lag_long ·  · expo 0.4 · stop 12% · reentrada 2% ×0.6 · venta 1.0–2.4%;0,42;2,01;0,42;-19,7;0,19;1,64;-9,63;12,5;15,37
recursive;False;recursive recursive long · lag_long ·  · expo 0.4 · stop 12% · reentrada 2% ×0.6 · venta 0.5–1.5%;0,11;0,95;0,11;-11,18;-0,34;-4,74;-14,11;12,5;6,36
recursive;False;recursive recursive long · lag_long ·  · expo 0.4 · stop 12% · reentrada 3% ×0.6 · venta 0.5–1.5%;-0,6;0,86;-0,6;-17,88;-0,74;-9,52;-23,39;6,2;0,98
recursive;False;recursive recursive long · lag_long ·  · expo 0.4 · stop 12% · reentrada 2% ×1.0 · venta 0.5–1.5%;0,37;1,01;0,37;-10,21;-0,08;-1,44;-11,8;9,4;8,43
recursive;False;recursive recursive long · lag_long ·  · expo 0.4 · stop 12% · reentrada 2% ×1.0 · venta 1.0–2.4%;0,78;1,71;0,78;-18,13;0,12;0,65;-9,45;9,4;15,88
recursive;False;recursive recursive long · lag_long ·  · expo 0.4 · stop sin stop · reentrada 1% ×0.6 · venta 1.0–2.4%;-0,1;0,0;-0,1;-23,61;0,0;0,0;0,0;0,0;-1,0
recursive;False;recursive recursive long · lag_long ·  · expo 0.4 · stop sin stop · reentrada 1% ×1.0 · venta 1.0–2.4%;-0,91;0,0;-0,91;-24,56;0,0;0,0;0,0;0,0;-6,5
recursive;False;recursive recursive long · lag_long ·  · expo 0.4 · stop 12% · reentrada 3% ×1.0 · venta 1.0–2.4%;0,82;1,35;0,82;-10,8;-0,26;-3,7;-12,37;12,5;14,11
recursive;False;recursive recursive long · lag_long ·  · expo 0.4 · stop 12% · reentrada 3% ×0.6 · venta 1.0–2.4%;0,15;1,28;0,15;-10,61;-0,56;-7,47;-18,68;12,5;8,77
recursive;False;recursive recursive long · lag_long ·  · expo 0.4 · stop 12% · reentrada 3% ×1.0 · venta 0.5–1.5%;-0,2;0,88;-0,2;-11,72;-0,62;-8,03;-20,0;12,5;3,81
recursive;False;recursive recursive long · lag_long ·  · expo 0.4 · stop sin stop · reentrada 1% ×1.0 · venta 0.5–1.5%;0,59;2,1;0,59;-13,33;-0,1;-2,32;-17,05;18,8;17,13
recursive;False;recursive recursive long · lag_long ·  · expo 0.4 · stop sin stop · reentrada 1% ×0.6 · venta 0.5–1.5%;0,64;1,63;0,64;-15,91;-0,72;-9,5;-26,61;15,6;14,35
recursive;False;recursive recursive long · lag_long ·  · expo 0.4 · stop sin stop · reentrada 2% ×0.6 · venta 1.0–2.4%;0,92;2,0;0,92;-12,72;0,0;-0,69;-10,85;12,5;19,27
recursive;False;recursive recursive long · lag_long ·  · expo 0.4 · stop sin stop · reentrada 2% ×0.6 · venta 0.5–1.5%;0,44;1,06;0,44;-9,66;-0,35;-4,77;-14,98;12,5;9,42
recursive;False;recursive recursive long · lag_long ·  · expo 0.4 · stop sin stop · reentrada 2% ×1.0 · venta 0.5–1.5%;-0,0;1,25;-0,0;-11,19;-0,24;-3,48;-13,88;9,4;7,28
recursive;False;recursive recursive long · lag_long ·  · expo 0.4 · stop sin stop · reentrada 2% ×1.0 · venta 1.0–2.4%;0,94;1,93;0,94;-14,81;-0,06;-1,57;-11,22;9,4;18,73
recursive;False;recursive recursive long · lag_long ·  · expo 0.4 · stop sin stop · reentrada 3% ×0.6 · venta 0.5–1.5%;-0,13;0,78;-0,13;-10,69;-0,62;-8,08;-22,55;9,4;3,73
recursive;False;recursive recursive long · lag_long ·  · expo 0.4 · stop sin stop · reentrada 3% ×0.6 · venta 1.0–2.4%;0,03;1,31;0,03;-20,9;-0,06;-1,17;-9,56;9,4;7,98
recursive;False;recursive recursive long · lag_long ·  · expo 0.4 · stop sin stop · reentrada 3% ×1.0 · venta 0.5–1.5%;-0,51;0,93;-0,51;-18,2;-0,52;-6,95;-17,46;15,6;1,86
recursive;False;recursive recursive long · lag_long ·  · expo 0.4 · stop sin stop · reentrada 3% ×1.0 · venta 1.0–2.4%;0,73;1,37;0,73;-11,12;-0,31;-4,49;-16,0;12,5;13,6
recursive;False;recursive recursive long · lag_long · +incert. · expo 0.1 · stop 5% · reentrada 1% ×0.6 · venta 1.0–2.4%;0,37;0,2;0,2;-4,8;0,28;3,34;-3,03;0,0;3,58
recursive;False;recursive recursive long · lag_long · +incert. · expo 0.1 · stop 5% · reentrada 1% ×0.6 · venta 0.5–1.5%;0,2;0,17;0,17;-2,9;-0,01;-0,14;-3,97;0,0;2,32
recursive;False;recursive recursive long · lag_long · +incert. · expo 0.1 · stop 5% · reentrada 1% ×1.0 · venta 1.0–2.4%;0,12;0,24;0,12;-5,71;0,09;0,98;-4,07;3,1;2,15
recursive;False;recursive recursive long · lag_long · +incert. · expo 0.1 · stop 5% · reentrada 1% ×1.0 · venta 0.5–1.5%;0,03;0,07;0,03;-4,12;0,06;0,66;-2,97;0,0;0,59
recursive;False;recursive recursive long · lag_long · +incert. · expo 0.1 · stop 5% · reentrada 2% ×0.6 · venta 1.0–2.4%;0,18;0,29;0,18;-4,19;0,05;0,52;-5,65;3,1;2,93
recursive;False;recursive recursive long · lag_long · +incert. · expo 0.1 · stop 5% · reentrada 2% ×0.6 · venta 0.5–1.5%;0,12;0,22;0,12;-2,05;0,03;0,28;-3,68;0,0;2,1
recursive;False;recursive recursive long · lag_long · +incert. · expo 0.1 · stop 5% · reentrada 2% ×1.0 · venta 0.5–1.5%;0,1;0,22;0,1;-2,28;0,09;1,07;-3,44;0,0;2,02
recursive;False;recursive recursive long · lag_long · +incert. · expo 0.1 · stop 5% · reentrada 2% ×1.0 · venta 1.0–2.4%;0,37;0,25;0,25;-2,77;0,13;1,49;-4,35;0,0;3,95
recursive;False;recursive recursive long · lag_long · +incert. · expo 0.1 · stop 5% · reentrada 3% ×0.6 · venta 0.5–1.5%;0,09;0,16;0,09;-1,33;-0,07;-0,82;-3,64;0,0;1,59
recursive;False;recursive recursive long · lag_long · +incert. · expo 0.1 · stop 5% · reentrada 3% ×0.6 · venta 1.0–2.4%;0,17;0,1;0,1;-1,96;-0,01;-0,12;-2,4;0,0;1,71
recursive;False;recursive recursive long · lag_long · +incert. · expo 0.1 · stop 5% · reentrada 3% ×1.0 · venta 0.5–1.5%;0,17;0,16;0,16;-1,31;-0,05;-0,57;-3,78;0,0;2,12
recursive;False;recursive recursive long · lag_long · +incert. · expo 0.1 · stop 5% · reentrada 3% ×1.0 · venta 1.0–2.4%;0,21;0,18;0,18;-3,17;0,02;0,18;-4,07;0,0;2,46
recursive;False;recursive recursive long · lag_long · +incert. · expo 0.1 · stop 8% · reentrada 1% ×0.6 · venta 0.5–1.5%;0,34;0,26;0,26;-3,5;0,06;0,67;-5,91;3,1;3,79
recursive;False;recursive recursive long · lag_long · +incert. · expo 0.1 · stop 8% · reentrada 1% ×1.0 · venta 0.5–1.5%;0,36;0,22;0,22;-5,74;0,15;1,74;-4,31;3,1;3,68
recursive;False;recursive recursive long · lag_long · +incert. · expo 0.1 · stop 8% · reentrada 1% ×0.6 · venta 1.0–2.4%;0,73;0,23;0,23;-7,37;0,32;3,78;-6,11;3,1;6,17
recursive;False;recursive recursive long · lag_long · +incert. · expo 0.1 · stop 8% · reentrada 1% ×1.0 · venta 1.0–2.4%;0,76;0,26;0,26;-5,79;0,22;2,49;-6,77;3,1;6,54
recursive;False;recursive recursive long · lag_long · +incert. · expo 0.1 · stop 8% · reentrada 2% ×0.6 · venta 0.5–1.5%;0,28;0,25;0,25;-1,64;-0,08;-0,97;-6,39;0,0;3,43
recursive;False;recursive recursive long · lag_long · +incert. · expo 0.1 · stop 8% · reentrada 2% ×1.0 · venta 0.5–1.5%;0,29;0,25;0,25;-2,59;0,05;0,56;-5,62;0,0;3,39
recursive;False;recursive recursive long · lag_long · +incert. · expo 0.1 · stop 8% · reentrada 2% ×0.6 · venta 1.0–2.4%;0,38;0,57;0,38;-2,97;0,15;1,75;-4,26;3,1;6,12
recursive;False;recursive recursive long · lag_long · +incert. · expo 0.1 · stop 8% · reentrada 2% ×1.0 · venta 1.0–2.4%;0,3;0,55;0,3;-4,24;0,11;1,28;-6,0;3,1;5,39
recursive;False;recursive recursive long · lag_long · +incert. · expo 0.1 · stop 8% · reentrada 3% ×0.6 · venta 1.0–2.4%;0,15;0,33;0,15;-3,09;0,05;0,56;-2,4;0,0;3,03
recursive;False;recursive recursive long · lag_long · +incert. · expo 0.1 · stop 8% · reentrada 3% ×0.6 · venta 0.5–1.5%;0,05;0,18;0,05;-2,24;-0,11;-1,31;-3,9;0,0;1,38
recursive;False;recursive recursive long · lag_long · +incert. · expo 0.1 · stop 8% · reentrada 3% ×1.0 · venta 0.5–1.5%;0,17;0,17;0,17;-2,19;-0,08;-0,99;-4,32;0,0;2,17
recursive;False;recursive recursive long · lag_long · +incert. · expo 0.1 · stop 8% · reentrada 3% ×1.0 · venta 1.0–2.4%;0,14;0,4;0,14;-3,58;0,05;0,49;-3,23;0,0;3,37
recursive;False;recursive recursive long · lag_long · +incert. · expo 0.1 · stop 12% · reentrada 1% ×0.6 · venta 0.5–1.5%;0,52;0,47;0,47;-4,67;0,04;0,38;-7,63;3,1;6,33
recursive;False;recursive recursive long · lag_long · +incert. · expo 0.1 · stop 12% · reentrada 1% ×0.6 · venta 1.0–2.4%;0,64;0,58;0,58;-8,52;0,31;3,62;-7,67;6,2;7,77
recursive;False;recursive recursive long · lag_long · +incert. · expo 0.1 · stop 12% · reentrada 1% ×1.0 · venta 0.5–1.5%;0,58;0,42;0,42;-6,89;0,06;0,56;-7,47;3,1;6,41
recursive;False;recursive recursive long · lag_long · +incert. · expo 0.1 · stop 12% · reentrada 1% ×1.0 · venta 1.0–2.4%;0,56;0,53;0,53;-8,51;0,14;1,43;-8,33;3,1;6,95
recursive;False;recursive recursive long · lag_long · +incert. · expo 0.1 · stop 12% · reentrada 2% ×0.6 · venta 0.5–1.5%;0,28;0,3;0,28;-2,54;-0,04;-0,52;-4,53;0,0;3,7
recursive;False;recursive recursive long · lag_long · +incert. · expo 0.1 · stop 12% · reentrada 2% ×0.6 · venta 1.0–2.4%;0,22;0,71;0,22;-6,71;0,17;1,98;-4,48;3,1;5,87
recursive;False;recursive recursive long · lag_long · +incert. · expo 0.1 · stop 12% · reentrada 2% ×1.0 · venta 0.5–1.5%;0,23;0,32;0,23;-2,32;0,05;0,57;-4,59;0,0;3,49
recursive;False;recursive recursive long · lag_long · +incert. · expo 0.1 · stop 12% · reentrada 2% ×1.0 · venta 1.0–2.4%;0,32;0,58;0,32;-6,87;0,24;2,77;-5,2;6,2;5,72
recursive;False;recursive recursive long · lag_long · +incert. · expo 0.1 · stop 12% · reentrada 3% ×0.6 · venta 0.5–1.5%;0,05;0,26;0,05;-2,98;-0,19;-2,31;-6,48;0,0;1,92
recursive;False;recursive recursive long · lag_long · +incert. · expo 0.1 · stop 12% · reentrada 3% ×0.6 · venta 1.0–2.4%;0,16;0,4;0,16;-4,63;-0,08;-1,03;-4,62;0,0;3,5
recursive;False;recursive recursive long · lag_long · +incert. · expo 0.1 · stop 12% · reentrada 3% ×1.0 · venta 0.5–1.5%;0,17;0,24;0,17;-2,85;-0,07;-0,87;-3,94;0,0;2,56
recursive;False;recursive recursive long · lag_long · +incert. · expo 0.1 · stop 12% · reentrada 3% ×1.0 · venta 1.0–2.4%;0,27;0,5;0,27;-4,5;-0,05;-0,74;-4,17;0,0;4,9
recursive;False;recursive recursive long · lag_long · +incert. · expo 0.1 · stop sin stop · reentrada 1% ×1.0 · venta 0.5–1.5%;0,62;0,51;0,51;-7,32;0,17;1,91;-6,57;6,2;7,27
recursive;False;recursive recursive long · lag_long · +incert. · expo 0.1 · stop sin stop · reentrada 1% ×0.6 · venta 0.5–1.5%;0,65;0,44;0,44;-3,73;0,08;0,76;-6,38;3,1;7,05
recursive;False;recursive recursive long · lag_long · +incert. · expo 0.1 · stop sin stop · reentrada 1% ×0.6 · venta 1.0–2.4%;0,71;0,59;0,59;-6,74;0,32;3,76;-8,0;6,2;8,35
recursive;False;recursive recursive long · lag_long · +incert. · expo 0.1 · stop sin stop · reentrada 1% ×1.0 · venta 1.0–2.4%;0,68;0,58;0,58;-6,35;0,16;1,74;-9,11;6,2;8,05
recursive;False;recursive recursive long · lag_long · +incert. · expo 0.1 · stop sin stop · reentrada 2% ×0.6 · venta 0.5–1.5%;0,34;0,34;0,34;-2,64;-0,09;-1,11;-4,97;0,0;4,35
recursive;False;recursive recursive long · lag_long · +incert. · expo 0.1 · stop sin stop · reentrada 2% ×1.0 · venta 0.5–1.5%;0,22;0,39;0,22;-2,61;0,01;0,05;-5,53;0,0;3,86
recursive;False;recursive recursive long · lag_long · +incert. · expo 0.1 · stop sin stop · reentrada 2% ×1.0 · venta 1.0–2.4%;0,39;0,71;0,39;-5,0;0,19;2,2;-4,81;6,2;7,03
recursive;False;recursive recursive long · lag_long · +incert. · expo 0.1 · stop sin stop · reentrada 2% ×0.6 · venta 1.0–2.4%;0,29;0,79;0,29;-3,96;0,09;1,01;-5,31;3,1;6,89
recursive;False;recursive recursive long · lag_long · +incert. · expo 0.1 · stop sin stop · reentrada 3% ×1.0 · venta 0.5–1.5%;0,12;0,23;0,12;-3,21;-0,13;-1,65;-5,1;0,0;2,14
recursive;False;recursive recursive long · lag_long · +incert. · expo 0.1 · stop sin stop · reentrada 3% ×0.6 · venta 0.5–1.5%;0,13;0,26;0,13;-3,25;-0,21;-2,6;-7,21;0,0;2,44
recursive;False;recursive recursive long · lag_long · +incert. · expo 0.1 · stop sin stop · reentrada 3% ×0.6 · venta 1.0–2.4%;0,11;0,4;0,11;-4,64;-0,12;-1,5;-6,27;0,0;3,15
recursive;False;recursive recursive long · lag_long · +incert. · expo 0.1 · stop sin stop · reentrada 3% ×1.0 · venta 1.0–2.4%;0,2;0,5;0,2;-5,18;-0,15;-1,86;-5,98;0,0;4,41
recursive;False;recursive recursive long · lag_long · +incert. · expo 0.2 · stop 5% · reentrada 1% ×0.6 · venta 1.0–2.4%;0,73;0,37;0,37;-8,83;0,5;5,91;-5,13;12,5;6,91
recursive;False;recursive recursive long · lag_long · +incert. · expo 0.2 · stop 5% · reentrada 1% ×0.6 · venta 0.5–1.5%;0,41;0,32;0,32;-5,36;-0,01;-0,27;-7,28;3,1;4,52
recursive;False;recursive recursive long · lag_long · +incert. · expo 0.2 · stop 5% · reentrada 1% ×1.0 · venta 1.0–2.4%;0,32;0,45;0,32;-8,92;0,18;1,81;-7,32;12,5;4,59
recursive;False;recursive recursive long · lag_long · +incert. · expo 0.2 · stop 5% · reentrada 1% ×1.0 · venta 0.5–1.5%;0,08;0,14;0,08;-8,22;0,13;1,3;-5,79;12,5;1,16
recursive;False;recursive recursive long · lag_long · +incert. · expo 0.2 · stop 5% · reentrada 2% ×0.6 · venta 0.5–1.5%;0,24;0,42;0,24;-3,93;0,05;0,52;-6,75;3,1;4,1
recursive;False;recursive recursive long · lag_long · +incert. · expo 0.2 · stop 5% · reentrada 2% ×0.6 · venta 1.0–2.4%;0,36;0,55;0,36;-7,81;0,09;0,92;-9,87;3,1;5,69
recursive;False;recursive recursive long · lag_long · +incert. · expo 0.2 · stop 5% · reentrada 2% ×1.0 · venta 0.5–1.5%;0,21;0,42;0,21;-4,38;0,17;1,99;-6,19;3,1;3,94
recursive;False;recursive recursive long · lag_long · +incert. · expo 0.2 · stop 5% · reentrada 2% ×1.0 · venta 1.0–2.4%;0,73;0,45;0,45;-5,06;0,23;2,63;-7,38;9,4;7,6
recursive;False;recursive recursive long · lag_long · +incert. · expo 0.2 · stop 5% · reentrada 3% ×0.6 · venta 0.5–1.5%;0,19;0,31;0,19;-2,59;-0,13;-1,57;-6,87;0,0;3,12
recursive;False;recursive recursive long · lag_long · +incert. · expo 0.2 · stop 5% · reentrada 3% ×1.0 · venta 0.5–1.5%;0,34;0,31;0,31;-2,52;-0,08;-1,07;-6,99;0,0;4,15
recursive;False;recursive recursive long · lag_long · +incert. · expo 0.2 · stop 5% · reentrada 3% ×0.6 · venta 1.0–2.4%;0,33;0,2;0,2;-3,74;-0,01;-0,24;-4,5;0,0;3,36
recursive;False;recursive recursive long · lag_long · +incert. · expo 0.2 · stop 5% · reentrada 3% ×1.0 · venta 1.0–2.4%;0,42;0,33;0,33;-5,97;0,04;0,34;-7,41;6,2;4,8
recursive;False;recursive recursive long · lag_long · +incert. · expo 0.2 · stop 8% · reentrada 1% ×0.6 · venta 1.0–2.4%;1,39;0,51;0,51;-10,5;0,53;6,18;-9,43;9,4;12,31
recursive;False;recursive recursive long · lag_long · +incert. · expo 0.2 · stop 8% · reentrada 1% ×1.0 · venta 0.5–1.5%;0,71;0,45;0,45;-9,58;0,28;3,08;-7,29;9,4;7,4
recursive;False;recursive recursive long · lag_long · +incert. · expo 0.2 · stop 8% · reentrada 1% ×0.6 · venta 0.5–1.5%;0,67;0,48;0,48;-6,47;0,12;1,13;-10,1;6,2;7,3
recursive;False;recursive recursive long · lag_long · +incert. · expo 0.2 · stop 8% · reentrada 1% ×1.0 · venta 1.0–2.4%;1,45;0,42;0,42;-10,63;0,35;3,95;-10,8;12,5;12,05
recursive;False;recursive recursive long · lag_long · +incert. · expo 0.2 · stop 8% · reentrada 2% ×0.6 · venta 0.5–1.5%;0,56;0,47;0,47;-3,26;-0,11;-1,53;-10,74;3,1;6,62
recursive;False;recursive recursive long · lag_long · +incert. · expo 0.2 · stop 8% · reentrada 2% ×0.6 · venta 1.0–2.4%;0,75;1,02;0,75;-5,4;0,26;2,95;-6,88;6,2;11,53
recursive;False;recursive recursive long · lag_long · +incert. · expo 0.2 · stop 8% · reentrada 2% ×1.0 · venta 0.5–1.5%;0,57;0,46;0,46;-4,83;0,09;1,0;-9,72;3,1;6,55
recursive;False;recursive recursive long · lag_long · +incert. · expo 0.2 · stop 8% · reentrada 2% ×1.0 · venta 1.0–2.4%;0,6;1,0;0,6;-7,71;0,19;2,14;-9,91;6,2;10,23
recursive;False;recursive recursive long · lag_long · +incert. · expo 0.2 · stop 8% · reentrada 3% ×0.6 · venta 0.5–1.5%;0,1;0,34;0,1;-4,38;-0,2;-2,54;-7,48;0,0;2,71
recursive;False;recursive recursive long · lag_long · +incert. · expo 0.2 · stop 8% · reentrada 3% ×0.6 · venta 1.0–2.4%;0,31;0,63;0,31;-5,9;0,1;1,03;-4,29;0,0;5,88
recursive;False;recursive recursive long · lag_long · +incert. · expo 0.2 · stop 8% · reentrada 3% ×1.0 · venta 1.0–2.4%;0,29;0,75;0,29;-6,77;0,09;0,88;-5,73;9,4;6,51
recursive;False;recursive recursive long · lag_long · +incert. · expo 0.2 · stop 8% · reentrada 3% ×1.0 · venta 0.5–1.5%;0,34;0,33;0,33;-4,2;-0,15;-1,87;-8,02;0,0;4,25
recursive;False;recursive recursive long · lag_long · +incert. · expo 0.2 · stop 12% · reentrada 1% ×0.6 · venta 0.5–1.5%;1,01;0,83;0,83;-8,26;-0,01;-0,57;-13,29;6,2;11,91
recursive;False;recursive recursive long · lag_long · +incert. · expo 0.2 · stop 12% · reentrada 1% ×0.6 · venta 1.0–2.4%;1,06;1,05;1,05;-15,28;0,58;6,72;-9,1;9,4;13,47
recursive;False;recursive recursive long · lag_long · +incert. · expo 0.2 · stop 12% · reentrada 1% ×1.0 · venta 0.5–1.5%;1,12;0,68;0,68;-13,57;0,11;0,89;-10,02;3,1;11,58
recursive;False;recursive recursive long · lag_long · +incert. · expo 0.2 · stop 12% · reentrada 1% ×1.0 · venta 1.0–2.4%;0,29;1,2;0,29;-19,75;0,34;3,5;-13,89;15,6;8,97
recursive;False;recursive recursive long · lag_long · +incert. · expo 0.2 · stop 12% · reentrada 2% ×0.6 · venta 1.0–2.4%;0,57;1,26;0,57;-9,79;0,29;3,28;-7,18;9,4;11,78
recursive;False;recursive recursive long · lag_long · +incert. · expo 0.2 · stop 12% · reentrada 2% ×0.6 · venta 0.5–1.5%;0,56;0,56;0,56;-4,71;-0,06;-0,95;-8,0;6,2;7,12
recursive;False;recursive recursive long · lag_long · +incert. · expo 0.2 · stop 12% · reentrada 2% ×1.0 · venta 0.5–1.5%;0,46;0,6;0,46;-4,35;0,1;1,03;-7,98;6,2;6,74
recursive;False;recursive recursive long · lag_long · +incert. · expo 0.2 · stop 12% · reentrada 2% ×1.0 · venta 1.0–2.4%;0,78;1,03;0,78;-9,59;0,39;4,57;-8,29;6,2;11,64
recursive;False;recursive recursive long · lag_long · +incert. · expo 0.2 · stop 12% · reentrada 3% ×0.6 · venta 0.5–1.5%;0,1;0,51;0,1;-5,88;-0,36;-4,46;-12,22;0,0;3,76
recursive;False;recursive recursive long · lag_long · +incert. · expo 0.2 · stop 12% · reentrada 3% ×0.6 · venta 1.0–2.4%;0,32;0,76;0,32;-8,84;-0,14;-1,88;-8,28;3,1;6,76
recursive;False;recursive recursive long · lag_long · +incert. · expo 0.2 · stop 12% · reentrada 3% ×1.0 · venta 0.5–1.5%;0,34;0,45;0,34;-5,53;-0,12;-1,63;-7,24;0,0;4,98
recursive;False;recursive recursive long · lag_long · +incert. · expo 0.2 · stop 12% · reentrada 3% ×1.0 · venta 1.0–2.4%;0,55;0,92;0,55;-8,34;-0,08;-1,3;-7,23;9,4;9,34
recursive;False;recursive recursive long · lag_long · +incert. · expo 0.2 · stop sin stop · reentrada 1% ×0.6 · venta 0.5–1.5%;1,25;0,77;0,77;-6,95;-0,04;-0,76;-13,39;6,2;13,18
recursive;False;recursive recursive long · lag_long · +incert. · expo 0.2 · stop sin stop · reentrada 1% ×0.6 · venta 1.0–2.4%;1,15;0,97;0,97;-14,35;0,55;6,28;-12,69;9,4;13,5
recursive;False;recursive recursive long · lag_long · +incert. · expo 0.2 · stop sin stop · reentrada 1% ×1.0 · venta 1.0–2.4%;0,59;1,03;0,59;-19,66;0,39;3,87;-15,19;12,5;9,85
recursive;False;recursive recursive long · lag_long · +incert. · expo 0.2 · stop sin stop · reentrada 1% ×1.0 · venta 0.5–1.5%;1,19;0,86;0,86;-13,69;0,23;2,43;-9,97;6,2;13,3
recursive;False;recursive recursive long · lag_long · +incert. · expo 0.2 · stop sin stop · reentrada 2% ×0.6 · venta 0.5–1.5%;0,67;0,62;0,62;-4,91;-0,15;-1,98;-8,72;6,2;8,33
recursive;False;recursive recursive long · lag_long · +incert. · expo 0.2 · stop sin stop · reentrada 2% ×0.6 · venta 1.0–2.4%;0,59;1,41;0,59;-7,25;0,16;1,68;-8,57;9,4;12,9
recursive;False;recursive recursive long · lag_long · +incert. · expo 0.2 · stop sin stop · reentrada 2% ×1.0 · venta 0.5–1.5%;0,44;0,73;0,44;-4,9;0,03;0,1;-9,56;6,2;7,43
recursive;False;recursive recursive long · lag_long · +incert. · expo 0.2 · stop sin stop · reentrada 2% ×1.0 · venta 1.0–2.4%;0,77;1,26;0,77;-8,9;0,32;3,63;-7,68;9,4;13,15
recursive;False;recursive recursive long · lag_long · +incert. · expo 0.2 · stop sin stop · reentrada 3% ×0.6 · venta 1.0–2.4%;0,23;0,76;0,23;-8,94;-0,21;-2,82;-11,29;3,1;6,11
recursive;False;recursive recursive long · lag_long · +incert. · expo 0.2 · stop sin stop · reentrada 3% ×0.6 · venta 0.5–1.5%;0,26;0,49;0,26;-6,3;-0,4;-5,03;-13,66;0,0;4,76
recursive;False;recursive recursive long · lag_long · +incert. · expo 0.2 · stop sin stop · reentrada 3% ×1.0 · venta 0.5–1.5%;0,24;0,44;0,24;-6,28;-0,24;-3,13;-9,56;0,0;4,19
recursive;False;recursive recursive long · lag_long · +incert. · expo 0.2 · stop sin stop · reentrada 3% ×1.0 · venta 1.0–2.4%;0,41;0,93;0,41;-9,67;-0,25;-3,37;-10,56;9,4;8,44
recursive;False;recursive recursive long · lag_long · +incert. · expo 0.28 · stop 5% · reentrada 1% ×0.6 · venta 1.0–2.4%;1,0;0,52;0,52;-11,05;0,63;7,53;-6,37;12,5;9,59
recursive;False;recursive recursive long · lag_long · +incert. · expo 0.28 · stop 5% · reentrada 1% ×0.6 · venta 0.5–1.5%;0,59;0,43;0,43;-7,08;-0,0;-0,36;-9,56;3,1;6,21
recursive;False;recursive recursive long · lag_long · +incert. · expo 0.28 · stop 5% · reentrada 1% ×1.0 · venta 0.5–1.5%;0,06;0,23;0,06;-9,88;0,18;1,8;-8,03;15,6;1,3
recursive;False;recursive recursive long · lag_long · +incert. · expo 0.28 · stop 5% · reentrada 1% ×1.0 · venta 1.0–2.4%;0,45;0,62;0,45;-13,91;0,28;2,83;-8,93;12,5;6,2
recursive;False;recursive recursive long · lag_long · +incert. · expo 0.28 · stop 5% · reentrada 2% ×0.6 · venta 0.5–1.5%;0,33;0,57;0,33;-5,32;0,08;0,7;-8,85;6,2;5,64
recursive;False;recursive recursive long · lag_long · +incert. · expo 0.28 · stop 5% · reentrada 2% ×1.0 · venta 1.0–2.4%;1,0;0,6;0,6;-6,62;0,3;3,38;-9,21;9,4;10,32
recursive;False;recursive recursive long · lag_long · +incert. · expo 0.28 · stop 5% · reentrada 2% ×0.6 · venta 1.0–2.4%;0,51;0,71;0,51;-9,35;0,14;1,34;-12,35;9,4;7,66
recursive;False;recursive recursive long · lag_long · +incert. · expo 0.28 · stop 5% · reentrada 2% ×1.0 · venta 0.5–1.5%;0,3;0,57;0,3;-5,96;0,23;2,65;-8,03;6,2;5,43
recursive;False;recursive recursive long · lag_long · +incert. · expo 0.28 · stop 5% · reentrada 3% ×0.6 · venta 0.5–1.5%;0,26;0,42;0,26;-3,55;-0,17;-2,13;-9,2;0,0;4,31
recursive;False;recursive recursive long · lag_long · +incert. · expo 0.28 · stop 5% · reentrada 3% ×0.6 · venta 1.0–2.4%;0,46;0,27;0,27;-5,05;-0,01;-0,32;-5,99;6,2;4,64
recursive;False;recursive recursive long · lag_long · +incert. · expo 0.28 · stop 5% · reentrada 3% ×1.0 · venta 0.5–1.5%;0,48;0,41;0,41;-3,42;-0,11;-1,44;-9,22;3,1;5,71
recursive;False;recursive recursive long · lag_long · +incert. · expo 0.28 · stop 5% · reentrada 3% ×1.0 · venta 1.0–2.4%;0,58;0,45;0,45;-7,98;0,06;0,45;-9,68;9,4;6,59
recursive;False;recursive recursive long · lag_long · +incert. · expo 0.28 · stop 8% · reentrada 1% ×0.6 · venta 1.0–2.4%;1,19;0,71;0,71;-20,96;0,81;9,53;-10,47;15,6;11,58
recursive;False;recursive recursive long · lag_long · +incert. · expo 0.28 · stop 8% · reentrada 1% ×0.6 · venta 0.5–1.5%;0,92;0,64;0,64;-8,55;0,18;1,54;-12,65;15,6;9,93
recursive;False;recursive recursive long · lag_long · +incert. · expo 0.28 · stop 8% · reentrada 1% ×1.0 · venta 1.0–2.4%;1,49;0,59;0,59;-17,62;0,31;3,23;-13,62;12,5;12,9
recursive;False;recursive recursive long · lag_long · +incert. · expo 0.28 · stop 8% · reentrada 1% ×1.0 · venta 0.5–1.5%;0,98;0,45;0,45;-15,86;0,38;4,07;-9,35;18,8;9,04
recursive;False;recursive recursive long · lag_long · +incert. · expo 0.28 · stop 8% · reentrada 2% ×0.6 · venta 0.5–1.5%;0,77;0,62;0,62;-4,53;-0,13;-1,88;-13,47;6,2;9,02
recursive;False;recursive recursive long · lag_long · +incert. · expo 0.28 · stop 8% · reentrada 2% ×0.6 · venta 1.0–2.4%;1,03;1,32;1,03;-7,06;0,32;3,66;-8,35;9,4;15,47
recursive;False;recursive recursive long · lag_long · +incert. · expo 0.28 · stop 8% · reentrada 2% ×1.0 · venta 0.5–1.5%;0,78;0,61;0,61;-6,4;0,09;0,9;-13,23;3,1;8,93
recursive;False;recursive recursive long · lag_long · +incert. · expo 0.28 · stop 8% · reentrada 2% ×1.0 · venta 1.0–2.4%;1,02;1,25;1,02;-9,21;0,27;2,96;-11,01;9,4;14,9
recursive;False;recursive recursive long · lag_long · +incert. · expo 0.28 · stop 8% · reentrada 3% ×0.6 · venta 0.5–1.5%;0,14;0,47;0,14;-6,02;-0,28;-3,55;-10,37;0,0;3,76
recursive;False;recursive recursive long · lag_long · +incert. · expo 0.28 · stop 8% · reentrada 3% ×0.6 · venta 1.0–2.4%;0,43;0,84;0,43;-7,97;0,13;1,35;-5,53;6,2;8,03
recursive;False;recursive recursive long · lag_long · +incert. · expo 0.28 · stop 8% · reentrada 3% ×1.0 · venta 0.5–1.5%;0,47;0,45;0,45;-5,69;-0,2;-2,58;-10,61;3,1;5,84
recursive;False;recursive recursive long · lag_long · +incert. · expo 0.28 · stop 8% · reentrada 3% ×1.0 · venta 1.0–2.4%;0,41;1,0;0,41;-9,07;0,12;1,15;-7,35;9,4;8,88
recursive;False;recursive recursive long · lag_long · +incert. · expo 0.28 · stop 12% · reentrada 1% ×0.6 · venta 0.5–1.5%;1,38;0,96;0,96;-12,97;0,12;0,79;-15,09;6,2;15,2
recursive;False;recursive recursive long · lag_long · +incert. · expo 0.28 · stop 12% · reentrada 1% ×0.6 · venta 1.0–2.4%;0,98;1,67;0,98;-19,42;0,62;6,91;-13,24;21,9;16,73
recursive;False;recursive recursive long · lag_long · +incert. · expo 0.28 · stop 12% · reentrada 1% ×1.0 · venta 0.5–1.5%;1,52;0,98;0,98;-14,64;0,2;1,76;-12,16;12,5;16,39
recursive;False;recursive recursive long · lag_long · +incert. · expo 0.28 · stop 12% · reentrada 1% ×1.0 · venta 1.0–2.4%;1,02;1,39;1,02;-19,9;0,5;5,19;-14,86;21,9;15,13
recursive;False;recursive recursive long · lag_long · +incert. · expo 0.28 · stop 12% · reentrada 2% ×0.6 · venta 1.0–2.4%;0,64;1,69;0,64;-15,61;0,37;4,17;-8,92;12,5;14,93
recursive;False;recursive recursive long · lag_long · +incert. · expo 0.28 · stop 12% · reentrada 2% ×1.0 · venta 0.5–1.5%;0,65;0,8;0,65;-5,83;0,13;1,31;-10,11;6,2;9,19
recursive;False;recursive recursive long · lag_long · +incert. · expo 0.28 · stop 12% · reentrada 2% ×0.6 · venta 0.5–1.5%;0,77;0,74;0,74;-6,22;-0,15;-2,15;-12,49;9,4;9,69
recursive;False;recursive recursive long · lag_long · +incert. · expo 0.28 · stop 12% · reentrada 2% ×1.0 · venta 1.0–2.4%;0,98;1,35;0,98;-14,12;0,45;5,06;-9,82;9,4;15,09
recursive;False;recursive recursive long · lag_long · +incert. · expo 0.28 · stop 12% · reentrada 3% ×0.6 · venta 0.5–1.5%;0,15;0,69;0,15;-8,2;-0,48;-6,14;-16,58;0,0;5,19
recursive;False;recursive recursive long · lag_long · +incert. · expo 0.28 · stop 12% · reentrada 3% ×0.6 · venta 1.0–2.4%;0,56;0,99;0,56;-9,74;-0,17;-2,46;-10,51;9,4;9,84
recursive;False;recursive recursive long · lag_long · +incert. · expo 0.28 · stop 12% · reentrada 3% ×1.0 · venta 0.5–1.5%;0,48;0,6;0,48;-7,55;-0,16;-2,17;-9,51;3,1;6,83
recursive;False;recursive recursive long · lag_long · +incert. · expo 0.28 · stop 12% · reentrada 3% ×1.0 · venta 1.0–2.4%;0,81;1,19;0,81;-10,01;-0,1;-1,64;-9,07;12,5;12,91
recursive;False;recursive recursive long · lag_long · +incert. · expo 0.28 · stop sin stop · reentrada 1% ×0.6 · venta 0.5–1.5%;0,93;1,13;0,93;-11,4;0,29;2,86;-11,68;15,6;13,08
recursive;False;recursive recursive long · lag_long · +incert. · expo 0.28 · stop sin stop · reentrada 1% ×0.6 · venta 1.0–2.4%;1,01;1,56;1,01;-20,16;0,76;8,68;-12,44;21,9;16,24
recursive;False;recursive recursive long · lag_long · +incert. · expo 0.28 · stop sin stop · reentrada 1% ×1.0 · venta 0.5–1.5%;1,16;1,15;1,15;-20,26;0,33;2,99;-15,75;15,6;14,74
recursive;False;recursive recursive long · lag_long · +incert. · expo 0.28 · stop sin stop · reentrada 1% ×1.0 · venta 1.0–2.4%;1,24;1,35;1,24;-21,12;0,59;6,32;-15,12;12,5;16,18
recursive;False;recursive recursive long · lag_long · +incert. · expo 0.28 · stop sin stop · reentrada 2% ×0.6 · venta 1.0–2.4%;0,67;1,87;0,67;-11,62;0,21;2,13;-10,55;12,5;16,49
recursive;False;recursive recursive long · lag_long · +incert. · expo 0.28 · stop sin stop · reentrada 2% ×0.6 · venta 0.5–1.5%;0,92;0,81;0,81;-6,52;-0,2;-2,69;-11,46;9,4;11,29
recursive;False;recursive recursive long · lag_long · +incert. · expo 0.28 · stop sin stop · reentrada 2% ×1.0 · venta 0.5–1.5%;0,62;0,97;0,62;-6,81;0,04;0,09;-12,08;9,4;10,1
recursive;False;recursive recursive long · lag_long · +incert. · expo 0.28 · stop sin stop · reentrada 2% ×1.0 · venta 1.0–2.4%;1,03;1,63;1,03;-12,05;0,39;4,36;-9,58;12,5;17,39
recursive;False;recursive recursive long · lag_long · +incert. · expo 0.28 · stop sin stop · reentrada 3% ×0.6 · venta 0.5–1.5%;0,37;0,66;0,37;-8,6;-0,5;-6,28;-16,87;0,0;6,53
recursive;False;recursive recursive long · lag_long · +incert. · expo 0.28 · stop sin stop · reentrada 3% ×0.6 · venta 1.0–2.4%;0,33;1,02;0,33;-10,07;-0,03;-0,77;-9,5;12,5;8,37
recursive;False;recursive recursive long · lag_long · +incert. · expo 0.28 · stop sin stop · reentrada 3% ×1.0 · venta 0.5–1.5%;0,34;0,6;0,34;-8,62;-0,32;-4,29;-12,72;3,1;5,76
recursive;False;recursive recursive long · lag_long · +incert. · expo 0.28 · stop sin stop · reentrada 3% ×1.0 · venta 1.0–2.4%;0,72;1,19;0,72;-9,83;-0,29;-3,99;-13,11;12,5;12,31
recursive;False;recursive recursive long · lag_long · +incert. · expo 0.4 · stop 5% · reentrada 1% ×0.6 · venta 0.5–1.5%;0,58;0,38;0,38;-12,39;-0,13;-2,35;-15,66;18,8;5,44
recursive;False;recursive recursive long · lag_long · +incert. · expo 0.4 · stop 5% · reentrada 1% ×0.6 · venta 1.0–2.4%;1,25;0,47;0,47;-16,22;0,87;10,31;-8,35;21,9;10,27
recursive;False;recursive recursive long · lag_long · +incert. · expo 0.4 · stop 5% · reentrada 1% ×1.0 · venta 0.5–1.5%;-0,09;0,08;-0,09;-19,89;0,11;0,31;-14,95;18,8;-0,93
recursive;False;recursive recursive long · lag_long · +incert. · expo 0.4 · stop 5% · reentrada 1% ×1.0 · venta 1.0–2.4%;0,68;0,47;0,47;-20,63;0,31;2,61;-14,75;15,6;6,13
recursive;False;recursive recursive long · lag_long · +incert. · expo 0.4 · stop 5% · reentrada 2% ×0.6 · venta 0.5–1.5%;0,48;0,78;0,48;-7,26;0,11;0,93;-11,54;9,4;7,86
recursive;False;recursive recursive long · lag_long · +incert. · expo 0.4 · stop 5% · reentrada 2% ×0.6 · venta 1.0–2.4%;0,86;0,96;0,86;-11,21;0,16;1,43;-15,79;9,4;11,57
recursive;False;recursive recursive long · lag_long · +incert. · expo 0.4 · stop 5% · reentrada 2% ×1.0 · venta 0.5–1.5%;0,43;0,79;0,43;-8,16;0,31;3,47;-10,33;6,2;7,58
recursive;False;recursive recursive long · lag_long · +incert. · expo 0.4 · stop 5% · reentrada 2% ×1.0 · venta 1.0–2.4%;1,4;0,78;0,78;-8,62;0,36;3,94;-12,15;9,4;14,15
recursive;False;recursive recursive long · lag_long · +incert. · expo 0.4 · stop 5% · reentrada 3% ×0.6 · venta 1.0–2.4%;0,64;0,37;0,37;-6,85;-0,01;-0,43;-7,98;6,2;6,5
recursive;False;recursive recursive long · lag_long · +incert. · expo 0.4 · stop 5% · reentrada 3% ×0.6 · venta 0.5–1.5%;0,38;0,58;0,38;-4,93;-0,15;-2,04;-10,24;6,2;6,04
recursive;False;recursive recursive long · lag_long · +incert. · expo 0.4 · stop 5% · reentrada 3% ×1.0 · venta 0.5–1.5%;0,67;0,56;0,56;-4,67;-0,16;-2,13;-12,64;6,2;7,96
recursive;False;recursive recursive long · lag_long · +incert. · expo 0.4 · stop 5% · reentrada 3% ×1.0 · venta 1.0–2.4%;0,82;0,64;0,64;-9,85;0,14;1,21;-10,94;12,5;9,34
recursive;False;recursive recursive long · lag_long · +incert. · expo 0.4 · stop 8% · reentrada 1% ×1.0 · venta 1.0–2.4%;1,07;-0,28;-0,28;-24,64;0,0;0,0;0,0;0,0;3,62
recursive;False;recursive recursive long · lag_long · +incert. · expo 0.4 · stop 8% · reentrada 1% ×0.6 · venta 1.0–2.4%;1,99;0,95;0,95;-18,66;0,97;11,54;-10,58;21,9;18,65
recursive;False;recursive recursive long · lag_long · +incert. · expo 0.4 · stop 8% · reentrada 1% ×0.6 · venta 0.5–1.5%;1,13;0,78;0,78;-13,51;0,1;0,29;-15,0;18,8;12,15
recursive;False;recursive recursive long · lag_long · +incert. · expo 0.4 · stop 8% · reentrada 1% ×1.0 · venta 0.5–1.5%;0,72;0,96;0,72;-23,58;0,37;3,73;-10,1;21,9;10,32
recursive;False;recursive recursive long · lag_long · +incert. · expo 0.4 · stop 8% · reentrada 2% ×0.6 · venta 0.5–1.5%;1,08;0,83;0,83;-6,4;0,01;-0,16;-11,64;6,2;12,42
recursive;False;recursive recursive long · lag_long · +incert. · expo 0.4 · stop 8% · reentrada 2% ×0.6 · venta 1.0–2.4%;1,53;1,66;1,53;-9,16;0,39;4,35;-9,82;12,5;21,44
recursive;False;recursive recursive long · lag_long · +incert. · expo 0.4 · stop 8% · reentrada 2% ×1.0 · venta 0.5–1.5%;1,1;0,81;0,81;-8,47;0,2;2,06;-14,44;12,5;12,29
recursive;False;recursive recursive long · lag_long · +incert. · expo 0.4 · stop 8% · reentrada 2% ×1.0 · venta 1.0–2.4%;1,03;1,73;1,03;-15,75;0,46;5,23;-10,65;9,4;17,86
recursive;False;recursive recursive long · lag_long · +incert. · expo 0.4 · stop 8% · reentrada 3% ×0.6 · venta 0.5–1.5%;0,21;0,66;0,21;-8,39;-0,37;-4,9;-14,12;9,4;5,28
recursive;False;recursive recursive long · lag_long · +incert. · expo 0.4 · stop 8% · reentrada 3% ×0.6 · venta 1.0–2.4%;0,64;1,13;0,64;-10,28;0,17;1,74;-7,1;12,5;11,25
recursive;False;recursive recursive long · lag_long · +incert. · expo 0.4 · stop 8% · reentrada 3% ×1.0 · venta 0.5–1.5%;0,67;0,62;0,62;-7,77;-0,24;-3,21;-13,63;9,4;8,14
recursive;False;recursive recursive long · lag_long · +incert. · expo 0.4 · stop 8% · reentrada 3% ×1.0 · venta 1.0–2.4%;0,56;1,35;0,56;-12,67;0,12;0,95;-9,47;12,5;12,09
recursive;False;recursive recursive long · lag_long · +incert. · expo 0.4 · stop 12% · reentrada 1% ×1.0 · venta 1.0–2.4%;0,58;-0,46;-0,46;-24,65;0,0;0,0;0,0;0,0;-0,45
recursive;False;recursive recursive long · lag_long · +incert. · expo 0.4 · stop 12% · reentrada 1% ×0.6 · venta 0.5–1.5%;1,0;1,45;1,0;-19,87;0,33;2,94;-15,74;21,9;15,34
recursive;False;recursive recursive long · lag_long · +incert. · expo 0.4 · stop 12% · reentrada 1% ×1.0 · venta 0.5–1.5%;1,61;1,37;1,37;-20,07;0,37;3,32;-17,83;21,9;19,36
recursive;False;recursive recursive long · lag_long · +incert. · expo 0.4 · stop 12% · reentrada 1% ×0.6 · venta 1.0–2.4%;1,87;1,69;1,69;-23,61;0,9;10,24;-11,42;25,0;22,63
recursive;False;recursive recursive long · lag_long · +incert. · expo 0.4 · stop 12% · reentrada 2% ×0.6 · venta 0.5–1.5%;1,08;0,97;0,97;-8,19;-0,05;-1,14;-11,79;12,5;13,31
recursive;False;recursive recursive long · lag_long · +incert. · expo 0.4 · stop 12% · reentrada 2% ×0.6 · venta 1.0–2.4%;1,07;2,14;1,07;-17,22;0,45;5,04;-10,39;15,6;21,04
recursive;False;recursive recursive long · lag_long · +incert. · expo 0.4 · stop 12% · reentrada 2% ×1.0 · venta 0.5–1.5%;0,91;1,07;0,91;-8,25;0,27;2,88;-9,8;12,5;12,64
recursive;False;recursive recursive long · lag_long · +incert. · expo 0.4 · stop 12% · reentrada 2% ×1.0 · venta 1.0–2.4%;1,51;1,69;1,51;-15,52;0,65;7,44;-10,6;12,5;21,09
recursive;False;recursive recursive long · lag_long · +incert. · expo 0.4 · stop 12% · reentrada 3% ×0.6 · venta 0.5–1.5%;0,08;0,99;0,08;-13,99;-0,69;-8,99;-23,63;9,4;6,37
recursive;False;recursive recursive long · lag_long · +incert. · expo 0.4 · stop 12% · reentrada 3% ×0.6 · venta 1.0–2.4%;0,89;1,3;0,89;-10,51;-0,26;-3,86;-13,42;12,5;14,09
recursive;False;recursive recursive long · lag_long · +incert. · expo 0.4 · stop 12% · reentrada 3% ×1.0 · venta 0.5–1.5%;0,48;0,85;0,48;-9,72;-0,21;-3,08;-12,9;12,5;8,22
recursive;False;recursive recursive long · lag_long · +incert. · expo 0.4 · stop 12% · reentrada 3% ×1.0 · venta 1.0–2.4%;1,27;1,5;1,27;-10,13;-0,12;-2,08;-11,02;12,5;18,42
recursive;False;recursive recursive long · lag_long · +incert. · expo 0.4 · stop sin stop · reentrada 1% ×1.0 · venta 1.0–2.4%;0,09;-0,29;-0,29;-23,7;0,0;0,0;0,0;0,0;-2,41
recursive;False;recursive recursive long · lag_long · +incert. · expo 0.4 · stop sin stop · reentrada 1% ×0.6 · venta 0.5–1.5%;1,85;1,33;1,33;-15,06;0,33;2,93;-16,44;18,8;20,87
recursive;False;recursive recursive long · lag_long · +incert. · expo 0.4 · stop sin stop · reentrada 1% ×0.6 · venta 1.0–2.4%;1,52;2,11;1,52;-21,72;0,66;7,47;-13,19;25,0;23,37
recursive;False;recursive recursive long · lag_long · +incert. · expo 0.4 · stop sin stop · reentrada 1% ×1.0 · venta 0.5–1.5%;0,82;1,75;0,82;-20,24;0,35;3,2;-16,46;25,0;16,08
recursive;False;recursive recursive long · lag_long · +incert. · expo 0.4 · stop sin stop · reentrada 2% ×0.6 · venta 0.5–1.5%;1,28;1,06;1,06;-8,63;-0,09;-1,68;-11,0;12,5;15,42
recursive;False;recursive recursive long · lag_long · +incert. · expo 0.4 · stop sin stop · reentrada 2% ×0.6 · venta 1.0–2.4%;1,2;2,32;1,2;-11,33;0,3;3,14;-10,7;15,6;23,43
recursive;False;recursive recursive long · lag_long · +incert. · expo 0.4 · stop sin stop · reentrada 2% ×1.0 · venta 1.0–2.4%;1,47;2,07;1,47;-14,98;0,52;5,83;-9,88;15,6;23,44
recursive;False;recursive recursive long · lag_long · +incert. · expo 0.4 · stop sin stop · reentrada 2% ×1.0 · venta 0.5–1.5%;0,58;1,37;0,58;-11,16;0,23;2,26;-10,36;15,6;12,12
recursive;False;recursive recursive long · lag_long · +incert. · expo 0.4 · stop sin stop · reentrada 3% ×0.6 · venta 0.5–1.5%;0,51;0,91;0,51;-9,51;-0,81;-10,17;-24,86;9,4;8,91
recursive;False;recursive recursive long · lag_long · +incert. · expo 0.4 · stop sin stop · reentrada 3% ×0.6 · venta 1.0–2.4%;0,5;1,38;0,5;-17,45;-0,19;-3,0;-14,81;9,4;11,53
recursive;False;recursive recursive long · lag_long · +incert. · expo 0.4 · stop sin stop · reentrada 3% ×1.0 · venta 0.5–1.5%;0,33;0,85;0,33;-14,94;-0,17;-2,59;-10,47;12,5;6,98
recursive;False;recursive recursive long · lag_long · +incert. · expo 0.4 · stop sin stop · reentrada 3% ×1.0 · venta 1.0–2.4%;1,14;1,52;1,14;-10,45;-0,21;-3,18;-13,61;9,4;17,49
short;False;short neat short · weak · bajista · expo 0.1 · stop 5% · span 3.0% · venta 0.5–1.5%;-0,22;-0,33;-0,33;-12,38;0,03;0,33;-4,0;0,0;-3,46
short;False;short neat short · weak · bajista · expo 0.1 · stop 5% · span 3.0% · venta 1.0–2.4%;0,07;-0,36;-0,36;-9,46;0,23;2,68;-5,2;3,1;-1,82
short;False;short neat short · weak · bajista · expo 0.1 · stop 5% · span 5.0% · venta 0.5–1.5%;-0,21;-0,6;-0,6;-17,16;-0,03;-0,37;-5,27;0,0;-4,97
short;False;short neat short · weak · bajista · expo 0.1 · stop 5% · span 5.0% · venta 1.0–2.4%;-0,41;-0,55;-0,55;-19,89;0,07;0,76;-4,8;0,0;-6,04
short;False;short neat short · weak · bajista · expo 0.1 · stop 5% · span 10.0% · venta 0.5–1.5%;-0,09;-0,03;-0,09;-4,51;-0,09;-1,08;-5,38;0,0;-0,78
short;False;short neat short · weak · bajista · expo 0.1 · stop 5% · span 10.0% · venta 1.0–2.4%;-0,06;-0,07;-0,07;-6,75;-0,05;-0,61;-5,35;0,0;-0,86
short;False;short neat short · weak · bajista · expo 0.1 · stop 8% · span 3.0% · venta 0.5–1.5%;-0,18;-0,36;-0,36;-14,66;-0,16;-2,0;-10,88;3,1;-3,5
short;False;short neat short · weak · bajista · expo 0.1 · stop 8% · span 5.0% · venta 0.5–1.5%;0,03;-0,84;-0,84;-18,47;-0,28;-3,35;-10,39;0,0;-5,07
short;False;short neat short · weak · bajista · expo 0.1 · stop 8% · span 3.0% · venta 1.0–2.4%;-0,11;-0,22;-0,22;-11,91;0,05;0,45;-9,58;6,2;-2,25
short;False;short neat short · weak · bajista · expo 0.1 · stop 8% · span 5.0% · venta 1.0–2.4%;-0,05;-0,51;-0,51;-15,2;-0,12;-1,46;-6,35;0,0;-3,69
short;False;short neat short · weak · bajista · expo 0.1 · stop 8% · span 10.0% · venta 0.5–1.5%;-0,17;0,07;-0,17;-6,25;-0,12;-1,44;-6,47;0,0;-0,73
short;False;short neat short · weak · bajista · expo 0.1 · stop 8% · span 10.0% · venta 1.0–2.4%;-0,09;0,01;-0,09;-7,77;-0,14;-1,67;-8,26;0,0;-0,63
short;False;short neat short · weak · bajista · expo 0.1 · stop 12% · span 3.0% · venta 0.5–1.5%;-0,12;-0,23;-0,23;-14,98;-0,2;-2,61;-10,04;6,2;-2,42
short;False;short neat short · weak · bajista · expo 0.1 · stop 12% · span 5.0% · venta 0.5–1.5%;-0,38;-0,63;-0,63;-22,11;-0,15;-1,8;-7,13;0,0;-6,36
short;False;short neat short · weak · bajista · expo 0.1 · stop 12% · span 3.0% · venta 1.0–2.4%;0,1;-0,23;-0,23;-15,39;0,06;0,49;-7,58;9,4;-1,19
short;False;short neat short · weak · bajista · expo 0.1 · stop 12% · span 5.0% · venta 1.0–2.4%;0,12;-0,37;-0,37;-15,11;-0,16;-2,0;-8,65;0,0;-1,77
short;False;short neat short · weak · bajista · expo 0.2 · stop 5% · span 5.0% · venta 0.5–1.5%;-0,53;-0,66;-0,66;-24,65;0,0;0,0;0,0;0,0;-7,39
short;False;short neat short · weak · bajista · expo 0.2 · stop 5% · span 5.0% · venta 1.0–2.4%;-0,78;-0,43;-0,78;-24,49;0,0;0,0;0,0;0,0;-7,77
short;False;short neat short · weak · bajista · expo 0.2 · stop 5% · span 3.0% · venta 0.5–1.5%;-0,22;-0,62;-0,62;-20,04;0,08;0,7;-8,53;6,2;-5,49
short;False;short neat short · weak · bajista · expo 0.1 · stop 12% · span 10.0% · venta 1.0–2.4%;-0,03;-0,07;-0,07;-6,84;-0,11;-1,47;-11,79;0,0;-0,71
short;False;short neat short · weak · bajista · expo 0.2 · stop 5% · span 3.0% · venta 1.0–2.4%;0,29;-0,74;-0,74;-18,64;0,59;7,0;-6,3;12,5;-3,02
short;False;short neat short · weak · bajista · expo 0.1 · stop 12% · span 10.0% · venta 0.5–1.5%;0,03;0,21;0,03;-5,12;-0,09;-1,13;-7,98;0,0;1,44
short;False;short neat short · weak · bajista · expo 0.2 · stop 8% · span 3.0% · venta 0.5–1.5%;0,06;-0,93;-0,93;-24,38;0,0;0,0;0,0;0,0;-5,76
short;False;short neat short · weak · bajista · expo 0.2 · stop 5% · span 10.0% · venta 0.5–1.5%;-0,19;-0,05;-0,19;-8,91;-0,15;-1,9;-10,16;0,0;-1,58
short;False;short neat short · weak · bajista · expo 0.2 · stop 5% · span 10.0% · venta 1.0–2.4%;-0,06;-0,13;-0,13;-12,25;-0,08;-1,04;-10,29;0,0;-1,38
short;False;short neat short · weak · bajista · expo 0.2 · stop 8% · span 3.0% · venta 1.0–2.4%;-0,22;-0,39;-0,39;-22,52;-0,17;-2,06;-5,62;0,0;-4,45
short;False;short neat short · weak · bajista · expo 0.2 · stop 8% · span 5.0% · venta 0.5–1.5%;0,27;-1,27;-1,27;-24,93;0,0;0,0;0,0;0,0;-6,55
short;False;short neat short · weak · bajista · expo 0.2 · stop 8% · span 5.0% · venta 1.0–2.4%;0,13;-0,81;-0,81;-22,36;-0,14;-1,77;-8,74;0,0;-5,03
short;False;short neat short · weak · bajista · expo 0.2 · stop 12% · span 3.0% · venta 1.0–2.4%;-0,58;0,0;-0,58;-23,82;0,0;0,0;0,0;0,0;-3,9
short;False;short neat short · weak · bajista · expo 0.2 · stop 8% · span 10.0% · venta 1.0–2.4%;-0,21;0,03;-0,21;-15,4;-0,56;-6,63;-17,59;0,0;-1,5
short;False;short neat short · weak · bajista · expo 0.2 · stop 12% · span 5.0% · venta 0.5–1.5%;-0,44;-0,63;-0,63;-24,77;0,0;0,0;0,0;0,0;-6,93
short;False;short neat short · weak · bajista · expo 0.2 · stop 8% · span 10.0% · venta 0.5–1.5%;-0,3;0,15;-0,3;-11,47;-0,28;-3,44;-14,18;3,1;-1,16
short;False;short neat short · weak · bajista · expo 0.2 · stop 12% · span 3.0% · venta 0.5–1.5%;0,11;-0,4;-0,4;-22,35;-0,25;-3,55;-14,76;12,5;-2,69
short;False;short neat short · weak · bajista · expo 0.28 · stop 5% · span 3.0% · venta 0.5–1.5%;-1,23;0,0;-1,23;-24,41;0,0;0,0;0,0;0,0;-7,93
short;False;short neat short · weak · bajista · expo 0.28 · stop 5% · span 5.0% · venta 0.5–1.5%;-0,47;-0,58;-0,58;-23,71;0,0;0,0;0,0;0,0;-6,65
short;False;short neat short · weak · bajista · expo 0.28 · stop 5% · span 3.0% · venta 1.0–2.4%;0,47;-0,61;-0,61;-17,93;-0,3;-3,57;-9,26;0,0;-1,21
short;False;short neat short · weak · bajista · expo 0.2 · stop 12% · span 5.0% · venta 1.0–2.4%;0,62;-0,47;-0,47;-20,69;-0,32;-4,02;-13,62;3,1;0,35
short;False;short neat short · weak · bajista · expo 0.2 · stop 12% · span 10.0% · venta 1.0–2.4%;-0,11;-0,08;-0,11;-15,03;-0,58;-6,86;-17,92;0,0;-1,61
short;False;short neat short · weak · bajista · expo 0.28 · stop 5% · span 5.0% · venta 1.0–2.4%;-1,21;0,0;-1,21;-25,0;0,0;0,0;0,0;0,0;-7,77
short;False;short neat short · weak · bajista · expo 0.2 · stop 12% · span 10.0% · venta 0.5–1.5%;-0,06;0,43;-0,06;-12,24;-0,2;-2,61;-16,38;0,0;2,12
short;False;short neat short · weak · bajista · expo 0.28 · stop 8% · span 3.0% · venta 0.5–1.5%;-0,95;0,0;-0,95;-24,09;0,0;0,0;0,0;0,0;-6,29
short;False;short neat short · weak · bajista · expo 0.28 · stop 8% · span 3.0% · venta 1.0–2.4%;-0,76;0,0;-0,76;-24,04;0,0;0,0;0,0;0,0;-5,21
short;False;short neat short · weak · bajista · expo 0.28 · stop 5% · span 10.0% · venta 1.0–2.4%;-0,04;-0,18;-0,18;-15,88;-0,26;-3,34;-17,72;9,4;-1,73
short;False;short neat short · weak · bajista · expo 0.28 · stop 5% · span 10.0% · venta 0.5–1.5%;-0,27;-0,07;-0,27;-12,51;-0,54;-6,42;-17,37;0,0;-2,28
short;False;short neat short · weak · bajista · expo 0.28 · stop 8% · span 5.0% · venta 0.5–1.5%;0,46;-1,24;-1,24;-24,98;0,0;0,0;0,0;0,0;-5,38
short;False;short neat short · weak · bajista · expo 0.28 · stop 8% · span 5.0% · venta 1.0–2.4%;0,51;-0,98;-0,98;-24,57;0,0;0,0;0,0;0,0;-4,1
short;False;short neat short · weak · bajista · expo 0.28 · stop 12% · span 3.0% · venta 1.0–2.4%;-0,35;0,0;-0,35;-24,05;0,0;0,0;0,0;0,0;-2,45
short;False;short neat short · weak · bajista · expo 0.28 · stop 12% · span 3.0% · venta 0.5–1.5%;-0,68;0,0;-0,68;-23,99;0,0;0,0;0,0;0,0;-4,57
short;False;short neat short · weak · bajista · expo 0.28 · stop 12% · span 5.0% · venta 1.0–2.4%;-0,21;0,0;-0,21;-24,56;0,0;0,0;0,0;0,0;-1,57
short;False;short neat short · weak · bajista · expo 0.28 · stop 8% · span 10.0% · venta 1.0–2.4%;-0,26;0,17;-0,26;-21,29;-0,52;-6,28;-17,09;0,0;-1,11
short;False;short neat short · weak · bajista · expo 0.28 · stop 8% · span 10.0% · venta 0.5–1.5%;-0,36;0,3;-0,36;-14,72;-0,43;-5,39;-20,69;6,2;-0,69
short;False;short neat short · weak · bajista · expo 0.4 · stop 5% · span 3.0% · venta 0.5–1.5%;-1,05;0,0;-1,05;-23,72;0,0;0,0;0,0;0,0;-6,87
short;False;short neat short · weak · bajista · expo 0.4 · stop 5% · span 3.0% · venta 1.0–2.4%;0,31;-0,92;-0,92;-24,55;0,0;0,0;0,0;0,0;-4,28
short;False;short neat short · weak · bajista · expo 0.28 · stop 12% · span 10.0% · venta 1.0–2.4%;-0,05;-0,05;-0,05;-19,17;-0,57;-6,77;-17,96;0,0;-1,32
short;False;short neat short · weak · bajista · expo 0.4 · stop 5% · span 5.0% · venta 0.5–1.5%;-0,72;-0,24;-0,72;-24,26;0,0;0,0;0,0;0,0;-6,3
short;False;short neat short · weak · bajista · expo 0.28 · stop 12% · span 10.0% · venta 0.5–1.5%;0,25;0,57;0,25;-10,63;-0,1;-1,49;-15,71;6,2;4,94
short;False;short neat short · weak · bajista · expo 0.4 · stop 5% · span 10.0% · venta 1.0–2.4%;-1,13;0,0;-1,13;-24,43;0,0;0,0;0,0;0,0;-7,24
short;False;short neat short · weak · bajista · expo 0.4 · stop 8% · span 3.0% · venta 0.5–1.5%;-0,7;0,0;-0,7;-22,35;0,0;0,0;0,0;0,0;-4,87
short;False;short neat short · weak · bajista · expo 0.4 · stop 8% · span 3.0% · venta 1.0–2.4%;-0,45;0,0;-0,45;-23,5;0,0;0,0;0,0;0,0;-3,36
short;False;short neat short · weak · bajista · expo 0.4 · stop 5% · span 10.0% · venta 0.5–1.5%;-0,25;-0,09;-0,25;-14,95;-0,48;-5,72;-16,21;0,0;-2,37
short;False;short neat short · weak · bajista · expo 0.4 · stop 8% · span 5.0% · venta 0.5–1.5%;-0,7;0,0;-0,7;-24,7;0,0;0,0;0,0;0,0;-4,84
short;False;short neat short · weak · bajista · expo 0.4 · stop 8% · span 5.0% · venta 1.0–2.4%;-0,72;0,0;-0,72;-24,38;0,0;0,0;0,0;0,0;-4,75
short;False;short neat short · weak · bajista · expo 0.4 · stop 12% · span 3.0% · venta 0.5–1.5%;-0,58;0,0;-0,58;-24,72;0,0;0,0;0,0;0,0;-3,98
short;False;short neat short · weak · bajista · expo 0.4 · stop 12% · span 3.0% · venta 1.0–2.4%;-0,48;0,0;-0,48;-23,35;0,0;0,0;0,0;0,0;-3,66
short;False;short neat short · weak · bajista · expo 0.4 · stop 12% · span 5.0% · venta 0.5–1.5%;-0,82;0,0;-0,82;-24,3;0,0;0,0;0,0;0,0;-5,35
short;False;short neat short · weak · bajista · expo 0.4 · stop 12% · span 5.0% · venta 1.0–2.4%;0,32;0,0;0,0;-23,02;0,0;0,0;0,0;0,0;1,65
short;False;short neat short · weak · bajista · expo 0.4 · stop 8% · span 10.0% · venta 0.5–1.5%;-0,82;0,78;-0,82;-21,36;-0,26;-3,54;-19,31;9,4;-0,84
short;False;short neat short · weak · bajista · expo 0.4 · stop 12% · span 10.0% · venta 0.5–1.5%;-0,11;0,98;-0,11;-20,47;-0,12;-2,03;-22,65;15,6;4,8
short;False;short neat short · weak · bajista+incertidumbre · expo 0.1 · stop 5% · span 3.0% · venta 1.0–2.4%;-0,4;-0,69;-0,69;-21,11;-0,17;-2,0;-8,12;0,0;-6,79
short;False;short neat short · weak · bajista+incertidumbre · expo 0.1 · stop 8% · span 3.0% · venta 1.0–2.4%;-1,07;-0,27;-1,07;-24,86;0,0;0,0;0,0;0,0;-8,42
short;False;short neat short · weak · bajista+incertidumbre · expo 0.1 · stop 8% · span 3.0% · venta 0.5–1.5%;-0,8;-0,55;-0,8;-24,97;0,0;0,0;0,0;0,0;-8,36
short;False;short neat short · weak · bajista+incertidumbre · expo 0.1 · stop 8% · span 5.0% · venta 0.5–1.5%;-0,54;-0,81;-0,81;-24,98;0,0;0,0;0,0;0,0;-8,37
short;False;short neat short · weak · bajista+incertidumbre · expo 0.1 · stop 5% · span 10.0% · venta 1.0–2.4%;-0,21;-0,17;-0,21;-10,26;-0,05;-0,65;-7,83;0,0;-2,46
short;False;short neat short · weak · bajista+incertidumbre · expo 0.1 · stop 5% · span 10.0% · venta 0.5–1.5%;-0,29;-0,31;-0,31;-13,21;-0,18;-2,24;-8,46;0,0;-3,75
short;False;short neat short · weak · bajista+incertidumbre · expo 0.1 · stop 12% · span 3.0% · venta 0.5–1.5%;-1,33;0,0;-1,33;-24,82;0,0;0,0;0,0;0,0;-8,41
short;False;short neat short · weak · bajista+incertidumbre · expo 0.1 · stop 8% · span 5.0% · venta 1.0–2.4%;-0,36;-0,62;-0,62;-21,13;-0,21;-2,65;-10,86;0,0;-6,32
short;False;short neat short · weak · bajista+incertidumbre · expo 0.1 · stop 12% · span 5.0% · venta 0.5–1.5%;-0,89;-0,44;-0,89;-24,65;0,0;0,0;0,0;0,0;-8,23
short;False;short neat short · weak · bajista+incertidumbre · expo 0.1 · stop 12% · span 3.0% · venta 1.0–2.4%;-0,32;-0,99;-0,99;-24,62;0,0;0,0;0,0;0,0;-8,21
short;False;short neat short · weak · bajista+incertidumbre · expo 0.1 · stop 8% · span 10.0% · venta 0.5–1.5%;-0,45;-0,35;-0,45;-17,55;-0,13;-1,61;-10,48;0,0;-5,08
short;False;short neat short · weak · bajista+incertidumbre · expo 0.1 · stop 8% · span 10.0% · venta 1.0–2.4%;-0,17;-0,2;-0,2;-10,55;-0,05;-0,73;-11,16;0,0;-2,35
short;False;short neat short · weak · bajista+incertidumbre · expo 0.1 · stop 12% · span 5.0% · venta 1.0–2.4%;-0,03;-1,14;-1,14;-24,68;0,0;0,0;0,0;0,0;-7,27
short;False;short neat short · weak · bajista+incertidumbre · expo 0.1 · stop 12% · span 10.0% · venta 0.5–1.5%;-0,26;-0,08;-0,26;-12,53;-0,11;-1,41;-10,83;0,0;-2,33
short;False;short neat short · weak · bajista+incertidumbre · expo 0.1 · stop 12% · span 10.0% · venta 1.0–2.4%;-0,14;-0,34;-0,34;-13,98;-0,03;-0,55;-16,32;3,1;-3,11
short;False;short neat short · weak · bajista+incertidumbre · expo 0.2 · stop 8% · span 3.0% · venta 0.5–1.5%;-1,19;0,0;-1,19;-23,86;0,0;0,0;0,0;0,0;-7,65
short;False;short neat short · weak · bajista+incertidumbre · expo 0.2 · stop 8% · span 3.0% · venta 1.0–2.4%;-1,3;0,0;-1,3;-24,48;0,0;0,0;0,0;0,0;-8,28
short;False;short neat short · weak · bajista+incertidumbre · expo 0.2 · stop 8% · span 5.0% · venta 1.0–2.4%;-1,3;0,0;-1,3;-24,47;0,0;0,0;0,0;0,0;-8,26
short;False;short neat short · weak · bajista+incertidumbre · expo 0.2 · stop 5% · span 10.0% · venta 0.5–1.5%;-0,49;-0,6;-0,6;-23,09;-0,11;-1,38;-8,5;0,0;-6,75
short;False;short neat short · weak · bajista+incertidumbre · expo 0.2 · stop 12% · span 3.0% · venta 0.5–1.5%;-1,31;0,0;-1,31;-24,57;0,0;0,0;0,0;0,0;-8,31
short;False;short neat short · weak · bajista+incertidumbre · expo 0.2 · stop 8% · span 10.0% · venta 0.5–1.5%;-0,84;-0,42;-0,84;-24,88;0,0;0,0;0,0;0,0;-8,0
short;False;short neat short · weak · bajista+incertidumbre · expo 0.2 · stop 5% · span 10.0% · venta 1.0–2.4%;-0,39;-0,37;-0,39;-19,71;-0,01;-0,31;-13,63;6,2;-4,93
short;False;short neat short · weak · bajista+incertidumbre · expo 0.2 · stop 8% · span 10.0% · venta 1.0–2.4%;-0,34;-0,78;-0,78;-24,75;0,0;0,0;0,0;0,0;-7,12
short;False;short neat short · weak · bajista+incertidumbre · expo 0.2 · stop 12% · span 3.0% · venta 1.0–2.4%;-1,3;0,0;-1,3;-24,52;0,0;0,0;0,0;0,0;-8,29
short;False;short neat short · weak · bajista+incertidumbre · expo 0.2 · stop 12% · span 5.0% · venta 0.5–1.5%;-1,32;0,0;-1,32;-24,9;0,0;0,0;0,0;0,0;-8,35
short;False;short neat short · weak · bajista+incertidumbre · expo 0.2 · stop 12% · span 5.0% · venta 1.0–2.4%;-0,2;-0,8;-0,8;-24,42;0,0;0,0;0,0;0,0;-6,57
short;False;short neat short · weak · bajista+incertidumbre · expo 0.28 · stop 5% · span 3.0% · venta 1.0–2.4%;-1,24;0,0;-1,24;-24,31;0,0;0,0;0,0;0,0;-7,96
short;False;short neat short · weak · bajista+incertidumbre · expo 0.2 · stop 12% · span 10.0% · venta 0.5–1.5%;-0,15;-0,07;-0,15;-17,53;-0,44;-5,35;-18,57;0,0;-1,94
short;False;short neat short · weak · bajista+incertidumbre · expo 0.2 · stop 12% · span 10.0% · venta 1.0–2.4%;-0,17;-0,49;-0,49;-21,96;-0,21;-2,73;-17,27;3,1;-4,52
short;False;short neat short · weak · bajista+incertidumbre · expo 0.28 · stop 8% · span 3.0% · venta 1.0–2.4%;-1,14;0,0;-1,14;-22,87;0,0;0,0;0,0;0,0;-7,25
short;False;short neat short · weak · bajista+incertidumbre · expo 0.28 · stop 8% · span 3.0% · venta 0.5–1.5%;-1,27;0,0;-1,27;-24,8;0,0;0,0;0,0;0,0;-8,11
short;False;short neat short · weak · bajista+incertidumbre · expo 0.28 · stop 5% · span 10.0% · venta 0.5–1.5%;-0,67;-0,51;-0,67;-24,86;0,0;0,0;0,0;0,0;-7,41
short;False;short neat short · weak · bajista+incertidumbre · expo 0.28 · stop 8% · span 5.0% · venta 1.0–2.4%;-1,29;0,0;-1,29;-24,59;0,0;0,0;0,0;0,0;-8,31
short;False;short neat short · weak · bajista+incertidumbre · expo 0.28 · stop 8% · span 10.0% · venta 1.0–2.4%;-0,99;0,0;-0,99;-24,01;0,0;0,0;0,0;0,0;-6,35
short;False;short neat short · weak · bajista+incertidumbre · expo 0.28 · stop 8% · span 10.0% · venta 0.5–1.5%;-0,84;-0,36;-0,84;-24,67;0,0;0,0;0,0;0,0;-7,75
short;False;short neat short · weak · bajista+incertidumbre · expo 0.28 · stop 12% · span 3.0% · venta 0.5–1.5%;-1,27;0,0;-1,27;-24,43;0,0;0,0;0,0;0,0;-8,26
short;False;short neat short · weak · bajista+incertidumbre · expo 0.28 · stop 12% · span 3.0% · venta 1.0–2.4%;-0,24;-0,65;-0,65;-22,96;0,0;0,0;0,0;0,0;-6,6
short;False;short neat short · weak · bajista+incertidumbre · expo 0.28 · stop 12% · span 5.0% · venta 0.5–1.5%;-1,31;0,0;-1,31;-24,79;0,0;0,0;0,0;0,0;-8,27
short;False;short neat short · weak · bajista+incertidumbre · expo 0.28 · stop 12% · span 5.0% · venta 1.0–2.4%;-0,67;0,0;-0,67;-24,74;0,0;0,0;0,0;0,0;-4,6
short;False;short neat short · weak · bajista+incertidumbre · expo 0.4 · stop 5% · span 3.0% · venta 1.0–2.4%;-1,25;0,0;-1,25;-24,67;0,0;0,0;0,0;0,0;-7,99
short;False;short neat short · weak · bajista+incertidumbre · expo 0.4 · stop 5% · span 3.0% · venta 0.5–1.5%;-1,32;0,0;-1,32;-24,97;0,0;0,0;0,0;0,0;-8,46
short;False;short neat short · weak · bajista+incertidumbre · expo 0.28 · stop 12% · span 10.0% · venta 1.0–2.4%;-0,01;-0,91;-0,91;-24,52;0,0;0,0;0,0;0,0;-6,25
short;False;short neat short · weak · bajista+incertidumbre · expo 0.4 · stop 5% · span 5.0% · venta 1.0–2.4%;-1,33;0,0;-1,33;-24,8;0,0;0,0;0,0;0,0;-8,4
short;False;short neat short · weak · bajista+incertidumbre · expo 0.28 · stop 12% · span 10.0% · venta 0.5–1.5%;-0,18;0,15;-0,18;-23,65;-0,42;-5,17;-19,76;0,0;-0,96
short;False;short neat short · weak · bajista+incertidumbre · expo 0.4 · stop 5% · span 5.0% · venta 0.5–1.5%;-1,27;0,0;-1,27;-24,1;0,0;0,0;0,0;0,0;-8,09
short;False;short neat short · weak · bajista+incertidumbre · expo 0.4 · stop 8% · span 3.0% · venta 0.5–1.5%;-1,19;0,0;-1,19;-24,51;0,0;0,0;0,0;0,0;-7,68
short;False;short neat short · weak · bajista+incertidumbre · expo 0.4 · stop 8% · span 3.0% · venta 1.0–2.4%;-1,3;0,0;-1,3;-24,55;0,0;0,0;0,0;0,0;-8,3
short;False;short neat short · weak · bajista+incertidumbre · expo 0.4 · stop 5% · span 10.0% · venta 1.0–2.4%;-0,91;0,0;-0,91;-24,75;0,0;0,0;0,0;0,0;-5,98
short;False;short neat short · weak · bajista+incertidumbre · expo 0.4 · stop 8% · span 10.0% · venta 0.5–1.5%;-1,13;0,0;-1,13;-24,26;0,0;0,0;0,0;0,0;-7,34
short;False;short neat short · weak · bajista+incertidumbre · expo 0.4 · stop 12% · span 3.0% · venta 0.5–1.5%;-1,27;0,0;-1,27;-24,2;0,0;0,0;0,0;0,0;-8,17
short;False;short neat short · weak · bajista+incertidumbre · expo 0.4 · stop 8% · span 10.0% · venta 1.0–2.4%;-0,81;0,0;-0,81;-24,2;0,0;0,0;0,0;0,0;-5,32
short;False;short neat short · weak · bajista+incertidumbre · expo 0.4 · stop 12% · span 3.0% · venta 1.0–2.4%;-0,99;0,0;-0,99;-23,06;0,0;0,0;0,0;0,0;-7,0
short;False;short neat short · weak · bajista+incertidumbre · expo 0.4 · stop 12% · span 5.0% · venta 0.5–1.5%;-1,27;0,0;-1,27;-24,43;0,0;0,0;0,0;0,0;-8,09
short;False;short neat short · weak · bajista+incertidumbre · expo 0.4 · stop 12% · span 5.0% · venta 1.0–2.4%;-0,88;0,0;-0,88;-23,96;0,0;0,0;0,0;0,0;-5,96
short;False;short neat short · weak · bajista+incertidumbre · expo 0.4 · stop 12% · span 10.0% · venta 1.0–2.4%;-0,79;0,0;-0,79;-24,16;0,0;0,0;0,0;0,0;-5,27
short;False;short neat short · weak · bajista+incertidumbre · expo 0.4 · stop 12% · span 10.0% · venta 0.5–1.5%;0,48;0,32;0,32;-18,41;-0,42;-5,22;-21,08;3,1;4,38
short;False;short neat short · lag_short · bajista · expo 0.1 · stop 5% · span 3.0% · venta 1.0–2.4%;-0,25;-0,1;-0,25;-14,37;-0,07;-0,99;-8,66;0,0;-2,44
short;False;short neat short · lag_short · bajista · expo 0.1 · stop 8% · span 3.0% · venta 0.5–1.5%;-0,83;-0,39;-0,83;-24,95;0,0;0,0;0,0;0,0;-7,72
short;False;short neat short · lag_short · bajista · expo 0.1 · stop 5% · span 5.0% · venta 0.5–1.5%;-0,51;-0,39;-0,51;-17,82;-0,24;-2,99;-11,42;0,0;-5,62
short;False;short neat short · lag_short · bajista · expo 0.1 · stop 5% · span 5.0% · venta 1.0–2.4%;-0,04;-0,01;-0,04;-4,68;0,05;0,6;-4,52;0,0;-0,39
short;False;short neat short · lag_short · bajista · expo 0.1 · stop 5% · span 10.0% · venta 1.0–2.4%;-0,15;-0,2;-0,2;-7,86;-0,13;-1,63;-7,59;0,0;-2,26
short;False;short neat short · lag_short · bajista · expo 0.1 · stop 5% · span 10.0% · venta 0.5–1.5%;-0,34;-0,25;-0,34;-12,03;-0,17;-2,14;-9,06;0,0;-3,76
short;False;short neat short · lag_short · bajista · expo 0.1 · stop 8% · span 3.0% · venta 1.0–2.4%;-0,71;-0,12;-0,71;-20,43;0,26;2,9;-11,94;12,5;-5,53
short;False;short neat short · lag_short · bajista · expo 0.1 · stop 8% · span 5.0% · venta 0.5–1.5%;-0,36;-0,58;-0,58;-20,16;-0,21;-2,62;-13,72;3,1;-5,9
short;False;short neat short · lag_short · bajista · expo 0.1 · stop 8% · span 5.0% · venta 1.0–2.4%;0,07;-0,11;-0,11;-9,39;-0,05;-0,75;-9,19;3,1;-0,4
short;False;short neat short · lag_short · bajista · expo 0.1 · stop 8% · span 10.0% · venta 0.5–1.5%;-0,42;-0,49;-0,49;-17,61;-0,12;-1,52;-11,69;0,0;-5,72
short;False;short neat short · lag_short · bajista · expo 0.1 · stop 8% · span 10.0% · venta 1.0–2.4%;-0,3;-0,35;-0,35;-13,86;-0,27;-3,24;-11,93;0,0;-4,2
short;False;short neat short · lag_short · bajista · expo 0.1 · stop 12% · span 3.0% · venta 0.5–1.5%;-0,4;-0,8;-0,8;-24,2;-0,03;-0,38;-2,11;0,0;-7,67
short;False;short neat short · lag_short · bajista · expo 0.1 · stop 12% · span 3.0% · venta 1.0–2.4%;0,04;-0,2;-0,2;-17,43;0,47;5,57;-6,77;12,5;-1,46
short;False;short neat short · lag_short · bajista · expo 0.1 · stop 12% · span 5.0% · venta 0.5–1.5%;-0,65;-0,22;-0,65;-19,72;-0,22;-2,79;-15,32;3,1;-5,83
short;False;short neat short · lag_short · bajista · expo 0.1 · stop 12% · span 10.0% · venta 1.0–2.4%;-0,72;-0,59;-0,72;-24,9;0,0;0,0;0,0;0,0;-8,42
short;False;short neat short · lag_short · bajista · expo 0.1 · stop 12% · span 5.0% · venta 1.0–2.4%;-0,03;0,05;-0,03;-14,83;-0,15;-2,09;-14,46;3,1;-0,35
short;False;short neat short · lag_short · bajista · expo 0.2 · stop 5% · span 5.0% · venta 0.5–1.5%;-0,84;-0,42;-0,84;-24,78;0,0;0,0;0,0;0,0;-8,09
short;False;short neat short · lag_short · bajista · expo 0.2 · stop 5% · span 3.0% · venta 1.0–2.4%;-0,22;0,05;-0,22;-18,08;-0,29;-3,51;-9,25;0,0;-1,73
short;False;short neat short · lag_short · bajista · expo 0.2 · stop 8% · span 3.0% · venta 0.5–1.5%;-1,05;0,0;-1,05;-24,64;0,0;0,0;0,0;0,0;-6,88
short;False;short neat short · lag_short · bajista · expo 0.2 · stop 5% · span 5.0% · venta 1.0–2.4%;-0,07;-0,0;-0,07;-9,15;0,21;2,37;-8,45;12,5;-0,78
short;False;short neat short · lag_short · bajista · expo 0.2 · stop 5% · span 10.0% · venta 1.0–2.4%;-0,36;-0,46;-0,46;-17,3;-0,19;-2,4;-13,28;0,0;-5,34
short;False;short neat short · lag_short · bajista · expo 0.2 · stop 8% · span 3.0% · venta 1.0–2.4%;-0,84;0,0;-0,84;-24,09;0,0;0,0;0,0;0,0;-5,69
short;False;short neat short · lag_short · bajista · expo 0.2 · stop 8% · span 5.0% · venta 0.5–1.5%;-1,02;0,0;-1,02;-24,12;0,0;0,0;0,0;0,0;-6,83
short;False;short neat short · lag_short · bajista · expo 0.2 · stop 8% · span 5.0% · venta 1.0–2.4%;0,03;-0,37;-0,37;-20,54;-0,19;-2,37;-7,61;0,0;-3,0
short;False;short neat short · lag_short · bajista · expo 0.2 · stop 12% · span 3.0% · venta 1.0–2.4%;-0,8;0,0;-0,8;-24,06;0,0;0,0;0,0;0,0;-5,42
short;False;short neat short · lag_short · bajista · expo 0.2 · stop 12% · span 5.0% · venta 0.5–1.5%;-1,03;0,0;-1,03;-23,42;0,0;0,0;0,0;0,0;-6,79
short;False;short neat short · lag_short · bajista · expo 0.2 · stop 12% · span 10.0% · venta 1.0–2.4%;-1,22;0,0;-1,22;-24,24;0,0;0,0;0,0;0,0;-8,19
short;False;short neat short · lag_short · bajista · expo 0.2 · stop 12% · span 10.0% · venta 0.5–1.5%;-1,28;0,0;-1,28;-24,9;0,0;0,0;0,0;0,0;-8,43
short;False;short neat short · lag_short · bajista · expo 0.2 · stop 12% · span 5.0% · venta 1.0–2.4%;0,15;-0,1;-0,1;-23,11;-0,24;-3,15;-17,21;6,2;-1,08
short;False;short neat short · lag_short · bajista · expo 0.28 · stop 5% · span 5.0% · venta 0.5–1.5%;-1,14;-0,05;-1,14;-24,84;0,0;0,0;0,0;0,0;-7,99
short;False;short neat short · lag_short · bajista · expo 0.28 · stop 5% · span 3.0% · venta 1.0–2.4%;-0,1;0,44;-0,1;-20,15;-0,2;-2,43;-6,56;0,0;1,12
short;False;short neat short · lag_short · bajista · expo 0.28 · stop 8% · span 3.0% · venta 0.5–1.5%;-0,94;0,0;-0,94;-24,05;0,0;0,0;0,0;0,0;-6,09
short;False;short neat short · lag_short · bajista · expo 0.28 · stop 5% · span 10.0% · venta 0.5–1.5%;-0,6;-0,67;-0,67;-24,78;0,0;0,0;0,0;0,0;-8,26
short;False;short neat short · lag_short · bajista · expo 0.28 · stop 5% · span 5.0% · venta 1.0–2.4%;-0,17;0,05;-0,17;-14,17;0,09;0,58;-13,95;12,5;-1,41
short;False;short neat short · lag_short · bajista · expo 0.28 · stop 8% · span 3.0% · venta 1.0–2.4%;-0,59;0,0;-0,59;-23,09;0,0;0,0;0,0;0,0;-4,3
short;False;short neat short · lag_short · bajista · expo 0.28 · stop 5% · span 10.0% · venta 1.0–2.4%;-0,14;-0,42;-0,42;-14,32;-0,28;-3,5;-18,09;3,1;-4,08
short;False;short neat short · lag_short · bajista · expo 0.28 · stop 8% · span 5.0% · venta 1.0–2.4%;-0,8;0,0;-0,8;-24,2;0,0;0,0;0,0;0,0;-5,54
short;False;short neat short · lag_short · bajista · expo 0.28 · stop 8% · span 10.0% · venta 0.5–1.5%;-1,11;-0,18;-1,11;-24,93;0,0;0,0;0,0;0,0;-8,44
short;False;short neat short · lag_short · bajista · expo 0.28 · stop 12% · span 3.0% · venta 0.5–1.5%;-1,07;0,0;-1,07;-24,57;0,0;0,0;0,0;0,0;-6,93
short;False;short neat short · lag_short · bajista · expo 0.28 · stop 12% · span 3.0% · venta 1.0–2.4%;-0,53;0,0;-0,53;-23,12;0,0;0,0;0,0;0,0;-4,02
short;False;short neat short · lag_short · bajista · expo 0.28 · stop 12% · span 5.0% · venta 0.5–1.5%;-1,0;0,0;-1,0;-24,44;0,0;0,0;0,0;0,0;-6,74
short;False;short neat short · lag_short · bajista · expo 0.28 · stop 8% · span 10.0% · venta 1.0–2.4%;-0,43;-0,25;-0,43;-20,05;-0,19;-2,4;-12,27;0,0;-5,38
short;False;short neat short · lag_short · bajista · expo 0.28 · stop 12% · span 10.0% · venta 1.0–2.4%;-1,21;0,0;-1,21;-24,84;0,0;0,0;0,0;0,0;-8,41
short;False;short neat short · lag_short · bajista · expo 0.28 · stop 12% · span 10.0% · venta 0.5–1.5%;-1,27;0,0;-1,27;-24,71;0,0;0,0;0,0;0,0;-8,36
short;False;short neat short · lag_short · bajista · expo 0.4 · stop 5% · span 3.0% · venta 1.0–2.4%;-0,46;0,0;-0,46;-24,68;0,0;0,0;0,0;0,0;-3,57
short;False;short neat short · lag_short · bajista · expo 0.4 · stop 5% · span 5.0% · venta 0.5–1.5%;-1,05;-0,03;-1,05;-24,68;0,0;0,0;0,0;0,0;-7,76
short;False;short neat short · lag_short · bajista · expo 0.4 · stop 8% · span 3.0% · venta 0.5–1.5%;-0,89;0,0;-0,89;-23,52;0,0;0,0;0,0;0,0;-5,78
short;False;short neat short · lag_short · bajista · expo 0.4 · stop 5% · span 5.0% · venta 1.0–2.4%;-0,5;0,23;-0,5;-22,01;-0,29;-3,52;-11,54;0,0;-3,13
short;False;short neat short · lag_short · bajista · expo 0.4 · stop 8% · span 3.0% · venta 1.0–2.4%;-0,41;0,0;-0,41;-24,41;0,0;0,0;0,0;0,0;-3,5
short;False;short neat short · lag_short · bajista · expo 0.4 · stop 8% · span 5.0% · venta 0.5–1.5%;-0,81;0,0;-0,81;-24,74;0,0;0,0;0,0;0,0;-5,56
short;False;short neat short · lag_short · bajista · expo 0.4 · stop 5% · span 10.0% · venta 1.0–2.4%;-0,32;-0,24;-0,32;-19,09;-0,24;-3,13;-17,56;6,2;-4,64
short;False;short neat short · lag_short · bajista · expo 0.4 · stop 12% · span 3.0% · venta 0.5–1.5%;-1,14;0,0;-1,14;-22,33;0,0;0,0;0,0;0,0;-7,37
short;False;short neat short · lag_short · bajista · expo 0.4 · stop 8% · span 10.0% · venta 1.0–2.4%;-0,98;0,0;-0,98;-24,37;0,0;0,0;0,0;0,0;-7,4
short;False;short neat short · lag_short · bajista · expo 0.4 · stop 12% · span 3.0% · venta 1.0–2.4%;-0,24;0,0;-0,24;-22,39;0,0;0,0;0,0;0,0;-2,63
short;False;short neat short · lag_short · bajista · expo 0.4 · stop 12% · span 5.0% · venta 0.5–1.5%;-0,87;0,0;-0,87;-24,78;0,0;0,0;0,0;0,0;-5,96
short;False;short neat short · lag_short · bajista · expo 0.4 · stop 12% · span 5.0% · venta 1.0–2.4%;-0,18;0,0;-0,18;-23,85;0,0;0,0;0,0;0,0;-2,23
short;False;short neat short · lag_short · bajista · expo 0.4 · stop 12% · span 10.0% · venta 1.0–2.4%;-1,09;0,0;-1,09;-23,77;0,0;0,0;0,0;0,0;-8,01
short;False;short neat short · lag_short · bajista+incertidumbre · expo 0.1 · stop 5% · span 3.0% · venta 0.5–1.5%;-1,34;0,0;-1,34;-24,89;0,0;0,0;0,0;0,0;-8,43
short;False;short neat short · lag_short · bajista+incertidumbre · expo 0.1 · stop 5% · span 5.0% · venta 0.5–1.5%;-0,99;-0,27;-0,99;-24,83;0,0;0,0;0,0;0,0;-7,94
short;False;short neat short · lag_short · bajista+incertidumbre · expo 0.1 · stop 5% · span 3.0% · venta 1.0–2.4%;-0,7;-0,15;-0,7;-20,96;-0,32;-3,93;-11,17;0,0;-5,6
short;False;short neat short · lag_short · bajista+incertidumbre · expo 0.1 · stop 8% · span 3.0% · venta 1.0–2.4%;-1,28;0,0;-1,28;-24,76;0,0;0,0;0,0;0,0;-8,38
short;False;short neat short · lag_short · bajista+incertidumbre · expo 0.1 · stop 8% · span 5.0% · venta 0.5–1.5%;-1,19;-0,13;-1,19;-24,69;0,0;0,0;0,0;0,0;-8,36
short;False;short neat short · lag_short · bajista+incertidumbre · expo 0.1 · stop 5% · span 5.0% · venta 1.0–2.4%;-0,24;-0,06;-0,24;-7,8;-0,02;-0,4;-8,87;9,4;-1,99
short;False;short neat short · lag_short · bajista+incertidumbre · expo 0.1 · stop 5% · span 10.0% · venta 0.5–1.5%;-0,63;-0,43;-0,63;-20,14;-0,2;-2,45;-6,47;0,0;-6,64
short;False;short neat short · lag_short · bajista+incertidumbre · expo 0.1 · stop 12% · span 3.0% · venta 0.5–1.5%;-1,33;0,0;-1,33;-24,96;0,0;0,0;0,0;0,0;-8,45
short;False;short neat short · lag_short · bajista+incertidumbre · expo 0.1 · stop 5% · span 10.0% · venta 1.0–2.4%;-0,38;-0,42;-0,42;-15,43;-0,37;-4,45;-12,24;0,0;-5,02
short;False;short neat short · lag_short · bajista+incertidumbre · expo 0.1 · stop 8% · span 10.0% · venta 1.0–2.4%;-0,52;-0,72;-0,72;-23,09;-0,06;-0,72;-3,63;0,0;-7,76
short;False;short neat short · lag_short · bajista+incertidumbre · expo 0.1 · stop 8% · span 10.0% · venta 0.5–1.5%;-0,65;-0,71;-0,71;-24,93;-0,03;-0,36;-1,07;0,0;-8,39
short;False;short neat short · lag_short · bajista+incertidumbre · expo 0.1 · stop 12% · span 5.0% · venta 0.5–1.5%;-0,93;-0,35;-0,93;-24,9;0,0;0,0;0,0;0,0;-8,43
short;False;short neat short · lag_short · bajista+incertidumbre · expo 0.1 · stop 8% · span 5.0% · venta 1.0–2.4%;-0,18;-0,22;-0,22;-10,1;-0,0;-0,25;-9,56;6,2;-2,75
short;False;short neat short · lag_short · bajista+incertidumbre · expo 0.1 · stop 12% · span 3.0% · venta 1.0–2.4%;-0,36;-0,43;-0,43;-21,72;-0,3;-3,87;-15,86;3,1;-5,56
short;False;short neat short · lag_short · bajista+incertidumbre · expo 0.1 · stop 12% · span 5.0% · venta 1.0–2.4%;-0,46;-0,38;-0,46;-20,22;-0,28;-3,42;-12,26;0,0;-5,79
short;False;short neat short · lag_short · bajista+incertidumbre · expo 0.1 · stop 12% · span 10.0% · venta 0.5–1.5%;-0,7;-0,57;-0,7;-24,73;0,0;0,0;0,0;0,0;-7,97
short;False;short neat short · lag_short · bajista+incertidumbre · expo 0.1 · stop 12% · span 10.0% · venta 1.0–2.4%;-1,26;0,0;-1,26;-24,92;0,0;0,0;0,0;0,0;-8,16
short;False;short neat short · lag_short · bajista+incertidumbre · expo 0.2 · stop 5% · span 3.0% · venta 1.0–2.4%;-0,94;-0,29;-0,94;-24,84;0,0;0,0;0,0;0,0;-7,95
short;False;short neat short · lag_short · bajista+incertidumbre · expo 0.2 · stop 5% · span 5.0% · venta 0.5–1.5%;-1,28;0,0;-1,28;-24,77;0,0;0,0;0,0;0,0;-8,3
short;False;short neat short · lag_short · bajista+incertidumbre · expo 0.2 · stop 5% · span 10.0% · venta 1.0–2.4%;-0,66;-0,54;-0,66;-24,54;0,0;0,0;0,0;0,0;-7,64
short;False;short neat short · lag_short · bajista+incertidumbre · expo 0.2 · stop 8% · span 3.0% · venta 1.0–2.4%;-1,22;0,0;-1,22;-24,51;0,0;0,0;0,0;0,0;-8,29
short;False;short neat short · lag_short · bajista+incertidumbre · expo 0.2 · stop 5% · span 10.0% · venta 0.5–1.5%;-1,06;-0,27;-1,06;-25,0;0,0;0,0;0,0;0,0;-8,47
short;False;short neat short · lag_short · bajista+incertidumbre · expo 0.2 · stop 8% · span 5.0% · venta 0.5–1.5%;-0,97;-0,31;-0,97;-24,86;0,0;0,0;0,0;0,0;-8,42
short;False;short neat short · lag_short · bajista+incertidumbre · expo 0.2 · stop 5% · span 5.0% · venta 1.0–2.4%;-0,71;-0,11;-0,71;-18,9;-0,3;-3,6;-10,85;0,0;-5,51
short;False;short neat short · lag_short · bajista+incertidumbre · expo 0.2 · stop 12% · span 3.0% · venta 0.5–1.5%;-1,31;0,0;-1,31;-24,69;0,0;0,0;0,0;0,0;-8,35
short;False;short neat short · lag_short · bajista+incertidumbre · expo 0.2 · stop 8% · span 5.0% · venta 1.0–2.4%;-0,27;-0,48;-0,48;-20,94;-0,16;-1,98;-6,79;0,0;-5,71
short;False;short neat short · lag_short · bajista+incertidumbre · expo 0.2 · stop 8% · span 10.0% · venta 1.0–2.4%;-0,86;-0,37;-0,86;-24,28;0,0;0,0;0,0;0,0;-8,15
short;False;short neat short · lag_short · bajista+incertidumbre · expo 0.2 · stop 12% · span 5.0% · venta 1.0–2.4%;-1,0;0,0;-1,0;-24,54;0,0;0,0;0,0;0,0;-7,09
short;False;short neat short · lag_short · bajista+incertidumbre · expo 0.2 · stop 12% · span 10.0% · venta 0.5–1.5%;-1,22;0,0;-1,22;-24,51;0,0;0,0;0,0;0,0;-8,1
short;False;short neat short · lag_short · bajista+incertidumbre · expo 0.28 · stop 5% · span 3.0% · venta 0.5–1.5%;-1,3;0,0;-1,3;-24,55;0,0;0,0;0,0;0,0;-8,3
short;False;short neat short · lag_short · bajista+incertidumbre · expo 0.28 · stop 5% · span 3.0% · venta 1.0–2.4%;-1,14;0,0;-1,14;-24,17;0,0;0,0;0,0;0,0;-7,66
short;False;short neat short · lag_short · bajista+incertidumbre · expo 0.28 · stop 5% · span 5.0% · venta 0.5–1.5%;-1,24;0,0;-1,24;-24,73;0,0;0,0;0,0;0,0;-8,25
short;False;short neat short · lag_short · bajista+incertidumbre · expo 0.28 · stop 5% · span 10.0% · venta 0.5–1.5%;-1,3;0,0;-1,3;-24,93;0,0;0,0;0,0;0,0;-8,45
short;False;short neat short · lag_short · bajista+incertidumbre · expo 0.28 · stop 8% · span 10.0% · venta 0.5–1.5%;-1,29;0,0;-1,29;-24,66;0,0;0,0;0,0;0,0;-8,32
short;False;short neat short · lag_short · bajista+incertidumbre · expo 0.28 · stop 8% · span 5.0% · venta 1.0–2.4%;-1,08;0,0;-1,08;-24,43;0,0;0,0;0,0;0,0;-7,45
short;False;short neat short · lag_short · bajista+incertidumbre · expo 0.28 · stop 8% · span 5.0% · venta 0.5–1.5%;-1,25;0,0;-1,25;-24,54;0,0;0,0;0,0;0,0;-8,3
short;False;short neat short · lag_short · bajista+incertidumbre · expo 0.28 · stop 12% · span 5.0% · venta 0.5–1.5%;-1,21;0,0;-1,21;-23,98;0,0;0,0;0,0;0,0;-8,09
short;False;short neat short · lag_short · bajista+incertidumbre · expo 0.28 · stop 12% · span 10.0% · venta 1.0–2.4%;-1,22;0,0;-1,22;-23,7;0,0;0,0;0,0;0,0;-7,91
short;False;short neat short · lag_short · bajista+incertidumbre · expo 0.28 · stop 12% · span 5.0% · venta 1.0–2.4%;-0,55;0,0;-0,55;-22,65;0,0;0,0;0,0;0,0;-4,33
short;False;short neat short · lag_short · bajista+incertidumbre · expo 0.4 · stop 5% · span 3.0% · venta 0.5–1.5%;-1,3;0,0;-1,3;-24,82;0,0;0,0;0,0;0,0;-8,4
short;False;short neat short · lag_short · bajista+incertidumbre · expo 0.28 · stop 12% · span 10.0% · venta 0.5–1.5%;-1,27;0,0;-1,27;-24,97;0,0;0,0;0,0;0,0;-8,26
short;False;short neat short · lag_short · bajista+incertidumbre · expo 0.4 · stop 8% · span 3.0% · venta 0.5–1.5%;-1,25;0,0;-1,25;-24,02;0,0;0,0;0,0;0,0;-8,11
short;False;short neat short · lag_short · bajista+incertidumbre · expo 0.4 · stop 5% · span 5.0% · venta 1.0–2.4%;-0,88;0,0;-0,88;-23,9;0,0;0,0;0,0;0,0;-6,52
short;False;short neat short · lag_short · bajista+incertidumbre · expo 0.4 · stop 8% · span 10.0% · venta 1.0–2.4%;-1,09;0,0;-1,09;-22,56;0,0;0,0;0,0;0,0;-7,09
short;False;short neat short · lag_short · bajista+incertidumbre · expo 0.4 · stop 8% · span 10.0% · venta 0.5–1.5%;-1,08;0,0;-1,08;-24,36;0,0;0,0;0,0;0,0;-7,43
short;False;short neat short · lag_short · bajista+incertidumbre · expo 0.4 · stop 8% · span 3.0% · venta 1.0–2.4%;-1,1;0,0;-1,1;-23,34;0,0;0,0;0,0;0,0;-7,15
short;False;short neat short · lag_short · bajista+incertidumbre · expo 0.4 · stop 12% · span 3.0% · venta 0.5–1.5%;-1,07;0,0;-1,07;-22,8;0,0;0,0;0,0;0,0;-6,91
short;False;short neat short · lag_short · bajista+incertidumbre · expo 0.4 · stop 8% · span 5.0% · venta 0.5–1.5%;-0,97;0,0;-0,97;-24,34;0,0;0,0;0,0;0,0;-7,71
short;False;short neat short · lag_short · bajista+incertidumbre · expo 0.4 · stop 12% · span 3.0% · venta 1.0–2.4%;-1,2;0,0;-1,2;-23,8;0,0;0,0;0,0;0,0;-7,89
short;False;short neat short · lag_short · bajista+incertidumbre · expo 0.4 · stop 12% · span 5.0% · venta 1.0–2.4%;0,01;0,0;0,0;-24,42;0,0;0,0;0,0;0,0;-1,28
short;False;short neat short · lag_short · bajista+incertidumbre · expo 0.4 · stop 12% · span 5.0% · venta 0.5–1.5%;-1,0;0,0;-1,0;-24,32;0,0;0,0;0,0;0,0;-6,8
short;False;short neat short · lag_short · bajista+incertidumbre · expo 0.4 · stop 12% · span 10.0% · venta 1.0–2.4%;-1,28;0,0;-1,28;-24,36;0,0;0,0;0,0;0,0;-8,23
short;False;short recursive short · weak · bajista · expo 0.1 · stop 5% · reentrada 2% ×0.8 · venta 1.0–2.4%;0,01;-0,45;-0,45;-11,15;0,13;1,47;-5,65;0,0;-2,76
short;False;short recursive short · weak · bajista · expo 0.1 · stop 5% · reentrada 2% ×0.8 · venta 0.5–1.5%;-0,03;-0,43;-0,43;-11,26;0,01;0,14;-4,66;0,0;-2,84
short;False;short recursive short · weak · bajista · expo 0.1 · stop 5% · reentrada 2% ×0.8 · venta 0.5–1.5%;-0,23;0,1;-0,23;-5,86;-0,03;-0,38;-4,31;0,0;-0,83
short;False;short recursive short · weak · bajista · expo 0.1 · stop 5% · reentrada 2% ×0.8 · venta 1.0–2.4%;-0,04;0,01;-0,04;-5,61;-0,12;-1,41;-6,85;0,0;-0,25
short;False;short recursive short · weak · bajista · expo 0.1 · stop 5% · reentrada 5% ×0.8 · venta 1.0–2.4%;0,01;0,01;0,01;-0,18;0,0;0,01;-0,16;0,0;0,12
short;False;short recursive short · weak · bajista · expo 0.1 · stop 8% · reentrada 2% ×0.8 · venta 1.0–2.4%;0,21;-0,16;-0,16;-9,48;0,02;0,26;-4,98;0,0;0,17
short;False;short recursive short · weak · bajista · expo 0.1 · stop 8% · reentrada 2% ×0.8 · venta 0.5–1.5%;-0,24;-0,24;-0,24;-12,46;-0,0;-0,04;-5,67;0,0;-3,04
short;False;short recursive short · weak · bajista · expo 0.1 · stop 5% · reentrada 5% ×0.8 · venta 0.5–1.5%;0,01;-0,0;-0,0;-0,15;-0,0;-0,01;-0,15;0,0;0,09
short;False;short recursive short · weak · bajista · expo 0.1 · stop 8% · reentrada 2% ×0.8 · venta 1.0–2.4%;-0,03;0,02;-0,03;-5,38;-0,07;-0,84;-7,95;0,0;-0,12
short;False;short recursive short · weak · bajista · expo 0.1 · stop 8% · reentrada 2% ×0.8 · venta 0.5–1.5%;-0,16;0,12;-0,16;-5,16;-0,04;-0,47;-5,26;0,0;-0,35
short;False;short recursive short · weak · bajista · expo 0.1 · stop 8% · reentrada 5% ×0.8 · venta 0.5–1.5%;-0,02;0,07;-0,02;-2,81;-0,09;-1,09;-3,79;0,0;0,32
short;False;short recursive short · weak · bajista · expo 0.1 · stop 12% · reentrada 2% ×0.8 · venta 1.0–2.4%;-0,09;-0,34;-0,34;-14,64;-0,02;-0,31;-10,15;0,0;-2,88
short;False;short recursive short · weak · bajista · expo 0.1 · stop 12% · reentrada 2% ×0.8 · venta 0.5–1.5%;-0,58;-0,17;-0,58;-19,27;-0,29;-3,53;-10,32;0,0;-4,88
short;False;short recursive short · weak · bajista · expo 0.1 · stop 8% · reentrada 5% ×0.8 · venta 1.0–2.4%;-0,13;0,02;-0,13;-5,54;-0,12;-1,5;-4,93;0,0;-0,71
short;False;short recursive short · weak · bajista · expo 0.1 · stop 12% · reentrada 2% ×0.8 · venta 0.5–1.5%;-0,17;0,23;-0,17;-8,02;-0,07;-0,86;-7,1;0,0;0,27
short;False;short recursive short · weak · bajista · expo 0.1 · stop 12% · reentrada 2% ×0.8 · venta 1.0–2.4%;-0,27;0,16;-0,27;-12,04;0,07;0,84;-6,1;0,0;-0,89
short;False;short recursive short · weak · bajista · expo 0.2 · stop 5% · reentrada 2% ×0.8 · venta 0.5–1.5%;-0,09;-0,96;-0,96;-23,53;-0,06;-0,69;-3,06;0,0;-6,5
short;False;short recursive short · weak · bajista · expo 0.1 · stop 12% · reentrada 5% ×0.8 · venta 0.5–1.5%;-0,11;0,09;-0,11;-5,15;-0,16;-1,96;-5,52;0,0;-0,16
short;False;short recursive short · weak · bajista · expo 0.1 · stop 12% · reentrada 5% ×0.8 · venta 1.0–2.4%;-0,21;-0,14;-0,21;-7,99;-0,13;-1,58;-4,55;0,0;-2,2
short;False;short recursive short · weak · bajista · expo 0.2 · stop 5% · reentrada 2% ×0.8 · venta 1.0–2.4%;0,05;-0,57;-0,57;-15,6;0,32;3,72;-8,5;9,4;-3,44
short;False;short recursive short · weak · bajista · expo 0.2 · stop 5% · reentrada 5% ×0.8 · venta 1.0–2.4%;0,02;0,02;0,02;-0,35;0,0;0,02;-0,31;0,0;0,23
short;False;short recursive short · weak · bajista · expo 0.2 · stop 5% · reentrada 2% ×0.8 · venta 0.5–1.5%;-0,38;0,21;-0,38;-10,24;-0,05;-0,64;-8,24;0,0;-1,24
short;False;short recursive short · weak · bajista · expo 0.2 · stop 5% · reentrada 2% ×0.8 · venta 1.0–2.4%;-0,13;0,02;-0,13;-11,87;-0,24;-3,02;-14,18;0,0;-0,81
short;False;short recursive short · weak · bajista · expo 0.2 · stop 5% · reentrada 5% ×0.8 · venta 0.5–1.5%;0,03;-0,0;-0,0;-0,3;-0,0;-0,01;-0,3;0,0;0,18
short;False;short recursive short · weak · bajista · expo 0.2 · stop 8% · reentrada 2% ×0.8 · venta 1.0–2.4%;0,57;-0,24;-0,24;-14,02;0,07;0,66;-9,01;0,0;1,63
short;False;short recursive short · weak · bajista · expo 0.2 · stop 8% · reentrada 2% ×0.8 · venta 1.0–2.4%;-0,12;0,06;-0,12;-11,47;-0,6;-7,12;-19,27;0,0;-0,67
short;False;short recursive short · weak · bajista · expo 0.2 · stop 8% · reentrada 2% ×0.8 · venta 0.5–1.5%;-0,31;0,25;-0,31;-10,1;0,02;0,14;-8,65;0,0;-0,67
short;False;short recursive short · weak · bajista · expo 0.2 · stop 12% · reentrada 2% ×0.8 · venta 0.5–1.5%;-1,06;0,0;-1,06;-24,71;0,0;0,0;0,0;0,0;-6,77
short;False;short recursive short · weak · bajista · expo 0.2 · stop 8% · reentrada 5% ×0.8 · venta 0.5–1.5%;-0,03;0,14;-0,03;-5,57;-0,18;-2,18;-7,49;0,0;0,63
short;False;short recursive short · weak · bajista · expo 0.2 · stop 12% · reentrada 2% ×0.8 · venta 1.0–2.4%;-0,97;0,0;-0,97;-24,82;0,0;0,0;0,0;0,0;-6,21
short;False;short recursive short · weak · bajista · expo 0.2 · stop 8% · reentrada 5% ×0.8 · venta 1.0–2.4%;-0,22;0,05;-0,22;-9,9;-0,15;-1,81;-6,56;0,0;-1,17
short;False;short recursive short · weak · bajista · expo 0.2 · stop 12% · reentrada 2% ×0.8 · venta 1.0–2.4%;-0,48;0,49;-0,48;-22,9;-0,03;-0,61;-17,93;9,4;-0,57
short;False;short recursive short · weak · bajista · expo 0.2 · stop 12% · reentrada 2% ×0.8 · venta 0.5–1.5%;-0,16;0,46;-0,16;-12,6;-0,1;-1,38;-12,79;0,0;1,56
short;False;short recursive short · weak · bajista · expo 0.28 · stop 5% · reentrada 2% ×0.8 · venta 0.5–1.5%;-0,09;-0,91;-0,91;-24,81;0,0;0,0;0,0;0,0;-6,4
short;False;short recursive short · weak · bajista · expo 0.2 · stop 12% · reentrada 5% ×0.8 · venta 1.0–2.4%;-0,26;-0,28;-0,28;-12,88;-0,26;-3,19;-8,89;0,0;-3,51
short;False;short recursive short · weak · bajista · expo 0.2 · stop 12% · reentrada 5% ×0.8 · venta 0.5–1.5%;-0,19;0,18;-0,19;-9,78;-0,25;-3,09;-8,77;0,0;-0,21
short;False;short recursive short · weak · bajista · expo 0.28 · stop 5% · reentrada 2% ×0.8 · venta 1.0–2.4%;0,2;-1,02;-1,02;-24,87;-0,03;-0,39;-1,04;0,0;-5,42
short;False;short recursive short · weak · bajista · expo 0.28 · stop 5% · reentrada 2% ×0.8 · venta 1.0–2.4%;-0,08;0,04;-0,08;-14,28;-0,56;-6,65;-17,28;0,0;-0,49
short;False;short recursive short · weak · bajista · expo 0.28 · stop 5% · reentrada 5% ×0.8 · venta 0.5–1.5%;0,04;-0,0;-0,0;-0,42;-0,0;-0,02;-0,41;0,0;0,25
short;False;short recursive short · weak · bajista · expo 0.28 · stop 8% · reentrada 2% ×0.8 · venta 0.5–1.5%;-0,98;0,0;-0,98;-24,74;0,0;0,0;0,0;0,0;-6,26
short;False;short recursive short · weak · bajista · expo 0.28 · stop 5% · reentrada 2% ×0.8 · venta 0.5–1.5%;-0,68;0,33;-0,68;-16,83;-0,02;-0,35;-10,5;3,1;-2,54
short;False;short recursive short · weak · bajista · expo 0.28 · stop 5% · reentrada 5% ×0.8 · venta 1.0–2.4%;0,03;0,02;0,02;-0,5;0,0;0,03;-0,43;0,0;0,33
short;False;short recursive short · weak · bajista · expo 0.28 · stop 8% · reentrada 2% ×0.8 · venta 1.0–2.4%;0,99;-0,16;-0,16;-18,23;-0,07;-1,1;-16,39;9,4;4,6
short;False;short recursive short · weak · bajista · expo 0.28 · stop 8% · reentrada 2% ×0.8 · venta 1.0–2.4%;0,09;0,08;0,08;-13,83;-0,5;-5,94;-17,0;0,0;0,7
short;False;short recursive short · weak · bajista · expo 0.28 · stop 8% · reentrada 2% ×0.8 · venta 0.5–1.5%;-0,5;0,37;-0,5;-15,24;-0,01;-0,26;-12,16;6,2;-1,3
short;False;short recursive short · weak · bajista · expo 0.28 · stop 8% · reentrada 5% ×0.8 · venta 1.0–2.4%;-0,36;0,07;-0,36;-15,33;-0,32;-3,97;-13,04;0,0;-2,02
short;False;short recursive short · weak · bajista · expo 0.28 · stop 8% · reentrada 5% ×0.8 · venta 0.5–1.5%;-0,04;0,2;-0,04;-7,75;-0,26;-3,24;-10,08;0,0;0,88
short;False;short recursive short · weak · bajista · expo 0.28 · stop 12% · reentrada 2% ×0.8 · venta 1.0–2.4%;-0,8;0,0;-0,8;-24,42;0,0;0,0;0,0;0,0;-5,2
short;False;short recursive short · weak · bajista · expo 0.28 · stop 12% · reentrada 2% ×0.8 · venta 1.0–2.4%;-1,17;0,0;-1,17;-24,72;0,0;0,0;0,0;0,0;-7,59
short;False;short recursive short · weak · bajista · expo 0.4 · stop 5% · reentrada 2% ×0.8 · venta 0.5–1.5%;-1,15;0,0;-1,15;-24,51;0,0;0,0;0,0;0,0;-7,33
short;False;short recursive short · weak · bajista · expo 0.28 · stop 12% · reentrada 2% ×0.8 · venta 0.5–1.5%;-0,52;0,69;-0,52;-21,87;-0,16;-2,2;-16,78;6,2;0,22
short;False;short recursive short · weak · bajista · expo 0.4 · stop 5% · reentrada 2% ×0.8 · venta 0.5–1.5%;-0,04;-0,82;-0,82;-24,79;0,0;0,0;0,0;0,0;-5,6
short;False;short recursive short · weak · bajista · expo 0.28 · stop 12% · reentrada 5% ×0.8 · venta 1.0–2.4%;-0,25;-0,25;-0,25;-15,26;-0,41;-5,05;-13,41;3,1;-3,43
short;False;short recursive short · weak · bajista · expo 0.28 · stop 12% · reentrada 5% ×0.8 · venta 0.5–1.5%;-0,07;0,25;-0,07;-9,63;-0,5;-6,07;-16,35;0,0;0,94
short;False;short recursive short · weak · bajista · expo 0.4 · stop 5% · reentrada 2% ×0.8 · venta 1.0–2.4%;0,28;-0,74;-0,74;-23,54;-0,12;-1,53;-6,57;3,1;-3,71
short;False;short recursive short · weak · bajista · expo 0.4 · stop 5% · reentrada 2% ×0.8 · venta 1.0–2.4%;-0,16;0,15;-0,16;-20,96;-0,53;-6,28;-16,61;0,0;-0,53
short;False;short recursive short · weak · bajista · expo 0.4 · stop 5% · reentrada 5% ×0.8 · venta 0.5–1.5%;0,06;-0,0;-0,0;-0,6;-0,0;-0,02;-0,59;0,0;0,36
short;False;short recursive short · weak · bajista · expo 0.4 · stop 8% · reentrada 2% ×0.8 · venta 1.0–2.4%;-0,5;0,0;-0,5;-24,77;0,0;0,0;0,0;0,0;-3,37
short;False;short recursive short · weak · bajista · expo 0.4 · stop 8% · reentrada 2% ×0.8 · venta 1.0–2.4%;-0,93;0,0;-0,93;-24,45;0,0;0,0;0,0;0,0;-5,98
short;False;short recursive short · weak · bajista · expo 0.4 · stop 12% · reentrada 2% ×0.8 · venta 0.5–1.5%;-1,05;0,0;-1,05;-24,42;0,0;0,0;0,0;0,0;-6,76
short;False;short recursive short · weak · bajista · expo 0.4 · stop 5% · reentrada 5% ×0.8 · venta 1.0–2.4%;0,04;0,03;0,03;-0,71;0,0;0,05;-0,61;0,0;0,46
short;False;short recursive short · weak · bajista · expo 0.4 · stop 8% · reentrada 2% ×0.8 · venta 0.5–1.5%;-0,44;0,4;-0,44;-15,52;0,14;1,4;-12,37;12,5;-1,07
short;False;short recursive short · weak · bajista · expo 0.4 · stop 12% · reentrada 2% ×0.8 · venta 1.0–2.4%;-0,53;0,0;-0,53;-23,39;0,0;0,0;0,0;0,0;-3,56
short;False;short recursive short · weak · bajista · expo 0.4 · stop 8% · reentrada 5% ×0.8 · venta 0.5–1.5%;-0,04;0,28;-0,04;-10,44;-0,2;-2,59;-10,21;0,0;1,42
short;False;short recursive short · weak · bajista · expo 0.4 · stop 12% · reentrada 2% ×0.8 · venta 0.5–1.5%;-1,15;0,0;-1,15;-24,09;0,0;0,0;0,0;0,0;-7,7
short;False;short recursive short · weak · bajista · expo 0.4 · stop 12% · reentrada 2% ×0.8 · venta 1.0–2.4%;-1,08;0,0;-1,08;-24,06;0,0;0,0;0,0;0,0;-7,03
short;False;short recursive short · weak · bajista · expo 0.4 · stop 8% · reentrada 5% ×0.8 · venta 1.0–2.4%;-0,3;0,11;-0,3;-17,7;-0,45;-5,6;-16,92;0,0;-1,58
short;False;short recursive short · weak · bajista · expo 0.4 · stop 12% · reentrada 5% ×0.8 · venta 0.5–1.5%;-0,37;0,38;-0,37;-19,21;-0,6;-7,3;-18,92;0,0;-0,52
short;False;short recursive short · weak · bajista · expo 0.4 · stop 12% · reentrada 5% ×0.8 · venta 1.0–2.4%;-0,46;0,01;-0,46;-19,0;-0,29;-3,82;-11,07;6,2;-3,31
short;False;short recursive short · weak · bajista+incertidumbre · expo 0.1 · stop 5% · reentrada 2% ×0.8 · venta 0.5–1.5%;-0,45;-0,66;-0,66;-20,8;-0,18;-2,12;-7,35;0,0;-6,82
short;False;short recursive short · weak · bajista+incertidumbre · expo 0.1 · stop 5% · reentrada 2% ×0.8 · venta 1.0–2.4%;-0,18;-0,55;-0,55;-14,98;0,11;1,27;-8,18;0,0;-4,55
short;False;short recursive short · weak · bajista+incertidumbre · expo 0.1 · stop 5% · reentrada 2% ×0.8 · venta 1.0–2.4%;-0,24;-0,18;-0,24;-9,92;-0,12;-1,44;-10,46;0,0;-2,69
short;False;short recursive short · weak · bajista+incertidumbre · expo 0.1 · stop 5% · reentrada 5% ×0.8 · venta 1.0–2.4%;0,01;-0,0;-0,0;-0,22;0,0;0,02;-0,23;0,0;0,07
short;False;short recursive short · weak · bajista+incertidumbre · expo 0.1 · stop 5% · reentrada 5% ×0.8 · venta 0.5–1.5%;0,01;-0,01;-0,01;-0,26;-0,0;-0,04;-0,26;0,0;0,01
short;False;short recursive short · weak · bajista+incertidumbre · expo 0.1 · stop 5% · reentrada 2% ×0.8 · venta 0.5–1.5%;-0,38;-0,1;-0,38;-11,32;-0,1;-1,28;-7,73;0,0;-3,1
short;False;short recursive short · weak · bajista+incertidumbre · expo 0.1 · stop 12% · reentrada 2% ×0.8 · venta 0.5–1.5%;-1,32;0,0;-1,32;-24,7;0,0;0,0;0,0;0,0;-8,3
short;False;short recursive short · weak · bajista+incertidumbre · expo 0.1 · stop 8% · reentrada 2% ×0.8 · venta 1.0–2.4%;0,02;-0,36;-0,36;-10,62;-0,19;-2,39;-15,7;3,1;-2,25
short;False;short recursive short · weak · bajista+incertidumbre · expo 0.1 · stop 8% · reentrada 2% ×0.8 · venta 0.5–1.5%;-0,33;-0,24;-0,33;-13,73;-0,07;-0,87;-9,95;0,0;-3,65
short;False;short recursive short · weak · bajista+incertidumbre · expo 0.1 · stop 12% · reentrada 2% ×0.8 · venta 1.0–2.4%;-0,24;-0,62;-0,62;-19,52;-0,24;-2,97;-14,57;0,0;-5,61
short;False;short recursive short · weak · bajista+incertidumbre · expo 0.1 · stop 8% · reentrada 2% ×0.8 · venta 1.0–2.4%;-0,12;-0,31;-0,31;-11,41;0,03;0,23;-10,92;0,0;-2,76
short;False;short recursive short · weak · bajista+incertidumbre · expo 0.1 · stop 8% · reentrada 5% ×0.8 · venta 0.5–1.5%;-0,01;0,04;-0,01;-3,26;-0,09;-1,08;-5,36;0,0;0,14
short;False;short recursive short · weak · bajista+incertidumbre · expo 0.1 · stop 8% · reentrada 5% ×0.8 · venta 1.0–2.4%;-0,11;-0,06;-0,11;-5,74;-0,08;-1,04;-6,36;0,0;-1,08
short;False;short recursive short · weak · bajista+incertidumbre · expo 0.1 · stop 12% · reentrada 2% ×0.8 · venta 0.5–1.5%;-0,28;-0,1;-0,28;-11,72;0,02;0,19;-8,79;0,0;-2,54
short;False;short recursive short · weak · bajista+incertidumbre · expo 0.1 · stop 12% · reentrada 2% ×0.8 · venta 1.0–2.4%;-0,38;-0,22;-0,38;-16,26;-0,05;-0,74;-15,98;0,0;-3,96
short;False;short recursive short · weak · bajista+incertidumbre · expo 0.2 · stop 5% · reentrada 2% ×0.8 · venta 0.5–1.5%;-0,88;-0,47;-0,88;-24,95;0,0;0,0;0,0;0,0;-8,4
short;False;short recursive short · weak · bajista+incertidumbre · expo 0.2 · stop 5% · reentrada 2% ×0.8 · venta 1.0–2.4%;-0,53;-0,74;-0,74;-24,65;0,0;0,0;0,0;0,0;-8,09
short;False;short recursive short · weak · bajista+incertidumbre · expo 0.1 · stop 12% · reentrada 5% ×0.8 · venta 1.0–2.4%;-0,25;-0,22;-0,25;-10,74;-0,09;-1,06;-5,76;0,0;-2,97
short;False;short recursive short · weak · bajista+incertidumbre · expo 0.1 · stop 12% · reentrada 5% ×0.8 · venta 0.5–1.5%;-0,13;0,07;-0,13;-6,13;-0,1;-1,24;-5,31;0,0;-0,46
short;False;short recursive short · weak · bajista+incertidumbre · expo 0.2 · stop 5% · reentrada 2% ×0.8 · venta 1.0–2.4%;-0,43;-0,38;-0,43;-18,98;-0,27;-3,36;-15,65;3,1;-5,18
short;False;short recursive short · weak · bajista+incertidumbre · expo 0.2 · stop 5% · reentrada 2% ×0.8 · venta 0.5–1.5%;-0,85;-0,08;-0,85;-21,08;-0,22;-2,62;-11,58;0,0;-5,96
short;False;short recursive short · weak · bajista+incertidumbre · expo 0.2 · stop 5% · reentrada 5% ×0.8 · venta 0.5–1.5%;0,02;-0,02;-0,02;-0,52;-0,01;-0,08;-0,52;0,0;0,02
short;False;short recursive short · weak · bajista+incertidumbre · expo 0.2 · stop 5% · reentrada 5% ×0.8 · venta 1.0–2.4%;0,03;-0,01;-0,01;-0,44;0,0;0,05;-0,45;0,0;0,14
short;False;short recursive short · weak · bajista+incertidumbre · expo 0.2 · stop 8% · reentrada 2% ×0.8 · venta 1.0–2.4%;-0,03;-0,54;-0,54;-17,58;-0,3;-3,72;-15,78;3,1;-4,01
short;False;short recursive short · weak · bajista+incertidumbre · expo 0.2 · stop 8% · reentrada 2% ×0.8 · venta 1.0–2.4%;-0,27;-0,62;-0,62;-23,0;-0,19;-2,43;-16,31;3,1;-5,87
short;False;short recursive short · weak · bajista+incertidumbre · expo 0.2 · stop 12% · reentrada 2% ×0.8 · venta 0.5–1.5%;-1,33;0,0;-1,33;-24,78;0,0;0,0;0,0;0,0;-8,39
short;False;short recursive short · weak · bajista+incertidumbre · expo 0.2 · stop 8% · reentrada 2% ×0.8 · venta 0.5–1.5%;-0,54;-0,38;-0,54;-22,84;-0,19;-2,42;-14,37;0,0;-6,0
short;False;short recursive short · weak · bajista+incertidumbre · expo 0.2 · stop 12% · reentrada 2% ×0.8 · venta 1.0–2.4%;-1,11;0,0;-1,11;-24,23;0,0;0,0;0,0;0,0;-7,14
short;False;short recursive short · weak · bajista+incertidumbre · expo 0.2 · stop 8% · reentrada 5% ×0.8 · venta 1.0–2.4%;-0,15;-0,11;-0,15;-9,73;-0,19;-2,35;-13,25;0,0;-1,77
short;False;short recursive short · weak · bajista+incertidumbre · expo 0.2 · stop 8% · reentrada 5% ×0.8 · venta 0.5–1.5%;-0,02;0,07;-0,02;-6,41;-0,19;-2,3;-10,33;0,0;0,29
short;False;short recursive short · weak · bajista+incertidumbre · expo 0.28 · stop 5% · reentrada 2% ×0.8 · venta 0.5–1.5%;-1,31;0,0;-1,31;-24,77;0,0;0,0;0,0;0,0;-8,31
short;False;short recursive short · weak · bajista+incertidumbre · expo 0.28 · stop 5% · reentrada 2% ×0.8 · venta 1.0–2.4%;-1,27;0,0;-1,27;-24,85;0,0;0,0;0,0;0,0;-8,07
short;False;short recursive short · weak · bajista+incertidumbre · expo 0.2 · stop 12% · reentrada 5% ×0.8 · venta 1.0–2.4%;-0,35;-0,37;-0,37;-16,9;-0,31;-3,87;-13,51;3,1;-4,6
short;False;short recursive short · weak · bajista+incertidumbre · expo 0.2 · stop 12% · reentrada 2% ×0.8 · venta 0.5–1.5%;-0,31;-0,1;-0,31;-18,4;-0,01;-0,35;-17,57;6,2;-3,01
short;False;short recursive short · weak · bajista+incertidumbre · expo 0.2 · stop 12% · reentrada 5% ×0.8 · venta 0.5–1.5%;-0,13;0,13;-0,13;-9,45;-0,21;-2,63;-10,17;0,0;-0,11
short;False;short recursive short · weak · bajista+incertidumbre · expo 0.28 · stop 8% · reentrada 2% ×0.8 · venta 0.5–1.5%;-1,2;0,0;-1,2;-24,42;0,0;0,0;0,0;0,0;-7,64
short;False;short recursive short · weak · bajista+incertidumbre · expo 0.28 · stop 8% · reentrada 2% ×0.8 · venta 1.0–2.4%;-0,99;0,0;-0,99;-24,38;0,0;0,0;0,0;0,0;-6,43
short;False;short recursive short · weak · bajista+incertidumbre · expo 0.28 · stop 5% · reentrada 5% ×0.8 · venta 0.5–1.5%;0,03;-0,03;-0,03;-0,73;-0,01;-0,11;-0,73;0,0;0,03
short;False;short recursive short · weak · bajista+incertidumbre · expo 0.28 · stop 5% · reentrada 5% ×0.8 · venta 1.0–2.4%;0,04;-0,01;-0,01;-0,62;0,01;0,07;-0,63;0,0;0,2
short;False;short recursive short · weak · bajista+incertidumbre · expo 0.28 · stop 8% · reentrada 2% ×0.8 · venta 0.5–1.5%;-0,72;-0,38;-0,72;-23,98;0,0;0,0;0,0;0,0;-7,17
short;False;short recursive short · weak · bajista+incertidumbre · expo 0.28 · stop 8% · reentrada 2% ×0.8 · venta 1.0–2.4%;0,03;-0,57;-0,57;-21,37;-0,31;-3,89;-22,15;3,1;-3,85
short;False;short recursive short · weak · bajista+incertidumbre · expo 0.28 · stop 8% · reentrada 5% ×0.8 · venta 1.0–2.4%;-0,31;-0,14;-0,31;-15,93;-0,44;-5,31;-17,98;0,0;-3,09
short;False;short recursive short · weak · bajista+incertidumbre · expo 0.28 · stop 8% · reentrada 5% ×0.8 · venta 0.5–1.5%;-0,02;0,1;-0,02;-8,86;-0,26;-3,24;-15,05;0,0;0,4
short;False;short recursive short · weak · bajista+incertidumbre · expo 0.28 · stop 12% · reentrada 2% ×0.8 · venta 1.0–2.4%;-0,43;-0,42;-0,43;-23,31;0,0;0,0;0,0;0,0;-5,97
short;False;short recursive short · weak · bajista+incertidumbre · expo 0.28 · stop 12% · reentrada 2% ×0.8 · venta 0.5–1.5%;-0,15;0,02;-0,15;-20,04;0,12;1,09;-20,95;9,4;-1,42
short;False;short recursive short · weak · bajista+incertidumbre · expo 0.28 · stop 12% · reentrada 5% ×0.8 · venta 0.5–1.5%;-0,36;0,2;-0,36;-16,56;-0,27;-3,5;-14,59;0,0;-1,38
short;False;short recursive short · weak · bajista+incertidumbre · expo 0.4 · stop 8% · reentrada 2% ×0.8 · venta 0.5–1.5%;-1,08;0,0;-1,08;-24,19;0,0;0,0;0,0;0,0;-7,01
short;False;short recursive short · weak · bajista+incertidumbre · expo 0.4 · stop 8% · reentrada 2% ×0.8 · venta 1.0–2.4%;-0,92;0,0;-0,92;-24,25;0,0;0,0;0,0;0,0;-6,14
short;False;short recursive short · weak · bajista+incertidumbre · expo 0.4 · stop 5% · reentrada 5% ×0.8 · venta 0.5–1.5%;0,04;-0,04;-0,04;-1,04;-0,01;-0,16;-1,04;0,0;0,05
short;False;short recursive short · weak · bajista+incertidumbre · expo 0.4 · stop 5% · reentrada 5% ×0.8 · venta 1.0–2.4%;0,06;-0,02;-0,02;-0,88;0,01;0,1;-0,89;0,0;0,28
short;False;short recursive short · weak · bajista+incertidumbre · expo 0.4 · stop 8% · reentrada 2% ×0.8 · venta 0.5–1.5%;-0,78;-0,41;-0,78;-24,27;0,0;0,0;0,0;0,0;-7,7
short;False;short recursive short · weak · bajista+incertidumbre · expo 0.4 · stop 8% · reentrada 2% ×0.8 · venta 1.0–2.4%;-0,24;-0,72;-0,72;-24,47;0,0;0,0;0,0;0,0;-6,96
short;False;short recursive short · weak · bajista+incertidumbre · expo 0.4 · stop 12% · reentrada 2% ×0.8 · venta 1.0–2.4%;-1,03;0,0;-1,03;-23,66;0,0;0,0;0,0;0,0;-6,73
short;False;short recursive short · weak · bajista+incertidumbre · expo 0.4 · stop 8% · reentrada 5% ×0.8 · venta 1.0–2.4%;-0,22;-0,2;-0,22;-18,29;-0,42;-5,1;-19,3;3,1;-3,03
short;False;short recursive short · weak · bajista+incertidumbre · expo 0.4 · stop 12% · reentrada 2% ×0.8 · venta 1.0–2.4%;-0,84;0,0;-0,84;-24,63;0,0;0,0;0,0;0,0;-5,78
short;False;short recursive short · weak · bajista+incertidumbre · expo 0.4 · stop 8% · reentrada 5% ×0.8 · venta 0.5–1.5%;0,08;0,14;0,08;-10,02;-0,33;-4,17;-18,7;0,0;1,26
short;False;short recursive short · weak · bajista+incertidumbre · expo 0.4 · stop 12% · reentrada 5% ×0.8 · venta 1.0–2.4%;-0,45;-0,65;-0,65;-24,92;0,0;0,0;0,0;0,0;-7,25
short;False;short recursive short · weak · bajista+incertidumbre · expo 0.4 · stop 12% · reentrada 5% ×0.8 · venta 0.5–1.5%;-0,23;0,05;-0,23;-19,2;-0,35;-4,54;-16,13;3,1;-1,6
short;False;short recursive short · lag_short · bajista · expo 0.1 · stop 5% · reentrada 2% ×0.8 · venta 0.5–1.5%;-0,58;-0,41;-0,58;-19,34;-0,23;-2,78;-9,55;0,0;-6,14
short;False;short recursive short · lag_short · bajista · expo 0.1 · stop 5% · reentrada 2% ×0.8 · venta 1.0–2.4%;0,09;-0,25;-0,25;-8,37;-0,14;-1,69;-8,36;0,0;-1,09
short;False;short recursive short · lag_short · bajista · expo 0.1 · stop 5% · reentrada 2% ×0.8 · venta 1.0–2.4%;-0,07;-0,23;-0,23;-7,57;-0,25;-3,01;-9,73;0,0;-1,89
short;False;short recursive short · lag_short · bajista · expo 0.1 · stop 5% · reentrada 2% ×0.8 · venta 0.5–1.5%;-0,27;-0,43;-0,43;-13,88;-0,1;-1,24;-8,86;0,0;-4,35
short;False;short recursive short · lag_short · bajista · expo 0.1 · stop 5% · reentrada 5% ×0.8 · venta 0.5–1.5%;-0,0;-0,02;-0,02;-0,58;-0,01;-0,14;-0,38;0,0;-0,14
short;False;short recursive short · lag_short · bajista · expo 0.1 · stop 5% · reentrada 5% ×0.8 · venta 1.0–2.4%;0,01;-0,0;-0,0;-0,24;-0,01;-0,14;-0,39;0,0;0,02
short;False;short recursive short · lag_short · bajista · expo 0.1 · stop 8% · reentrada 2% ×0.8 · venta 0.5–1.5%;-0,44;-0,41;-0,44;-17,5;-0,18;-2,32;-11,37;0,0;-5,41
short;False;short recursive short · lag_short · bajista · expo 0.1 · stop 8% · reentrada 2% ×0.8 · venta 1.0–2.4%;0,22;-0,16;-0,16;-9,92;-0,17;-2,16;-11,61;3,1;0,18
short;False;short recursive short · lag_short · bajista · expo 0.1 · stop 12% · reentrada 2% ×0.8 · venta 0.5–1.5%;-0,68;-0,63;-0,68;-24,68;0,0;0,0;0,0;0,0;-8,29
short;False;short recursive short · lag_short · bajista · expo 0.1 · stop 8% · reentrada 2% ×0.8 · venta 0.5–1.5%;-0,5;-0,48;-0,5;-18,8;-0,1;-1,3;-9,92;0,0;-6,1
short;False;short recursive short · lag_short · bajista · expo 0.1 · stop 8% · reentrada 2% ×0.8 · venta 1.0–2.4%;-0,24;-0,45;-0,45;-15,31;-0,13;-1,68;-9,99;0,0;-4,43
short;False;short recursive short · lag_short · bajista · expo 0.1 · stop 8% · reentrada 5% ×0.8 · venta 0.5–1.5%;-0,15;-0,32;-0,32;-9,57;-0,16;-1,88;-5,79;0,0;-2,93
short;False;short recursive short · lag_short · bajista · expo 0.1 · stop 8% · reentrada 5% ×0.8 · venta 1.0–2.4%;-0,05;-0,3;-0,3;-8,12;-0,04;-0,48;-2,99;0,0;-2,19
short;False;short recursive short · lag_short · bajista · expo 0.1 · stop 12% · reentrada 2% ×0.8 · venta 1.0–2.4%;-0,13;-0,37;-0,37;-15,37;-0,16;-2,08;-12,89;6,2;-3,62
short;False;short recursive short · lag_short · bajista · expo 0.1 · stop 12% · reentrada 2% ×0.8 · venta 0.5–1.5%;-0,71;-0,62;-0,71;-24,91;0,0;0,0;0,0;0,0;-8,34
short;False;short recursive short · lag_short · bajista · expo 0.1 · stop 12% · reentrada 2% ×0.8 · venta 1.0–2.4%;-0,33;-0,5;-0,5;-17,06;-0,1;-1,38;-10,87;3,1;-5,4
short;False;short recursive short · lag_short · bajista · expo 0.2 · stop 5% · reentrada 2% ×0.8 · venta 0.5–1.5%;-0,73;-0,5;-0,73;-24,51;0,0;0,0;0,0;0,0;-7,84
short;False;short recursive short · lag_short · bajista · expo 0.1 · stop 12% · reentrada 5% ×0.8 · venta 1.0–2.4%;-0,08;-0,35;-0,35;-9,46;-0,14;-1,68;-9,45;0,0;-2,7
short;False;short recursive short · lag_short · bajista · expo 0.1 · stop 12% · reentrada 5% ×0.8 · venta 0.5–1.5%;-0,16;-0,31;-0,31;-9,53;-0,26;-3,12;-9,82;0,0;-2,99
short;False;short recursive short · lag_short · bajista · expo 0.2 · stop 5% · reentrada 2% ×0.8 · venta 1.0–2.4%;0,24;-0,4;-0,4;-14,57;-0,25;-3,16;-15,5;3,1;-1,48
short;False;short recursive short · lag_short · bajista · expo 0.2 · stop 5% · reentrada 2% ×0.8 · venta 0.5–1.5%;-0,57;-0,61;-0,61;-22,47;-0,07;-0,95;-11,54;3,1;-7,45
short;False;short recursive short · lag_short · bajista · expo 0.2 · stop 5% · reentrada 2% ×0.8 · venta 1.0–2.4%;-0,07;-0,47;-0,47;-14,72;-0,38;-4,61;-15,34;0,0;-3,64
short;False;short recursive short · lag_short · bajista · expo 0.2 · stop 5% · reentrada 5% ×0.8 · venta 0.5–1.5%;-0,01;-0,04;-0,04;-1,16;-0,02;-0,27;-0,76;0,0;-0,28
short;False;short recursive short · lag_short · bajista · expo 0.2 · stop 5% · reentrada 5% ×0.8 · venta 1.0–2.4%;0,01;-0,01;-0,01;-0,48;-0,02;-0,29;-0,79;0,0;0,03
short;False;short recursive short · lag_short · bajista · expo 0.2 · stop 12% · reentrada 2% ×0.8 · venta 0.5–1.5%;-1,23;0,0;-1,23;-24,43;0,0;0,0;0,0;0,0;-8,22
short;False;short recursive short · lag_short · bajista · expo 0.2 · stop 8% · reentrada 2% ×0.8 · venta 1.0–2.4%;0,51;-0,32;-0,32;-18,71;-0,13;-1,96;-16,31;6,2;0,47
short;False;short recursive short · lag_short · bajista · expo 0.2 · stop 8% · reentrada 5% ×0.8 · venta 0.5–1.5%;-0,29;-0,59;-0,59;-17,55;-0,28;-3,45;-9,03;0,0;-5,53
short;False;short recursive short · lag_short · bajista · expo 0.2 · stop 8% · reentrada 2% ×0.8 · venta 1.0–2.4%;-0,29;-0,79;-0,79;-24,42;-0,06;-1,0;-12,94;3,1;-7,16
short;False;short recursive short · lag_short · bajista · expo 0.2 · stop 12% · reentrada 2% ×0.8 · venta 1.0–2.4%;-1,05;0,0;-1,05;-24,89;0,0;0,0;0,0;0,0;-7,0
short;False;short recursive short · lag_short · bajista · expo 0.2 · stop 8% · reentrada 5% ×0.8 · venta 1.0–2.4%;-0,09;-0,55;-0,55;-14,81;-0,15;-1,86;-9,87;0,0;-4,06
short;False;short recursive short · lag_short · bajista · expo 0.2 · stop 12% · reentrada 2% ×0.8 · venta 1.0–2.4%;-0,15;-0,83;-0,83;-21,76;-0,15;-1,86;-7,41;0,0;-6,62
short;False;short recursive short · lag_short · bajista · expo 0.2 · stop 12% · reentrada 5% ×0.8 · venta 0.5–1.5%;-0,34;-0,76;-0,76;-21,41;-0,1;-1,22;-4,88;0,0;-7,05
short;False;short recursive short · lag_short · bajista · expo 0.28 · stop 5% · reentrada 2% ×0.8 · venta 0.5–1.5%;-1,12;0,0;-1,12;-24,74;0,0;0,0;0,0;0,0;-7,5
short;False;short recursive short · lag_short · bajista · expo 0.2 · stop 12% · reentrada 5% ×0.8 · venta 1.0–2.4%;-0,14;-0,67;-0,67;-17,87;-0,07;-0,94;-12,51;3,1;-5,15
short;False;short recursive short · lag_short · bajista · expo 0.28 · stop 5% · reentrada 2% ×0.8 · venta 0.5–1.5%;-0,68;-0,45;-0,68;-24,58;0,0;0,0;0,0;0,0;-7,31
short;False;short recursive short · lag_short · bajista · expo 0.28 · stop 5% · reentrada 2% ×0.8 · venta 1.0–2.4%;0,54;-0,78;-0,78;-22,42;-0,01;-0,19;-4,34;0,0;-2,48
short;False;short recursive short · lag_short · bajista · expo 0.28 · stop 5% · reentrada 5% ×0.8 · venta 0.5–1.5%;-0,01;-0,06;-0,06;-1,63;-0,03;-0,38;-1,07;0,0;-0,39
short;False;short recursive short · lag_short · bajista · expo 0.28 · stop 5% · reentrada 5% ×0.8 · venta 1.0–2.4%;0,02;-0,01;-0,01;-0,67;-0,03;-0,4;-1,1;0,0;0,05
short;False;short recursive short · lag_short · bajista · expo 0.28 · stop 5% · reentrada 2% ×0.8 · venta 1.0–2.4%;-0,26;-0,6;-0,6;-21,62;-0,17;-2,13;-10,77;0,0;-5,87
short;False;short recursive short · lag_short · bajista · expo 0.28 · stop 8% · reentrada 2% ×0.8 · venta 0.5–1.5%;-1,3;0,0;-1,3;-24,82;0,0;0,0;0,0;0,0;-8,41
short;False;short recursive short · lag_short · bajista · expo 0.28 · stop 8% · reentrada 2% ×0.8 · venta 1.0–2.4%;0,46;-0,39;-0,39;-24,16;0,0;0,01;-1,55;0,0;-1,05
short;False;short recursive short · lag_short · bajista · expo 0.28 · stop 8% · reentrada 5% ×0.8 · venta 1.0–2.4%;-0,11;-1,05;-1,05;-24,73;-0,05;-0,65;-1,9;0,0;-7,32
short;False;short recursive short · lag_short · bajista · expo 0.28 · stop 12% · reentrada 2% ×0.8 · venta 0.5–1.5%;-1,15;0,0;-1,15;-23,83;0,0;0,0;0,0;0,0;-7,98
short;False;short recursive short · lag_short · bajista · expo 0.28 · stop 8% · reentrada 5% ×0.8 · venta 0.5–1.5%;-0,4;-0,74;-0,74;-22,54;-0,15;-1,91;-9,19;0,0;-7,09
short;False;short recursive short · lag_short · bajista · expo 0.28 · stop 12% · reentrada 2% ×0.8 · venta 1.0–2.4%;-0,76;0,0;-0,76;-24,39;0,0;0,0;0,0;0,0;-6,24
short;False;short recursive short · lag_short · bajista · expo 0.28 · stop 12% · reentrada 2% ×0.8 · venta 1.0–2.4%;-0,3;-0,76;-0,76;-23,68;0,0;0,0;0,0;0,0;-7,91
short;False;short recursive short · lag_short · bajista · expo 0.28 · stop 12% · reentrada 5% ×0.8 · venta 0.5–1.5%;-0,49;-0,73;-0,73;-24,12;-0,01;-0,16;-0,6;0,0;-7,99
short;False;short recursive short · lag_short · bajista · expo 0.28 · stop 12% · reentrada 5% ×0.8 · venta 1.0–2.4%;-0,23;-0,91;-0,91;-24,34;0,0;0,0;0,0;0,0;-7,33
short;False;short recursive short · lag_short · bajista · expo 0.4 · stop 5% · reentrada 2% ×0.8 · venta 1.0–2.4%;-0,82;0,0;-0,82;-24,13;0,0;0,0;0,0;0,0;-5,67
short;False;short recursive short · lag_short · bajista · expo 0.4 · stop 8% · reentrada 2% ×0.8 · venta 1.0–2.4%;-0,62;0,0;-0,62;-24,65;0,0;0,0;0,0;0,0;-4,65
short;False;short recursive short · lag_short · bajista · expo 0.4 · stop 8% · reentrada 2% ×0.8 · venta 0.5–1.5%;-0,98;0,0;-0,98;-24,26;0,0;0,0;0,0;0,0;-7,37
short;False;short recursive short · lag_short · bajista · expo 0.4 · stop 5% · reentrada 2% ×0.8 · venta 1.0–2.4%;-0,42;-0,14;-0,42;-23,8;-0,24;-2,92;-14,41;3,1;-4,54
short;False;short recursive short · lag_short · bajista · expo 0.4 · stop 5% · reentrada 5% ×0.8 · venta 0.5–1.5%;-0,01;-0,08;-0,08;-2,32;-0,05;-0,55;-1,54;0,0;-0,56
short;False;short recursive short · lag_short · bajista · expo 0.4 · stop 5% · reentrada 5% ×0.8 · venta 1.0–2.4%;0,03;-0,02;-0,02;-0,96;-0,05;-0,57;-1,58;0,0;0,07
short;False;short recursive short · lag_short · bajista · expo 0.4 · stop 8% · reentrada 2% ×0.8 · venta 1.0–2.4%;-0,5;-0,32;-0,5;-23,59;0,0;0,0;0,0;0,0;-6,45
short;False;short recursive short · lag_short · bajista · expo 0.4 · stop 8% · reentrada 5% ×0.8 · venta 1.0–2.4%;0,0;-0,98;-0,98;-23,37;-0,12;-1,44;-4,41;0,0;-6,37
short;False;short recursive short · lag_short · bajista · expo 0.4 · stop 12% · reentrada 2% ×0.8 · venta 1.0–2.4%;-0,76;0,0;-0,76;-24,35;0,0;0,0;0,0;0,0;-5,4
short;False;short recursive short · lag_short · bajista · expo 0.4 · stop 12% · reentrada 2% ×0.8 · venta 1.0–2.4%;-0,96;0,0;-0,96;-22,18;0,0;0,0;0,0;0,0;-6,87
short;False;short recursive short · lag_short · bajista · expo 0.4 · stop 12% · reentrada 5% ×0.8 · venta 1.0–2.4%;-0,22;-0,84;-0,84;-24,5;0,0;0,0;0,0;0,0;-7,13
short;False;short recursive short · lag_short · bajista · expo 0.4 · stop 12% · reentrada 5% ×0.8 · venta 0.5–1.5%;-0,42;-0,49;-0,49;-19,64;-0,07;-0,91;-5,81;0,0;-6,26
short;False;short recursive short · lag_short · bajista+incertidumbre · expo 0.1 · stop 5% · reentrada 2% ×0.8 · venta 0.5–1.5%;-0,9;-0,43;-0,9;-24,71;0,0;0,0;0,0;0,0;-8,29
short;False;short recursive short · lag_short · bajista+incertidumbre · expo 0.1 · stop 8% · reentrada 2% ×0.8 · venta 0.5–1.5%;-0,95;-0,38;-0,95;-24,93;0,0;0,0;0,0;0,0;-8,38
short;False;short recursive short · lag_short · bajista+incertidumbre · expo 0.1 · stop 5% · reentrada 2% ×0.8 · venta 1.0–2.4%;-0,25;-0,26;-0,26;-11,82;-0,29;-3,46;-10,35;0,0;-3,42
short;False;short recursive short · lag_short · bajista+incertidumbre · expo 0.1 · stop 5% · reentrada 2% ×0.8 · venta 0.5–1.5%;-0,39;-0,38;-0,39;-15,09;-0,39;-4,72;-12,15;0,0;-4,82
short;False;short recursive short · lag_short · bajista+incertidumbre · expo 0.1 · stop 5% · reentrada 5% ×0.8 · venta 0.5–1.5%;-0,01;-0,02;-0,02;-0,62;-0,02;-0,2;-0,53;0,0;-0,16
short;False;short recursive short · lag_short · bajista+incertidumbre · expo 0.1 · stop 5% · reentrada 5% ×0.8 · venta 1.0–2.4%;0,0;-0,01;-0,01;-0,3;-0,01;-0,14;-0,38;0,0;-0,04
short;False;short recursive short · lag_short · bajista+incertidumbre · expo 0.1 · stop 5% · reentrada 2% ×0.8 · venta 1.0–2.4%;-0,34;-0,42;-0,42;-14,94;-0,4;-4,73;-12,42;0,0;-4,77
short;False;short recursive short · lag_short · bajista+incertidumbre · expo 0.1 · stop 8% · reentrada 2% ×0.8 · venta 1.0–2.4%;-0,52;-0,72;-0,72;-23,18;-0,05;-0,59;-2,92;0,0;-7,79
short;False;short recursive short · lag_short · bajista+incertidumbre · expo 0.1 · stop 8% · reentrada 2% ×0.8 · venta 1.0–2.4%;0,11;-0,23;-0,23;-11,12;-0,53;-6,34;-17,16;3,1;-1,07
short;False;short recursive short · lag_short · bajista+incertidumbre · expo 0.1 · stop 8% · reentrada 5% ×0.8 · venta 1.0–2.4%;-0,2;-0,45;-0,45;-12,83;-0,08;-0,98;-5,79;0,0;-4,03
short;False;short recursive short · lag_short · bajista+incertidumbre · expo 0.1 · stop 8% · reentrada 5% ×0.8 · venta 0.5–1.5%;-0,18;-0,43;-0,43;-12,48;-0,17;-2,09;-7,81;0,0;-3,82
short;False;short recursive short · lag_short · bajista+incertidumbre · expo 0.1 · stop 12% · reentrada 2% ×0.8 · venta 1.0–2.4%;-0,53;-0,49;-0,53;-21,93;-0,17;-2,21;-9,49;3,1;-6,91
short;False;short recursive short · lag_short · bajista+incertidumbre · expo 0.1 · stop 12% · reentrada 2% ×0.8 · venta 1.0–2.4%;-0,2;-0,84;-0,84;-20,66;-0,15;-1,87;-6,83;0,0;-6,51
short;False;short recursive short · lag_short · bajista+incertidumbre · expo 0.1 · stop 12% · reentrada 5% ×0.8 · venta 0.5–1.5%;-0,18;-0,39;-0,39;-11,84;-0,29;-3,56;-13,21;0,0;-3,61
short;False;short recursive short · lag_short · bajista+incertidumbre · expo 0.2 · stop 5% · reentrada 2% ×0.8 · venta 0.5–1.5%;-1,29;0,0;-1,29;-24,83;0,0;0,0;0,0;0,0;-8,41
short;False;short recursive short · lag_short · bajista+incertidumbre · expo 0.1 · stop 12% · reentrada 5% ×0.8 · venta 1.0–2.4%;-0,27;-0,46;-0,46;-15,49;-0,23;-2,78;-9,75;0,0;-4,62
short;False;short recursive short · lag_short · bajista+incertidumbre · expo 0.2 · stop 5% · reentrada 2% ×0.8 · venta 1.0–2.4%;-0,16;-0,63;-0,63;-17,56;-0,27;-3,26;-9,06;0,0;-5,59
short;False;short recursive short · lag_short · bajista+incertidumbre · expo 0.2 · stop 5% · reentrada 2% ×0.8 · venta 0.5–1.5%;-0,7;-0,58;-0,7;-24,92;0,0;0,0;0,0;0,0;-8,05
short;False;short recursive short · lag_short · bajista+incertidumbre · expo 0.2 · stop 5% · reentrada 5% ×0.8 · venta 0.5–1.5%;-0,01;-0,04;-0,04;-1,25;-0,03;-0,39;-1,06;0,0;-0,33
short;False;short recursive short · lag_short · bajista+incertidumbre · expo 0.2 · stop 5% · reentrada 5% ×0.8 · venta 1.0–2.4%;0,01;-0,02;-0,02;-0,61;-0,02;-0,28;-0,76;0,0;-0,08
short;False;short recursive short · lag_short · bajista+incertidumbre · expo 0.2 · stop 8% · reentrada 2% ×0.8 · venta 1.0–2.4%;0,3;-0,43;-0,43;-21,95;-0,27;-3,3;-9,1;0,0;-2,0
short;False;short recursive short · lag_short · bajista+incertidumbre · expo 0.2 · stop 8% · reentrada 2% ×0.8 · venta 1.0–2.4%;-0,55;-0,74;-0,74;-25,0;0,0;0,0;0,0;0,0;-8,46
short;False;short recursive short · lag_short · bajista+incertidumbre · expo 0.2 · stop 12% · reentrada 2% ×0.8 · venta 0.5–1.5%;-1,27;0,0;-1,27;-24,89;0,0;0,0;0,0;0,0;-8,43
short;False;short recursive short · lag_short · bajista+incertidumbre · expo 0.2 · stop 8% · reentrada 5% ×0.8 · venta 0.5–1.5%;-0,4;-0,84;-0,84;-23,83;-0,05;-0,56;-4,96;0,0;-7,66
short;False;short recursive short · lag_short · bajista+incertidumbre · expo 0.2 · stop 8% · reentrada 5% ×0.8 · venta 1.0–2.4%;-0,41;-0,75;-0,75;-22,33;-0,11;-1,34;-4,79;0,0;-7,27
short;False;short recursive short · lag_short · bajista+incertidumbre · expo 0.2 · stop 12% · reentrada 2% ×0.8 · venta 1.0–2.4%;-1,13;0,0;-1,13;-24,32;0,0;0,0;0,0;0,0;-7,67
short;False;short recursive short · lag_short · bajista+incertidumbre · expo 0.2 · stop 12% · reentrada 2% ×0.8 · venta 0.5–1.5%;-0,97;-0,22;-0,97;-24,74;0,0;0,0;0,0;0,0;-7,7
short;False;short recursive short · lag_short · bajista+incertidumbre · expo 0.28 · stop 5% · reentrada 2% ×0.8 · venta 0.5–1.5%;-1,3;0,0;-1,3;-24,94;0,0;0,0;0,0;0,0;-8,45
short;False;short recursive short · lag_short · bajista+incertidumbre · expo 0.2 · stop 12% · reentrada 5% ×0.8 · venta 1.0–2.4%;-0,18;-0,98;-0,98;-24,17;-0,12;-1,46;-5,1;0,0;-7,3
short;False;short recursive short · lag_short · bajista+incertidumbre · expo 0.2 · stop 12% · reentrada 5% ×0.8 · venta 0.5–1.5%;-0,32;-0,93;-0,93;-24,33;0,01;0,11;-3,09;0,0;-7,85
short;False;short recursive short · lag_short · bajista+incertidumbre · expo 0.28 · stop 5% · reentrada 2% ×0.8 · venta 1.0–2.4%;0,02;-0,52;-0,52;-22,26;-0,25;-3,05;-8,74;0,0;-4,48
short;False;short recursive short · lag_short · bajista+incertidumbre · expo 0.28 · stop 8% · reentrada 2% ×0.8 · venta 0.5–1.5%;-1,31;0,0;-1,31;-24,78;0,0;0,0;0,0;0,0;-8,39
short;False;short recursive short · lag_short · bajista+incertidumbre · expo 0.28 · stop 8% · reentrada 2% ×0.8 · venta 0.5–1.5%;-1,24;0,0;-1,24;-24,9;0,0;0,0;0,0;0,0;-8,27
short;False;short recursive short · lag_short · bajista+incertidumbre · expo 0.28 · stop 8% · reentrada 2% ×0.8 · venta 1.0–2.4%;-1,18;0,0;-1,18;-24,69;0,0;0,0;0,0;0,0;-7,75
short;False;short recursive short · lag_short · bajista+incertidumbre · expo 0.28 · stop 5% · reentrada 5% ×0.8 · venta 0.5–1.5%;-0,01;-0,06;-0,06;-1,74;-0,05;-0,55;-1,49;0,0;-0,46
short;False;short recursive short · lag_short · bajista+incertidumbre · expo 0.28 · stop 5% · reentrada 5% ×0.8 · venta 1.0–2.4%;0,01;-0,03;-0,03;-0,85;-0,03;-0,39;-1,07;0,0;-0,11
short;False;short recursive short · lag_short · bajista+incertidumbre · expo 0.28 · stop 8% · reentrada 2% ×0.8 · venta 1.0–2.4%;0,84;-0,59;-0,59;-24,08;-0,04;-0,53;-2,17;0,0;-0,23
short;False;short recursive short · lag_short · bajista+incertidumbre · expo 0.28 · stop 12% · reentrada 2% ×0.8 · venta 0.5–1.5%;-1,28;0,0;-1,28;-24,56;0,0;0,0;0,0;0,0;-8,31
short;False;short recursive short · lag_short · bajista+incertidumbre · expo 0.28 · stop 12% · reentrada 2% ×0.8 · venta 1.0–2.4%;-1,22;0,0;-1,22;-24,39;0,0;0,0;0,0;0,0;-8,21
short;False;short recursive short · lag_short · bajista+incertidumbre · expo 0.28 · stop 12% · reentrada 2% ×0.8 · venta 0.5–1.5%;-1,08;0,0;-1,08;-24,03;0,0;0,0;0,0;0,0;-7,19
short;False;short recursive short · lag_short · bajista+incertidumbre · expo 0.28 · stop 12% · reentrada 5% ×0.8 · venta 1.0–2.4%;-1,17;0,0;-1,17;-24,89;0,0;0,0;0,0;0,0;-7,7
short;False;short recursive short · lag_short · bajista+incertidumbre · expo 0.4 · stop 5% · reentrada 2% ×0.8 · venta 0.5–1.5%;-1,24;0,0;-1,24;-24,89;0,0;0,0;0,0;0,0;-8,43
short;False;short recursive short · lag_short · bajista+incertidumbre · expo 0.28 · stop 12% · reentrada 2% ×0.8 · venta 1.0–2.4%;0,66;-1,03;-1,03;-24,18;0,0;0,0;0,0;0,0;-3,24
short;False;short recursive short · lag_short · bajista+incertidumbre · expo 0.4 · stop 8% · reentrada 2% ×0.8 · venta 0.5–1.5%;-1,24;0,0;-1,24;-23,76;0,0;0,0;0,0;0,0;-8,01
dca;False;DCA BTC/ETH 100k$/año;0,05;0,86;0,05;-24,13;1,02;7,37;-44,52;40,6;5,12
short;False;short recursive short · lag_short · bajista+incertidumbre · expo 0.4 · stop 5% · reentrada 5% ×0.8 · venta 1.0–2.4%;0,01;-0,04;-0,04;-1,21;-0,05;-0,56;-1,53;0,0;-0,16
short;False;short recursive short · lag_short · bajista+incertidumbre · expo 0.4 · stop 12% · reentrada 2% ×0.8 · venta 0.5–1.5%;-1,24;0,0;-1,24;-24,01;0,0;0,0;0,0;0,0;-8,1
short;False;short recursive short · lag_short · bajista+incertidumbre · expo 0.4 · stop 5% · reentrada 5% ×0.8 · venta 0.5–1.5%;-0,02;-0,08;-0,08;-2,49;-0,07;-0,8;-2,14;0,0;-0,65
short;False;short recursive short · lag_short · bajista+incertidumbre · expo 0.4 · stop 8% · reentrada 5% ×0.8 · venta 1.0–2.4%;-0,35;-0,88;-0,88;-24,84;0,0;0,0;0,0;0,0;-8,01
short;False;short recursive short · lag_short · bajista+incertidumbre · expo 0.4 · stop 12% · reentrada 2% ×0.8 · venta 0.5–1.5%;-0,94;0,0;-0,94;-24,15;0,0;0,0;0,0;0,0;-6,76
short;False;short recursive short · lag_short · bajista+incertidumbre · expo 0.4 · stop 12% · reentrada 2% ×0.8 · venta 1.0–2.4%;1,33;-0,43;-0,43;-24,05;0,0;0,0;0,0;0,0;2,03
short;False;short recursive short · lag_short · bajista+incertidumbre · expo 0.4 · stop 12% · reentrada 5% ×0.8 · venta 0.5–1.5%;-0,28;-0,82;-0,82;-24,53;0,0;0,0;0,0;0,0;-7,47
